task_id,operation,category,geometry,semantics,topology,final_score,gt_source,class_match,best_match_guid,n_reference,n_matched,error,seconds,topology_breakdown,semantics_breakdown,geometry_breakdown,input_mb
COL-CRE-DIR-A-001,create,direct,0.0,0.0,0.0,0.0,diff,False,,1,0,,0.02850708505138755,"{""delta_node_precision"": 0.0, ""delta_node_recall"": 0.0, ""delta_node_f1"": 0.0, ""delta_edge_precision"": 0.0, ""delta_edge_recall"": 0.0, ""delta_edge_f1"": 0.0, ""delta_topology_score"": 0.0}","{""class_match"": 0.0, ""properties"": 0.0}","{""per_pair"": [0.0], ""n_gt"": 1, ""n_matched"": 0}",0.13
COL-CRE-DIR-A-002,create,direct,0.9763869501534417,0.5,1.0,0.825462316717814,diff,True,2lmhOPA2T7kPJJuAtRb0KV,1,1,,16.041810338385403,"{""delta_node_precision"": 1.0, ""delta_node_recall"": 1.0, ""delta_node_f1"": 1.0, ""delta_edge_precision"": 1.0, ""delta_edge_recall"": 1.0, ""delta_edge_f1"": 1.0, ""delta_topology_score"": 1.0}","{""class_match"": 1.0, ""properties"": 0.0}","{""per_pair"": [0.9763869501534417], ""n_gt"": 1, ""n_matched"": 1}",0.12
COL-CRE-DIR-R-001,create,direct,0.0,0.0,0.0,0.0,diff,False,,1,0,,53.70184838492423,"{""delta_node_precision"": 0.0, ""delta_node_recall"": 0.0, ""delta_node_f1"": 0.0, ""delta_edge_precision"": 0.0, ""delta_edge_recall"": 0.0, ""delta_edge_f1"": 0.0, ""delta_topology_score"": 0.0}","{""class_match"": 0.0, ""properties"": 0.0}","{""per_pair"": [0.0], ""n_gt"": 1, ""n_matched"": 0}",348.96
COL-CRE-DIR-R-002,create,direct,0.977031780730792,0.5,1.0,0.8256772602435974,diff,True,34qnPr8Z97TwTDsYfc9iKc,1,1,,1.282245404087007,"{""delta_node_precision"": 1.0, ""delta_node_recall"": 1.0, ""delta_node_f1"": 1.0, ""delta_edge_precision"": 1.0, ""delta_edge_recall"": 1.0, ""delta_edge_f1"": 1.0, ""delta_topology_score"": 1.0}","{""class_match"": 1.0, ""properties"": 0.0}","{""per_pair"": [0.977031780730792], ""n_gt"": 1, ""n_matched"": 1}",5.33
COL-CRE-SPA-A-001,create,spatial,0.0,0.0,0.0,0.0,diff,False,,1,0,,0.01992928283289075,"{""delta_node_precision"": 0.0, ""delta_node_recall"": 0.0, ""delta_node_f1"": 0.0, ""delta_edge_precision"": 0.0, ""delta_edge_recall"": 0.0, ""delta_edge_f1"": 0.0, ""delta_topology_score"": 0.0}","{""class_match"": 0.0, ""properties"": 0.0}","{""per_pair"": [0.0], ""n_gt"": 1, ""n_matched"": 0}",0.13
COL-CRE-SPA-A-002,create,spatial,0.0,0.0,0.0,0.0,diff,False,,1,0,,0.19900978077203035,"{""delta_node_precision"": 0.0, ""delta_node_recall"": 0.0, ""delta_node_f1"": 0.0, ""delta_edge_precision"": 0.0, ""delta_edge_recall"": 0.0, ""delta_edge_f1"": 0.0, ""delta_topology_score"": 0.0}","{""class_match"": 0.0, ""properties"": 0.0}","{""per_pair"": [0.0], ""n_gt"": 1, ""n_matched"": 0}",0.12
COL-CRE-SPA-R-001,create,spatial,0.0,0.0,0.0,0.0,diff,False,,1,0,,24.118798683397472,"{""delta_node_precision"": 0.0, ""delta_node_recall"": 0.0, ""delta_node_f1"": 0.0, ""delta_edge_precision"": 0.0, ""delta_edge_recall"": 0.0, ""delta_edge_f1"": 0.0, ""delta_topology_score"": 0.0}","{""class_match"": 0.0, ""properties"": 0.0}","{""per_pair"": [0.0], ""n_gt"": 1, ""n_matched"": 0}",348.96
COL-CRE-SPA-R-002,create,spatial,0.0,0.0,0.0,0.0,diff,False,,1,0,,0.49388607032597065,"{""delta_node_precision"": 0.0, ""delta_node_recall"": 0.0, ""delta_node_f1"": 0.0, ""delta_edge_precision"": 0.0, ""delta_edge_recall"": 0.0, ""delta_edge_f1"": 0.0, ""delta_topology_score"": 0.0}","{""class_match"": 0.0, ""properties"": 0.0}","{""per_pair"": [0.0], ""n_gt"": 1, ""n_matched"": 0}",5.33
COL-CRE-TOP-A-001,create,topological,0.0,0.0,0.0,0.0,diff,False,,1,0,,0.01915018679574132,"{""delta_node_precision"": 0.0, ""delta_node_recall"": 0.0, ""delta_node_f1"": 0.0, ""delta_edge_precision"": 0.0, ""delta_edge_recall"": 0.0, ""delta_edge_f1"": 0.0, ""delta_topology_score"": 0.0}","{""class_match"": 0.0, ""properties"": 0.0}","{""per_pair"": [0.0], ""n_gt"": 1, ""n_matched"": 0}",0.13
COL-CRE-TOP-A-002,create,topological,0.7028035030987837,0.5,0.7833333333333332,0.662045612144039,diff,True,0NS$f2V3P4WvCPuB45rqKU,1,1,,0.03248965786769986,"{""delta_node_precision"": 1.0, ""delta_node_recall"": 1.0, ""delta_node_f1"": 1.0, ""delta_edge_precision"": 1.0, ""delta_edge_recall"": 0.3333333333333333, ""delta_edge_f1"": 0.5, ""delta_topology_score"": 0.6499999999999999}","{""class_match"": 1.0, ""properties"": 0.0}","{""per_pair"": [0.7028035030987837], ""n_gt"": 1, ""n_matched"": 1}",0.12
COL-CRE-TOP-R-001,create,topological,0.0,0.0,0.0,0.0,diff,False,,1,0,,29.25041296891868,"{""delta_node_precision"": 0.0, ""delta_node_recall"": 0.0, ""delta_node_f1"": 0.0, ""delta_edge_precision"": 0.0, ""delta_edge_recall"": 0.0, ""delta_edge_f1"": 0.0, ""delta_topology_score"": 0.0}","{""class_match"": 0.0, ""properties"": 0.0}","{""per_pair"": [0.0], ""n_gt"": 1, ""n_matched"": 0}",348.96
COL-CRE-TOP-R-002,create,topological,0.0,0.0,0.0,0.0,diff,False,,1,0,,0.5050698472186923,"{""delta_node_precision"": 0.0, ""delta_node_recall"": 0.0, ""delta_node_f1"": 0.0, ""delta_edge_precision"": 0.0, ""delta_edge_recall"": 0.0, ""delta_edge_f1"": 0.0, ""delta_topology_score"": 0.0}","{""class_match"": 0.0, ""properties"": 0.0}","{""per_pair"": [0.0], ""n_gt"": 1, ""n_matched"": 0}",5.33
COL-DEL-DIR-A-001,delete,direct,1.0,0.0,1.0,0.6666666666666666,spec,True,,1,1,,0.05827442603185773,"{""delta_node_precision"": 1.0, ""delta_node_recall"": 1.0, ""delta_node_f1"": 1.0, ""delta_edge_precision"": 1.0, ""delta_edge_recall"": 1.0, ""delta_edge_f1"": 1.0, ""delta_topology_score"": 1.0}","{""class_match"": 0.0, ""properties"": 0.0}","{""per_pair"": [1.0], ""n_gt"": 1, ""n_matched"": 1}",0.13
COL-DEL-DIR-A-002,delete,direct,1.0,0.0,0.4953741496598639,0.49845804988662135,spec,True,,1,1,,0.041544409934431314,"{""delta_node_precision"": 0.3333333333333333, ""delta_node_recall"": 1.0, ""delta_node_f1"": 0.5, ""delta_edge_precision"": 0.12, ""delta_edge_recall"": 1.0, ""delta_edge_f1"": 0.21428571428571425, ""delta_topology_score"": 0.29999999999999993}","{""class_match"": 0.0, ""properties"": 0.0}","{""per_pair"": [1.0], ""n_gt"": 1, ""n_matched"": 1}",0.14
COL-DEL-DIR-R-001,delete,direct,1.0,0.0,1.0,0.6666666666666666,spec,True,,1,1,,76.30939452396706,"{""delta_node_precision"": 1.0, ""delta_node_recall"": 1.0, ""delta_node_f1"": 1.0, ""delta_edge_precision"": 1.0, ""delta_edge_recall"": 1.0, ""delta_edge_f1"": 1.0, ""delta_topology_score"": 1.0}","{""class_match"": 0.0, ""properties"": 0.0}","{""per_pair"": [1.0], ""n_gt"": 1, ""n_matched"": 1}",349.08
COL-DEL-DIR-R-002,delete,direct,1.0,0.0,0.4413971742543171,0.480465724751439,spec,True,,1,1,,2.2907055020332336,"{""delta_node_precision"": 0.25, ""delta_node_recall"": 1.0, ""delta_node_f1"": 0.4, ""delta_edge_precision"": 0.07692307692307693, ""delta_edge_recall"": 1.0, ""delta_edge_f1"": 0.14285714285714288, ""delta_topology_score"": 0.22}","{""class_match"": 0.0, ""properties"": 0.0}","{""per_pair"": [1.0], ""n_gt"": 1, ""n_matched"": 1}",5.33
COL-DEL-SPA-A-001,delete,spatial,0.0,1.0,0.0,0.3333333333333333,spec,False,,1,0,,0.024776966776698828,"{""delta_node_precision"": 0.0, ""delta_node_recall"": 0.0, ""delta_node_f1"": 0.0, ""delta_edge_precision"": 0.0, ""delta_edge_recall"": 0.0, ""delta_edge_f1"": 0.0, ""delta_topology_score"": 0.0}","{""class_match"": 1.0, ""properties"": 1.0}","{""per_pair"": [0.0], ""n_gt"": 1, ""n_matched"": 0}",0.13
COL-DEL-SPA-A-002,delete,spatial,0.0,1.0,0.0,0.3333333333333333,spec,False,,1,0,,0.013349618762731552,"{""delta_node_precision"": 0.0, ""delta_node_recall"": 0.0, ""delta_node_f1"": 0.0, ""delta_edge_precision"": 0.0, ""delta_edge_recall"": 0.0, ""delta_edge_f1"": 0.0, ""delta_topology_score"": 0.0}","{""class_match"": 1.0, ""properties"": 1.0}","{""per_pair"": [0.0], ""n_gt"": 1, ""n_matched"": 0}",0.14
COL-DEL-SPA-R-001,delete,spatial,0.0,1.0,0.0,0.3333333333333333,spec,False,,1,0,,42.25662136590108,"{""delta_node_precision"": 0.0, ""delta_node_recall"": 0.0, ""delta_node_f1"": 0.0, ""delta_edge_precision"": 0.0, ""delta_edge_recall"": 0.0, ""delta_edge_f1"": 0.0, ""delta_topology_score"": 0.0}","{""class_match"": 1.0, ""properties"": 1.0}","{""per_pair"": [0.0], ""n_gt"": 1, ""n_matched"": 0}",349.08
COL-DEL-SPA-R-002,delete,spatial,0.0,1.0,0.0,0.3333333333333333,spec,False,,1,0,,0.6762612243182957,"{""delta_node_precision"": 0.0, ""delta_node_recall"": 0.0, ""delta_node_f1"": 0.0, ""delta_edge_precision"": 0.0, ""delta_edge_recall"": 0.0, ""delta_edge_f1"": 0.0, ""delta_topology_score"": 0.0}","{""class_match"": 1.0, ""properties"": 1.0}","{""per_pair"": [0.0], ""n_gt"": 1, ""n_matched"": 0}",5.33
COL-DEL-TOP-A-001,delete,topological,0.0,1.0,0.0,0.3333333333333333,spec,False,,1,0,,0.024892290122807026,"{""delta_node_precision"": 0.0, ""delta_node_recall"": 0.0, ""delta_node_f1"": 0.0, ""delta_edge_precision"": 0.0, ""delta_edge_recall"": 0.0, ""delta_edge_f1"": 0.0, ""delta_topology_score"": 0.0}","{""class_match"": 1.0, ""properties"": 1.0}","{""per_pair"": [0.0], ""n_gt"": 1, ""n_matched"": 0}",0.13
COL-DEL-TOP-A-002,delete,topological,1.0,0.0,1.0,0.6666666666666666,spec,True,,1,1,,0.010441114660352468,"{""delta_node_precision"": 1.0, ""delta_node_recall"": 1.0, ""delta_node_f1"": 1.0, ""delta_edge_precision"": 1.0, ""delta_edge_recall"": 1.0, ""delta_edge_f1"": 1.0, ""delta_topology_score"": 1.0}","{""class_match"": 0.0, ""properties"": 0.0}","{""per_pair"": [1.0], ""n_gt"": 1, ""n_matched"": 1}",0.14
COL-DEL-TOP-R-001,delete,topological,1.0,0.0,1.0,0.6666666666666666,spec,True,,1,1,,43.3971512792632,"{""delta_node_precision"": 1.0, ""delta_node_recall"": 1.0, ""delta_node_f1"": 1.0, ""delta_edge_precision"": 1.0, ""delta_edge_recall"": 1.0, ""delta_edge_f1"": 1.0, ""delta_topology_score"": 1.0}","{""class_match"": 0.0, ""properties"": 0.0}","{""per_pair"": [1.0], ""n_gt"": 1, ""n_matched"": 1}",349.08
COL-DEL-TOP-R-002,delete,topological,1.0,0.0,1.0,0.6666666666666666,spec,True,,1,1,,0.6311940127052367,"{""delta_node_precision"": 1.0, ""delta_node_recall"": 1.0, ""delta_node_f1"": 1.0, ""delta_edge_precision"": 1.0, ""delta_edge_recall"": 1.0, ""delta_edge_f1"": 1.0, ""delta_topology_score"": 1.0}","{""class_match"": 0.0, ""properties"": 0.0}","{""per_pair"": [1.0], ""n_gt"": 1, ""n_matched"": 1}",5.33
COL-UPD-DIR-A-001,update,direct,0.0,0.0,0.0,0.0,spec,False,,1,0,,0.04919587168842554,"{""delta_node_precision"": 0.0, ""delta_node_recall"": 0.0, ""delta_node_f1"": 0.0, ""delta_edge_precision"": 0.0, ""delta_edge_recall"": 0.0, ""delta_edge_f1"": 0.0, ""delta_topology_score"": 0.0}","{""class_match"": 0.0, ""properties"": 0.0}","{""per_pair"": [0.0], ""n_gt"": 1, ""n_matched"": 0}",0.14
COL-UPD-DIR-A-002,update,direct,1.0,1.0,1.0,1.0,spec,True,2$e8udr$D3w9y2FOxedsKA,1,1,,0.15823682583868504,"{""delta_node_precision"": 1.0, ""delta_node_recall"": 1.0, ""delta_node_f1"": 1.0, ""delta_edge_precision"": 1.0, ""delta_edge_recall"": 1.0, ""delta_edge_f1"": 1.0, ""delta_topology_score"": 1.0}","{""class_match"": 1.0, ""properties"": 1.0}","{""per_pair"": [1.0], ""n_gt"": 1, ""n_matched"": 1}",0.22
COL-UPD-DIR-R-001,update,direct,0.999916204361774,1.0,1.0,0.9999720681205914,spec,True,16lgaIqan5BeMYyMYTHdSc,1,1,,64.16085272980854,"{""delta_node_precision"": 1.0, ""delta_node_recall"": 1.0, ""delta_node_f1"": 1.0, ""delta_edge_precision"": 1.0, ""delta_edge_recall"": 1.0, ""delta_edge_f1"": 1.0, ""delta_topology_score"": 1.0}","{""class_match"": 1.0, ""properties"": 1.0}","{""per_pair"": [0.999916204361774], ""n_gt"": 1, ""n_matched"": 1}",349.08
COL-UPD-DIR-R-002,update,direct,1.0,1.0,1.0,1.0,spec,True,00yrLiRn90MQI8Q5LMWRlo,1,1,,1.2803343134000897,"{""delta_node_precision"": 1.0, ""delta_node_recall"": 1.0, ""delta_node_f1"": 1.0, ""delta_edge_precision"": 1.0, ""delta_edge_recall"": 1.0, ""delta_edge_f1"": 1.0, ""delta_topology_score"": 1.0}","{""class_match"": 1.0, ""properties"": 1.0}","{""per_pair"": [1.0], ""n_gt"": 1, ""n_matched"": 1}",5.33
COL-UPD-SPA-A-001,update,spatial,0.0,0.0,0.0,0.0,spec,False,,1,0,,0.03452282398939133,"{""delta_node_precision"": 0.0, ""delta_node_recall"": 0.0, ""delta_node_f1"": 0.0, ""delta_edge_precision"": 0.0, ""delta_edge_recall"": 0.0, ""delta_edge_f1"": 0.0, ""delta_topology_score"": 0.0}","{""class_match"": 0.0, ""properties"": 0.0}","{""per_pair"": [0.0], ""n_gt"": 1, ""n_matched"": 0}",0.14
COL-UPD-SPA-A-002,update,spatial,0.0,0.0,0.0,0.0,spec,False,,1,0,,0.018594556953758,"{""delta_node_precision"": 0.0, ""delta_node_recall"": 0.0, ""delta_node_f1"": 0.0, ""delta_edge_precision"": 0.0, ""delta_edge_recall"": 0.0, ""delta_edge_f1"": 0.0, ""delta_topology_score"": 0.0}","{""class_match"": 0.0, ""properties"": 0.0}","{""per_pair"": [0.0], ""n_gt"": 1, ""n_matched"": 0}",0.22
COL-UPD-SPA-R-001,update,spatial,0.7561368534483742,1.0,0.5285714285714286,0.7615694273399343,spec,True,16lgaIqan5BeMYyMYTHdSc,1,1,,37.585139972157776,"{""delta_node_precision"": 0.0, ""delta_node_recall"": 0.0, ""delta_node_f1"": 0.0, ""delta_edge_precision"": 1.0, ""delta_edge_recall"": 1.0, ""delta_edge_f1"": 1.0, ""delta_topology_score"": 0.7}","{""class_match"": 1.0, ""properties"": 1.0}","{""per_pair"": [0.7561368534483742], ""n_gt"": 1, ""n_matched"": 1}",349.08
COL-UPD-SPA-R-002,update,spatial,1.0,1.0,1.0,1.0,spec,True,00yrLiRn90MQI8Q5LMWRlo,1,1,,0.6177972727455199,"{""delta_node_precision"": 1.0, ""delta_node_recall"": 1.0, ""delta_node_f1"": 1.0, ""delta_edge_precision"": 1.0, ""delta_edge_recall"": 1.0, ""delta_edge_f1"": 1.0, ""delta_topology_score"": 1.0}","{""class_match"": 1.0, ""properties"": 1.0}","{""per_pair"": [1.0], ""n_gt"": 1, ""n_matched"": 1}",5.33
COL-UPD-TOP-A-001,update,topological,0.0,0.0,0.0,0.0,spec,False,,1,0,,0.03225697623565793,"{""delta_node_precision"": 0.0, ""delta_node_recall"": 0.0, ""delta_node_f1"": 0.0, ""delta_edge_precision"": 0.0, ""delta_edge_recall"": 0.0, ""delta_edge_f1"": 0.0, ""delta_topology_score"": 0.0}","{""class_match"": 0.0, ""properties"": 0.0}","{""per_pair"": [0.0], ""n_gt"": 1, ""n_matched"": 0}",0.14
COL-UPD-TOP-A-002,update,topological,0.0,0.0,0.0,0.0,spec,False,,1,0,,0.018091598991304636,"{""delta_node_precision"": 0.0, ""delta_node_recall"": 0.0, ""delta_node_f1"": 0.0, ""delta_edge_precision"": 0.0, ""delta_edge_recall"": 0.0, ""delta_edge_f1"": 0.0, ""delta_topology_score"": 0.0}","{""class_match"": 0.0, ""properties"": 0.0}","{""per_pair"": [0.0], ""n_gt"": 1, ""n_matched"": 0}",0.22
COL-UPD-TOP-R-001,update,topological,0.999916204361774,1.0,1.0,0.9999720681205914,spec,True,16lgaIqan5BeMYyMYTHdSc,1,1,,41.034604250919074,"{""delta_node_precision"": 1.0, ""delta_node_recall"": 1.0, ""delta_node_f1"": 1.0, ""delta_edge_precision"": 1.0, ""delta_edge_recall"": 1.0, ""delta_edge_f1"": 1.0, ""delta_topology_score"": 1.0}","{""class_match"": 1.0, ""properties"": 1.0}","{""per_pair"": [0.999916204361774], ""n_gt"": 1, ""n_matched"": 1}",349.08
COL-UPD-TOP-R-002,update,topological,0.0,0.0,0.0,0.0,spec,False,,1,0,,0.6163052399642766,"{""delta_node_precision"": 0.0, ""delta_node_recall"": 0.0, ""delta_node_f1"": 0.0, ""delta_edge_precision"": 0.0, ""delta_edge_recall"": 0.0, ""delta_edge_f1"": 0.0, ""delta_topology_score"": 0.0}","{""class_match"": 0.0, ""properties"": 0.0}","{""per_pair"": [0.0], ""n_gt"": 1, ""n_matched"": 0}",5.33
DOR-CRE-DIR-A-001,create,direct,0.0,0.0,0.0,0.0,diff,False,,1,0,,0.22724250564351678,"{""delta_node_precision"": 0.0, ""delta_node_recall"": 0.0, ""delta_node_f1"": 0.0, ""delta_edge_precision"": 0.0, ""delta_edge_recall"": 0.0, ""delta_edge_f1"": 0.0, ""delta_topology_score"": 0.0}","{""class_match"": 0.0, ""properties"": 0.0}","{""per_pair"": [0.0], ""n_gt"": 1, ""n_matched"": 0}",0.41
DOR-CRE-DIR-A-002,create,direct,0.0,0.0,0.0,0.0,diff,False,,1,0,,0.09332569735124707,"{""delta_node_precision"": 0.0, ""delta_node_recall"": 0.0, ""delta_node_f1"": 0.0, ""delta_edge_precision"": 0.0, ""delta_edge_recall"": 0.0, ""delta_edge_f1"": 0.0, ""delta_topology_score"": 0.0}","{""class_match"": 0.0, ""properties"": 0.0}","{""per_pair"": [0.0], ""n_gt"": 1, ""n_matched"": 0}",0.2
DOR-CRE-DIR-A-003,create,direct,0.0,0.0,0.0,0.0,diff,False,,1,0,,0.08970062993466854,"{""delta_node_precision"": 0.0, ""delta_node_recall"": 0.0, ""delta_node_f1"": 0.0, ""delta_edge_precision"": 0.0, ""delta_edge_recall"": 0.0, ""delta_edge_f1"": 0.0, ""delta_topology_score"": 0.0}","{""class_match"": 0.0, ""properties"": 0.0}","{""per_pair"": [0.0], ""n_gt"": 1, ""n_matched"": 0}",0.14
DOR-CRE-DIR-R-001,create,direct,0.0,0.0,0.0,0.0,diff,False,,1,0,,2.6131060859188437,"{""delta_node_precision"": 0.0, ""delta_node_recall"": 0.0, ""delta_node_f1"": 0.0, ""delta_edge_precision"": 0.0, ""delta_edge_recall"": 0.0, ""delta_edge_f1"": 0.0, ""delta_topology_score"": 0.0}","{""class_match"": 0.0, ""properties"": 0.0}","{""per_pair"": [0.0], ""n_gt"": 1, ""n_matched"": 0}",16.1
DOR-CRE-DIR-R-002,create,direct,0.0,0.0,0.0,0.0,diff,False,,1,0,,0.9771622670814395,"{""delta_node_precision"": 0.0, ""delta_node_recall"": 0.0, ""delta_node_f1"": 0.0, ""delta_edge_precision"": 0.0, ""delta_edge_recall"": 0.0, ""delta_edge_f1"": 0.0, ""delta_topology_score"": 0.0}","{""class_match"": 0.0, ""properties"": 0.0}","{""per_pair"": [0.0], ""n_gt"": 1, ""n_matched"": 0}",5.32
DOR-CRE-DIR-R-003,create,direct,0.0,0.0,0.0,0.0,diff,False,,1,0,,16.07051082700491,"{""delta_node_precision"": 0.0, ""delta_node_recall"": 0.0, ""delta_node_f1"": 0.0, ""delta_edge_precision"": 0.0, ""delta_edge_recall"": 0.0, ""delta_edge_f1"": 0.0, ""delta_topology_score"": 0.0}","{""class_match"": 0.0, ""properties"": 0.0}","{""per_pair"": [0.0], ""n_gt"": 1, ""n_matched"": 0}",5.26
DOR-CRE-SPA-A-001,create,spatial,0.0,0.0,0.0,0.0,diff,False,,1,0,,0.05175311490893364,"{""delta_node_precision"": 0.0, ""delta_node_recall"": 0.0, ""delta_node_f1"": 0.0, ""delta_edge_precision"": 0.0, ""delta_edge_recall"": 0.0, ""delta_edge_f1"": 0.0, ""delta_topology_score"": 0.0}","{""class_match"": 0.0, ""properties"": 0.0}","{""per_pair"": [0.0], ""n_gt"": 1, ""n_matched"": 0}",0.41
DOR-CRE-SPA-A-002,create,spatial,0.0,0.0,0.0,0.0,diff,False,,1,0,,0.02227719221264124,"{""delta_node_precision"": 0.0, ""delta_node_recall"": 0.0, ""delta_node_f1"": 0.0, ""delta_edge_precision"": 0.0, ""delta_edge_recall"": 0.0, ""delta_edge_f1"": 0.0, ""delta_topology_score"": 0.0}","{""class_match"": 0.0, ""properties"": 0.0}","{""per_pair"": [0.0], ""n_gt"": 1, ""n_matched"": 0}",0.2
DOR-CRE-SPA-A-003,create,spatial,0.0,0.0,0.0,0.0,diff,False,,1,0,,0.015223091933876276,"{""delta_node_precision"": 0.0, ""delta_node_recall"": 0.0, ""delta_node_f1"": 0.0, ""delta_edge_precision"": 0.0, ""delta_edge_recall"": 0.0, ""delta_edge_f1"": 0.0, ""delta_topology_score"": 0.0}","{""class_match"": 0.0, ""properties"": 0.0}","{""per_pair"": [0.0], ""n_gt"": 1, ""n_matched"": 0}",0.14
DOR-CRE-SPA-R-001,create,spatial,0.0,0.0,0.0,0.0,diff,False,,1,0,,1.1698981649242342,"{""delta_node_precision"": 0.0, ""delta_node_recall"": 0.0, ""delta_node_f1"": 0.0, ""delta_edge_precision"": 0.0, ""delta_edge_recall"": 0.0, ""delta_edge_f1"": 0.0, ""delta_topology_score"": 0.0}","{""class_match"": 0.0, ""properties"": 0.0}","{""per_pair"": [0.0], ""n_gt"": 1, ""n_matched"": 0}",16.1
DOR-CRE-SPA-R-002,create,spatial,0.0,0.0,0.0,0.0,diff,False,,1,0,,0.4018851723521948,"{""delta_node_precision"": 0.0, ""delta_node_recall"": 0.0, ""delta_node_f1"": 0.0, ""delta_edge_precision"": 0.0, ""delta_edge_recall"": 0.0, ""delta_edge_f1"": 0.0, ""delta_topology_score"": 0.0}","{""class_match"": 0.0, ""properties"": 0.0}","{""per_pair"": [0.0], ""n_gt"": 1, ""n_matched"": 0}",5.32
DOR-CRE-SPA-R-003,create,spatial,0.0,0.0,0.0,0.0,diff,False,,1,0,,0.8936532479710877,"{""delta_node_precision"": 0.0, ""delta_node_recall"": 0.0, ""delta_node_f1"": 0.0, ""delta_edge_precision"": 0.0, ""delta_edge_recall"": 0.0, ""delta_edge_f1"": 0.0, ""delta_topology_score"": 0.0}","{""class_match"": 0.0, ""properties"": 0.0}","{""per_pair"": [0.0], ""n_gt"": 1, ""n_matched"": 0}",5.26
DOR-CRE-TOP-A-001,create,topological,0.0,0.0,0.0,0.0,diff,False,,1,0,,0.05098346387967467,"{""delta_node_precision"": 0.0, ""delta_node_recall"": 0.0, ""delta_node_f1"": 0.0, ""delta_edge_precision"": 0.0, ""delta_edge_recall"": 0.0, ""delta_edge_f1"": 0.0, ""delta_topology_score"": 0.0}","{""class_match"": 0.0, ""properties"": 0.0}","{""per_pair"": [0.0], ""n_gt"": 1, ""n_matched"": 0}",0.41
DOR-CRE-TOP-A-002,create,topological,0.0,0.0,0.0,0.0,diff,False,,1,0,,0.024647583719342947,"{""delta_node_precision"": 0.0, ""delta_node_recall"": 0.0, ""delta_node_f1"": 0.0, ""delta_edge_precision"": 0.0, ""delta_edge_recall"": 0.0, ""delta_edge_f1"": 0.0, ""delta_topology_score"": 0.0}","{""class_match"": 0.0, ""properties"": 0.0}","{""per_pair"": [0.0], ""n_gt"": 1, ""n_matched"": 0}",0.2
DOR-CRE-TOP-A-003,create,topological,0.0,0.0,0.0,0.0,diff,False,,1,0,,0.01073860190808773,"{""delta_node_precision"": 0.0, ""delta_node_recall"": 0.0, ""delta_node_f1"": 0.0, ""delta_edge_precision"": 0.0, ""delta_edge_recall"": 0.0, ""delta_edge_f1"": 0.0, ""delta_topology_score"": 0.0}","{""class_match"": 0.0, ""properties"": 0.0}","{""per_pair"": [0.0], ""n_gt"": 1, ""n_matched"": 0}",0.14
DOR-CRE-TOP-R-001,create,topological,0.709189784021615,0.55,0.666991341991342,0.6420603753376524,diff,True,1EKzSTdRL61vsswegK$90L,1,1,,1.2626442620530725,"{""delta_node_precision"": 1.0, ""delta_node_recall"": 0.5, ""delta_node_f1"": 0.6666666666666666, ""delta_edge_precision"": 1.0, ""delta_edge_recall"": 0.375, ""delta_edge_f1"": 0.5454545454545454, ""delta_topology_score"": 0.5818181818181818}","{""class_match"": 1.0, ""properties"": 0.1}","{""per_pair"": [0.709189784021615], ""n_gt"": 1, ""n_matched"": 1}",16.1
DOR-CRE-TOP-R-002,create,topological,0.0,0.0,0.0,0.0,diff,False,,1,0,,0.43899454828351736,"{""delta_node_precision"": 0.0, ""delta_node_recall"": 0.0, ""delta_node_f1"": 0.0, ""delta_edge_precision"": 0.0, ""delta_edge_recall"": 0.0, ""delta_edge_f1"": 0.0, ""delta_topology_score"": 0.0}","{""class_match"": 0.0, ""properties"": 0.0}","{""per_pair"": [0.0], ""n_gt"": 1, ""n_matched"": 0}",5.32
DOR-CRE-TOP-R-003,create,topological,0.0,0.0,0.0,0.0,diff,False,,1,0,,0.7650832878425717,"{""delta_node_precision"": 0.0, ""delta_node_recall"": 0.0, ""delta_node_f1"": 0.0, ""delta_edge_precision"": 0.0, ""delta_edge_recall"": 0.0, ""delta_edge_f1"": 0.0, ""delta_topology_score"": 0.0}","{""class_match"": 0.0, ""properties"": 0.0}","{""per_pair"": [0.0], ""n_gt"": 1, ""n_matched"": 0}",5.26
DOR-DEL-DIR-A-001,delete,direct,1.0,0.0,1.0,0.6666666666666666,spec,True,,1,1,,0.1400519940070808,"{""delta_node_precision"": 1.0, ""delta_node_recall"": 1.0, ""delta_node_f1"": 1.0, ""delta_edge_precision"": 1.0, ""delta_edge_recall"": 1.0, ""delta_edge_f1"": 1.0, ""delta_topology_score"": 1.0}","{""class_match"": 0.0, ""properties"": 0.0}","{""per_pair"": [1.0], ""n_gt"": 1, ""n_matched"": 1}",0.14
DOR-DEL-DIR-A-002,delete,direct,1.0,0.0,1.0,0.6666666666666666,spec,True,,1,1,,0.12952690105885267,"{""delta_node_precision"": 1.0, ""delta_node_recall"": 1.0, ""delta_node_f1"": 1.0, ""delta_edge_precision"": 1.0, ""delta_edge_recall"": 1.0, ""delta_edge_f1"": 1.0, ""delta_topology_score"": 1.0}","{""class_match"": 0.0, ""properties"": 0.0}","{""per_pair"": [1.0], ""n_gt"": 1, ""n_matched"": 1}",0.22
DOR-DEL-DIR-R-001,delete,direct,0.0,1.0,0.0,0.3333333333333333,spec,False,,1,0,,5.956796254962683,"{""delta_node_precision"": 0.0, ""delta_node_recall"": 0.0, ""delta_node_f1"": 0.0, ""delta_edge_precision"": 0.0, ""delta_edge_recall"": 0.0, ""delta_edge_f1"": 0.0, ""delta_topology_score"": 0.0}","{""class_match"": 1.0, ""properties"": 1.0}","{""per_pair"": [0.0], ""n_gt"": 1, ""n_matched"": 0}",16.92
DOR-DEL-DIR-R-002,delete,direct,1.0,0.0,1.0,0.6666666666666666,spec,True,,1,1,,2.0839371690526605,"{""delta_node_precision"": 1.0, ""delta_node_recall"": 1.0, ""delta_node_f1"": 1.0, ""delta_edge_precision"": 1.0, ""delta_edge_recall"": 1.0, ""delta_edge_f1"": 1.0, ""delta_topology_score"": 1.0}","{""class_match"": 0.0, ""properties"": 0.0}","{""per_pair"": [1.0], ""n_gt"": 1, ""n_matched"": 1}",5.26
DOR-DEL-SPA-A-001,delete,spatial,0.0,1.0,0.0,0.3333333333333333,spec,False,,1,0,,0.09024876495823264,"{""delta_node_precision"": 0.0, ""delta_node_recall"": 0.0, ""delta_node_f1"": 0.0, ""delta_edge_precision"": 0.0, ""delta_edge_recall"": 0.0, ""delta_edge_f1"": 0.0, ""delta_topology_score"": 0.0}","{""class_match"": 1.0, ""properties"": 1.0}","{""per_pair"": [0.0], ""n_gt"": 1, ""n_matched"": 0}",0.14
DOR-DEL-SPA-A-002,delete,spatial,0.0,1.0,0.0,0.3333333333333333,spec,False,,1,0,,0.10936503577977419,"{""delta_node_precision"": 0.0, ""delta_node_recall"": 0.0, ""delta_node_f1"": 0.0, ""delta_edge_precision"": 0.0, ""delta_edge_recall"": 0.0, ""delta_edge_f1"": 0.0, ""delta_topology_score"": 0.0}","{""class_match"": 1.0, ""properties"": 1.0}","{""per_pair"": [0.0], ""n_gt"": 1, ""n_matched"": 0}",0.22
DOR-DEL-SPA-R-001,delete,spatial,0.0,1.0,0.0,0.3333333333333333,spec,False,,1,0,,2.2961430428549647,"{""delta_node_precision"": 0.0, ""delta_node_recall"": 0.0, ""delta_node_f1"": 0.0, ""delta_edge_precision"": 0.0, ""delta_edge_recall"": 0.0, ""delta_edge_f1"": 0.0, ""delta_topology_score"": 0.0}","{""class_match"": 1.0, ""properties"": 1.0}","{""per_pair"": [0.0], ""n_gt"": 1, ""n_matched"": 0}",16.92
DOR-DEL-SPA-R-002,delete,spatial,0.0,1.0,0.0,0.3333333333333333,spec,False,,1,0,,0.7337233112193644,"{""delta_node_precision"": 0.0, ""delta_node_recall"": 0.0, ""delta_node_f1"": 0.0, ""delta_edge_precision"": 0.0, ""delta_edge_recall"": 0.0, ""delta_edge_f1"": 0.0, ""delta_topology_score"": 0.0}","{""class_match"": 1.0, ""properties"": 1.0}","{""per_pair"": [0.0], ""n_gt"": 1, ""n_matched"": 0}",5.26
DOR-DEL-TOP-A-001,delete,topological,1.0,0.0,0.6938949938949938,0.5646316646316646,spec,True,,1,1,,0.018115003127604723,"{""delta_node_precision"": 0.5, ""delta_node_recall"": 1.0, ""delta_node_f1"": 0.6666666666666666, ""delta_edge_precision"": 0.4444444444444444, ""delta_edge_recall"": 1.0, ""delta_edge_f1"": 0.6153846153846153, ""delta_topology_score"": 0.6307692307692306}","{""class_match"": 0.0, ""properties"": 0.0}","{""per_pair"": [1.0], ""n_gt"": 1, ""n_matched"": 1}",0.14
DOR-DEL-TOP-A-002,delete,topological,1.0,0.0,1.0,0.6666666666666666,spec,True,,1,1,,0.016033174004405737,"{""delta_node_precision"": 1.0, ""delta_node_recall"": 1.0, ""delta_node_f1"": 1.0, ""delta_edge_precision"": 1.0, ""delta_edge_recall"": 1.0, ""delta_edge_f1"": 1.0, ""delta_topology_score"": 1.0}","{""class_match"": 0.0, ""properties"": 0.0}","{""per_pair"": [1.0], ""n_gt"": 1, ""n_matched"": 1}",0.22
DOR-DEL-TOP-R-001,delete,topological,0.0,1.0,0.0,0.3333333333333333,spec,False,,1,0,,2.2439309558831155,"{""delta_node_precision"": 0.0, ""delta_node_recall"": 0.0, ""delta_node_f1"": 0.0, ""delta_edge_precision"": 0.0, ""delta_edge_recall"": 0.0, ""delta_edge_f1"": 0.0, ""delta_topology_score"": 0.0}","{""class_match"": 1.0, ""properties"": 1.0}","{""per_pair"": [0.0], ""n_gt"": 1, ""n_matched"": 0}",16.92
DOR-DEL-TOP-R-002,delete,topological,1.0,0.0,1.0,0.6666666666666666,spec,True,,1,1,,0.6239499179646373,"{""delta_node_precision"": 1.0, ""delta_node_recall"": 1.0, ""delta_node_f1"": 1.0, ""delta_edge_precision"": 1.0, ""delta_edge_recall"": 1.0, ""delta_edge_f1"": 1.0, ""delta_topology_score"": 1.0}","{""class_match"": 0.0, ""properties"": 0.0}","{""per_pair"": [1.0], ""n_gt"": 1, ""n_matched"": 1}",5.26
DOR-UPD-DIR-A-001,update,direct,0.9999999999999876,1.0,1.0,0.9999999999999959,spec,True,3weZ9R4j52LPSdY$3bzEMo,1,1,,1.4346303790807724,"{""delta_node_precision"": 1.0, ""delta_node_recall"": 1.0, ""delta_node_f1"": 1.0, ""delta_edge_precision"": 1.0, ""delta_edge_recall"": 1.0, ""delta_edge_f1"": 1.0, ""delta_topology_score"": 1.0}","{""class_match"": 1.0, ""properties"": 1.0}","{""per_pair"": [0.9999999999999876], ""n_gt"": 1, ""n_matched"": 1}",0.22
DOR-UPD-DIR-R-001,update,direct,0.9999999999999848,1.0,1.0,0.999999999999995,spec,True,2AGvcvmtT5tuw78WQbzQMZ,1,1,,1.6294488906860352,"{""delta_node_precision"": 1.0, ""delta_node_recall"": 1.0, ""delta_node_f1"": 1.0, ""delta_edge_precision"": 1.0, ""delta_edge_recall"": 1.0, ""delta_edge_f1"": 1.0, ""delta_topology_score"": 1.0}","{""class_match"": 1.0, ""properties"": 1.0}","{""per_pair"": [0.9999999999999848], ""n_gt"": 1, ""n_matched"": 1}",5.26
DOR-UPD-SPA-A-001,update,spatial,0.8890910286697021,1.0,0.5285714285714286,0.8058874857470436,spec,True,3weZ9R4j52LPSdY$3bzEMo,1,1,,0.22868612222373486,"{""delta_node_precision"": 0.0, ""delta_node_recall"": 0.0, ""delta_node_f1"": 0.0, ""delta_edge_precision"": 1.0, ""delta_edge_recall"": 1.0, ""delta_edge_f1"": 1.0, ""delta_topology_score"": 0.7}","{""class_match"": 1.0, ""properties"": 1.0}","{""per_pair"": [0.8890910286697021], ""n_gt"": 1, ""n_matched"": 1}",0.22
DOR-UPD-SPA-R-001,update,spatial,0.9999999999999848,1.0,1.0,0.999999999999995,spec,True,2AGvcvmtT5tuw78WQbzQMZ,1,1,,0.9251343961805105,"{""delta_node_precision"": 1.0, ""delta_node_recall"": 1.0, ""delta_node_f1"": 1.0, ""delta_edge_precision"": 1.0, ""delta_edge_recall"": 1.0, ""delta_edge_f1"": 1.0, ""delta_topology_score"": 1.0}","{""class_match"": 1.0, ""properties"": 1.0}","{""per_pair"": [0.9999999999999848], ""n_gt"": 1, ""n_matched"": 1}",5.26
DOR-UPD-TOP-A-001,update,topological,0.9999999999999876,1.0,1.0,0.9999999999999959,spec,True,3weZ9R4j52LPSdY$3bzEMo,1,1,,0.21921956818550825,"{""delta_node_precision"": 1.0, ""delta_node_recall"": 1.0, ""delta_node_f1"": 1.0, ""delta_edge_precision"": 1.0, ""delta_edge_recall"": 1.0, ""delta_edge_f1"": 1.0, ""delta_topology_score"": 1.0}","{""class_match"": 1.0, ""properties"": 1.0}","{""per_pair"": [0.9999999999999876], ""n_gt"": 1, ""n_matched"": 1}",0.22
DOR-UPD-TOP-R-001,update,topological,0.9353446244965221,1.0,0.5285714285714286,0.8213053510226502,spec,True,2AGvcvmtT5tuw78WQbzQMZ,1,1,,0.9234342630952597,"{""delta_node_precision"": 0.0, ""delta_node_recall"": 0.0, ""delta_node_f1"": 0.0, ""delta_edge_precision"": 1.0, ""delta_edge_recall"": 1.0, ""delta_edge_f1"": 1.0, ""delta_topology_score"": 0.7}","{""class_match"": 1.0, ""properties"": 1.0}","{""per_pair"": [0.9353446244965221], ""n_gt"": 1, ""n_matched"": 1}",5.26
ROM-CRE-DIR-A-001,create,direct,0.9999999999999757,0.5,1.0,0.8333333333333252,diff,True,1xE2TeBKfArgoHjxszMVo7,1,1,,0.07025849912315607,"{""delta_node_precision"": 1.0, ""delta_node_recall"": 1.0, ""delta_node_f1"": 1.0, ""delta_edge_precision"": 1.0, ""delta_edge_recall"": 1.0, ""delta_edge_f1"": 1.0, ""delta_topology_score"": 1.0}","{""class_match"": 1.0, ""properties"": 0.0}","{""per_pair"": [0.9999999999999757], ""n_gt"": 1, ""n_matched"": 1}",0.13
ROM-CRE-DIR-A-002,create,direct,0.9999999999999718,0.5,0.9444444444444445,0.8148148148148054,diff,True,3NNc3J5Av76hxVSuz1AsMw,1,1,,0.08876049518585205,"{""delta_node_precision"": 1.0, ""delta_node_recall"": 1.0, ""delta_node_f1"": 1.0, ""delta_edge_precision"": 1.0, ""delta_edge_recall"": 0.8, ""delta_edge_f1"": 0.888888888888889, ""delta_topology_score"": 0.9222222222222223}","{""class_match"": 1.0, ""properties"": 0.0}","{""per_pair"": [0.9999999999999718], ""n_gt"": 1, ""n_matched"": 1}",0.14
ROM-CRE-DIR-A-003,create,direct,0.9291645674158661,0.5,0.5236661888835802,0.6509435854331488,diff,True,1oQXDZABDCM8izoAnUkOK_,1,1,,0.10138939786702394,"{""delta_node_precision"": 0.5, ""delta_node_recall"": 1.0, ""delta_node_f1"": 0.6666666666666666, ""delta_edge_precision"": 0.3076923076923077, ""delta_edge_recall"": 0.4, ""delta_edge_f1"": 0.34782608695652173, ""delta_topology_score"": 0.4434782608695652}","{""class_match"": 1.0, ""properties"": 0.0}","{""per_pair"": [0.9291645674158661], ""n_gt"": 1, ""n_matched"": 1}",0.17
ROM-CRE-DIR-A-004,create,direct,0.0,0.0,0.0,0.0,diff,False,,1,0,,0.023154829163104296,"{""delta_node_precision"": 0.0, ""delta_node_recall"": 0.0, ""delta_node_f1"": 0.0, ""delta_edge_precision"": 0.0, ""delta_edge_recall"": 0.0, ""delta_edge_f1"": 0.0, ""delta_topology_score"": 0.0}","{""class_match"": 0.0, ""properties"": 0.0}","{""per_pair"": [0.0], ""n_gt"": 1, ""n_matched"": 0}",0.15
ROM-CRE-DIR-R-001,create,direct,0.0,0.0,0.0,0.0,diff,False,,1,0,,53.637098339851946,"{""delta_node_precision"": 0.0, ""delta_node_recall"": 0.0, ""delta_node_f1"": 0.0, ""delta_edge_precision"": 0.0, ""delta_edge_recall"": 0.0, ""delta_edge_f1"": 0.0, ""delta_topology_score"": 0.0}","{""class_match"": 0.0, ""properties"": 0.0}","{""per_pair"": [0.0], ""n_gt"": 1, ""n_matched"": 0}",148.91
ROM-CRE-DIR-R-002,create,direct,0.9518505212832525,0.5,0.96984126984127,0.8072305970415075,diff,True,2ym$jZ4SD6dv05bSy6E6N_,1,1,,1.1015054220333695,"{""delta_node_precision"": 1.0, ""delta_node_recall"": 1.0, ""delta_node_f1"": 1.0, ""delta_edge_precision"": 1.0, ""delta_edge_recall"": 0.8888888888888888, ""delta_edge_f1"": 0.9411764705882353, ""delta_topology_score"": 0.9588235294117646}","{""class_match"": 1.0, ""properties"": 0.0}","{""per_pair"": [0.9518505212832525], ""n_gt"": 1, ""n_matched"": 1}",12.15
ROM-CRE-DIR-R-003,create,direct,0.9557986248838316,0.5,0.7315229515229513,0.7291071921355942,diff,True,0bIE3iuwf1A8KNrDpgFZwz,1,1,,0.8729416881687939,"{""delta_node_precision"": 1.0, ""delta_node_recall"": 1.0, ""delta_node_f1"": 1.0, ""delta_edge_precision"": 1.0, ""delta_edge_recall"": 0.21621621621621623, ""delta_edge_f1"": 0.35555555555555557, ""delta_topology_score"": 0.5488888888888889}","{""class_match"": 1.0, ""properties"": 0.0}","{""per_pair"": [0.9557986248838316], ""n_gt"": 1, ""n_matched"": 1}",5.32
ROM-CRE-DIR-R-004,create,direct,0.9997049783553232,0.5,1.0,0.8332349927851078,diff,True,0fqcs78r99ZA9dXl08S4k8,1,1,,1.4214548077434301,"{""delta_node_precision"": 1.0, ""delta_node_recall"": 1.0, ""delta_node_f1"": 1.0, ""delta_edge_precision"": 1.0, ""delta_edge_recall"": 1.0, ""delta_edge_f1"": 1.0, ""delta_topology_score"": 1.0}","{""class_match"": 1.0, ""properties"": 0.0}","{""per_pair"": [0.9997049783553232], ""n_gt"": 1, ""n_matched"": 1}",4.71
ROM-CRE-SPA-A-001,create,spatial,0.0,0.0,0.0,0.0,diff,False,,1,0,,0.02046803617849946,"{""delta_node_precision"": 0.0, ""delta_node_recall"": 0.0, ""delta_node_f1"": 0.0, ""delta_edge_precision"": 0.0, ""delta_edge_recall"": 0.0, ""delta_edge_f1"": 0.0, ""delta_topology_score"": 0.0}","{""class_match"": 0.0, ""properties"": 0.0}","{""per_pair"": [0.0], ""n_gt"": 1, ""n_matched"": 0}",0.13
ROM-CRE-SPA-A-002,create,spatial,0.0,0.0,0.0,0.0,diff,False,,1,0,,0.02982831420376897,"{""delta_node_precision"": 0.0, ""delta_node_recall"": 0.0, ""delta_node_f1"": 0.0, ""delta_edge_precision"": 0.0, ""delta_edge_recall"": 0.0, ""delta_edge_f1"": 0.0, ""delta_topology_score"": 0.0}","{""class_match"": 0.0, ""properties"": 0.0}","{""per_pair"": [0.0], ""n_gt"": 1, ""n_matched"": 0}",0.14
ROM-CRE-SPA-A-003,create,spatial,0.0,0.0,0.0,0.0,diff,False,,1,0,,0.02660733088850975,"{""delta_node_precision"": 0.0, ""delta_node_recall"": 0.0, ""delta_node_f1"": 0.0, ""delta_edge_precision"": 0.0, ""delta_edge_recall"": 0.0, ""delta_edge_f1"": 0.0, ""delta_topology_score"": 0.0}","{""class_match"": 0.0, ""properties"": 0.0}","{""per_pair"": [0.0], ""n_gt"": 1, ""n_matched"": 0}",0.17
ROM-CRE-SPA-A-004,create,spatial,0.0,0.0,0.0,0.0,diff,False,,1,0,,0.012402397114783525,"{""delta_node_precision"": 0.0, ""delta_node_recall"": 0.0, ""delta_node_f1"": 0.0, ""delta_edge_precision"": 0.0, ""delta_edge_recall"": 0.0, ""delta_edge_f1"": 0.0, ""delta_topology_score"": 0.0}","{""class_match"": 0.0, ""properties"": 0.0}","{""per_pair"": [0.0], ""n_gt"": 1, ""n_matched"": 0}",0.15
ROM-CRE-SPA-R-001,create,spatial,0.0,0.0,0.0,0.0,diff,False,,1,0,,18.17097200313583,"{""delta_node_precision"": 0.0, ""delta_node_recall"": 0.0, ""delta_node_f1"": 0.0, ""delta_edge_precision"": 0.0, ""delta_edge_recall"": 0.0, ""delta_edge_f1"": 0.0, ""delta_topology_score"": 0.0}","{""class_match"": 0.0, ""properties"": 0.0}","{""per_pair"": [0.0], ""n_gt"": 1, ""n_matched"": 0}",148.91
ROM-CRE-SPA-R-002,create,spatial,0.0,0.0,0.0,0.0,diff,False,,1,0,,1.0872021978721023,"{""delta_node_precision"": 0.0, ""delta_node_recall"": 0.0, ""delta_node_f1"": 0.0, ""delta_edge_precision"": 0.0, ""delta_edge_recall"": 0.0, ""delta_edge_f1"": 0.0, ""delta_topology_score"": 0.0}","{""class_match"": 0.0, ""properties"": 0.0}","{""per_pair"": [0.0], ""n_gt"": 1, ""n_matched"": 0}",12.15
ROM-CRE-SPA-R-003,create,spatial,0.0,0.0,0.0,0.0,diff,False,,1,0,,0.48782526794821024,"{""delta_node_precision"": 0.0, ""delta_node_recall"": 0.0, ""delta_node_f1"": 0.0, ""delta_edge_precision"": 0.0, ""delta_edge_recall"": 0.0, ""delta_edge_f1"": 0.0, ""delta_topology_score"": 0.0}","{""class_match"": 0.0, ""properties"": 0.0}","{""per_pair"": [0.0], ""n_gt"": 1, ""n_matched"": 0}",5.32
ROM-CRE-SPA-R-004,create,spatial,0.0,0.0,0.0,0.0,diff,False,,1,0,,0.5252836151048541,"{""delta_node_precision"": 0.0, ""delta_node_recall"": 0.0, ""delta_node_f1"": 0.0, ""delta_edge_precision"": 0.0, ""delta_edge_recall"": 0.0, ""delta_edge_f1"": 0.0, ""delta_topology_score"": 0.0}","{""class_match"": 0.0, ""properties"": 0.0}","{""per_pair"": [0.0], ""n_gt"": 1, ""n_matched"": 0}",4.71
ROM-CRE-TOP-A-001,create,topological,0.0,0.0,0.0,0.0,diff,False,,1,0,,0.02018712693825364,"{""delta_node_precision"": 0.0, ""delta_node_recall"": 0.0, ""delta_node_f1"": 0.0, ""delta_edge_precision"": 0.0, ""delta_edge_recall"": 0.0, ""delta_edge_f1"": 0.0, ""delta_topology_score"": 0.0}","{""class_match"": 0.0, ""properties"": 0.0}","{""per_pair"": [0.0], ""n_gt"": 1, ""n_matched"": 0}",0.13
ROM-CRE-TOP-A-002,create,topological,0.0,0.0,0.0,0.0,diff,False,,1,0,,0.025737020187079906,"{""delta_node_precision"": 0.0, ""delta_node_recall"": 0.0, ""delta_node_f1"": 0.0, ""delta_edge_precision"": 0.0, ""delta_edge_recall"": 0.0, ""delta_edge_f1"": 0.0, ""delta_topology_score"": 0.0}","{""class_match"": 0.0, ""properties"": 0.0}","{""per_pair"": [0.0], ""n_gt"": 1, ""n_matched"": 0}",0.14
ROM-CRE-TOP-A-003,create,topological,0.0,0.0,0.0,0.0,diff,False,,1,0,,0.027606541756540537,"{""delta_node_precision"": 0.0, ""delta_node_recall"": 0.0, ""delta_node_f1"": 0.0, ""delta_edge_precision"": 0.0, ""delta_edge_recall"": 0.0, ""delta_edge_f1"": 0.0, ""delta_topology_score"": 0.0}","{""class_match"": 0.0, ""properties"": 0.0}","{""per_pair"": [0.0], ""n_gt"": 1, ""n_matched"": 0}",0.17
ROM-CRE-TOP-A-004,create,topological,0.0,0.0,0.0,0.0,diff,False,,1,0,,0.011101762764155865,"{""delta_node_precision"": 0.0, ""delta_node_recall"": 0.0, ""delta_node_f1"": 0.0, ""delta_edge_precision"": 0.0, ""delta_edge_recall"": 0.0, ""delta_edge_f1"": 0.0, ""delta_topology_score"": 0.0}","{""class_match"": 0.0, ""properties"": 0.0}","{""per_pair"": [0.0], ""n_gt"": 1, ""n_matched"": 0}",0.15
ROM-CRE-TOP-R-001,create,topological,0.0,0.0,0.0,0.0,diff,False,,1,0,,18.983260272070765,"{""delta_node_precision"": 0.0, ""delta_node_recall"": 0.0, ""delta_node_f1"": 0.0, ""delta_edge_precision"": 0.0, ""delta_edge_recall"": 0.0, ""delta_edge_f1"": 0.0, ""delta_topology_score"": 0.0}","{""class_match"": 0.0, ""properties"": 0.0}","{""per_pair"": [0.0], ""n_gt"": 1, ""n_matched"": 0}",148.91
ROM-CRE-TOP-R-002,create,topological,0.0,0.0,0.0,0.0,diff,False,,1,0,,1.1452331338077784,"{""delta_node_precision"": 0.0, ""delta_node_recall"": 0.0, ""delta_node_f1"": 0.0, ""delta_edge_precision"": 0.0, ""delta_edge_recall"": 0.0, ""delta_edge_f1"": 0.0, ""delta_topology_score"": 0.0}","{""class_match"": 0.0, ""properties"": 0.0}","{""per_pair"": [0.0], ""n_gt"": 1, ""n_matched"": 0}",12.15
ROM-CRE-TOP-R-003,create,topological,0.0,0.0,0.0,0.0,diff,False,,1,0,,0.5035590268671513,"{""delta_node_precision"": 0.0, ""delta_node_recall"": 0.0, ""delta_node_f1"": 0.0, ""delta_edge_precision"": 0.0, ""delta_edge_recall"": 0.0, ""delta_edge_f1"": 0.0, ""delta_topology_score"": 0.0}","{""class_match"": 0.0, ""properties"": 0.0}","{""per_pair"": [0.0], ""n_gt"": 1, ""n_matched"": 0}",5.32
ROM-CRE-TOP-R-004,create,topological,0.0,0.0,0.0,0.0,diff,False,,1,0,,0.5256217322312295,"{""delta_node_precision"": 0.0, ""delta_node_recall"": 0.0, ""delta_node_f1"": 0.0, ""delta_edge_precision"": 0.0, ""delta_edge_recall"": 0.0, ""delta_edge_f1"": 0.0, ""delta_topology_score"": 0.0}","{""class_match"": 0.0, ""properties"": 0.0}","{""per_pair"": [0.0], ""n_gt"": 1, ""n_matched"": 0}",4.71
ROM-DEL-DIR-A-001,delete,direct,1.0,0.0,1.0,0.6666666666666666,spec,True,,1,1,,0.047272462863475084,"{""delta_node_precision"": 1.0, ""delta_node_recall"": 1.0, ""delta_node_f1"": 1.0, ""delta_edge_precision"": 1.0, ""delta_edge_recall"": 1.0, ""delta_edge_f1"": 1.0, ""delta_topology_score"": 1.0}","{""class_match"": 0.0, ""properties"": 0.0}","{""per_pair"": [1.0], ""n_gt"": 1, ""n_matched"": 1}",0.13
ROM-DEL-DIR-A-002,delete,direct,1.0,0.0,0.9729323308270678,0.6576441102756893,spec,True,,1,1,,0.11492905393242836,"{""delta_node_precision"": 1.0, ""delta_node_recall"": 1.0, ""delta_node_f1"": 1.0, ""delta_edge_precision"": 1.0, ""delta_edge_recall"": 0.9, ""delta_edge_f1"": 0.9473684210526316, ""delta_topology_score"": 0.963157894736842}","{""class_match"": 0.0, ""properties"": 0.0}","{""per_pair"": [1.0], ""n_gt"": 1, ""n_matched"": 1}",0.15
ROM-DEL-DIR-A-003,delete,direct,1.0,0.0,1.0,0.6666666666666666,spec,True,,1,1,,0.029029073659330606,"{""delta_node_precision"": 1.0, ""delta_node_recall"": 1.0, ""delta_node_f1"": 1.0, ""delta_edge_precision"": 1.0, ""delta_edge_recall"": 1.0, ""delta_edge_f1"": 1.0, ""delta_topology_score"": 1.0}","{""class_match"": 0.0, ""properties"": 0.0}","{""per_pair"": [1.0], ""n_gt"": 1, ""n_matched"": 1}",0.15
ROM-DEL-DIR-A-004,delete,direct,1.0,0.0,0.0,0.3333333333333333,spec,True,,1,1,,0.03200723370537162,"{""delta_node_precision"": 0.0, ""delta_node_recall"": 0.0, ""delta_node_f1"": 0.0, ""delta_edge_precision"": 0.0, ""delta_edge_recall"": 0.0, ""delta_edge_f1"": 0.0, ""delta_topology_score"": 0.0}","{""class_match"": 0.0, ""properties"": 0.0}","{""per_pair"": [1.0], ""n_gt"": 1, ""n_matched"": 1}",0.14
ROM-DEL-DIR-R-001,delete,direct,1.0,0.0,1.0,0.6666666666666666,spec,True,,1,1,,18.707119069062173,"{""delta_node_precision"": 1.0, ""delta_node_recall"": 1.0, ""delta_node_f1"": 1.0, ""delta_edge_precision"": 1.0, ""delta_edge_recall"": 1.0, ""delta_edge_f1"": 1.0, ""delta_topology_score"": 1.0}","{""class_match"": 0.0, ""properties"": 0.0}","{""per_pair"": [1.0], ""n_gt"": 1, ""n_matched"": 1}",148.92
ROM-DEL-DIR-R-002,delete,direct,1.0,0.0,1.0,0.6666666666666666,spec,True,,1,1,,2.5291520948521793,"{""delta_node_precision"": 1.0, ""delta_node_recall"": 1.0, ""delta_node_f1"": 1.0, ""delta_edge_precision"": 1.0, ""delta_edge_recall"": 1.0, ""delta_edge_f1"": 1.0, ""delta_topology_score"": 1.0}","{""class_match"": 0.0, ""properties"": 0.0}","{""per_pair"": [1.0], ""n_gt"": 1, ""n_matched"": 1}",12.16
ROM-DEL-DIR-R-003,delete,direct,1.0,0.0,0.9577838827838827,0.6525946275946276,spec,True,,1,1,,1.2236993117257953,"{""delta_node_precision"": 1.0, ""delta_node_recall"": 1.0, ""delta_node_f1"": 1.0, ""delta_edge_precision"": 1.0, ""delta_edge_recall"": 0.8461538461538461, ""delta_edge_f1"": 0.9166666666666666, ""delta_topology_score"": 0.9416666666666667}","{""class_match"": 0.0, ""properties"": 0.0}","{""per_pair"": [1.0], ""n_gt"": 1, ""n_matched"": 1}",5.33
ROM-DEL-DIR-R-004,delete,direct,1.0,0.0,1.0,0.6666666666666666,spec,True,,1,1,,2.0856413021683693,"{""delta_node_precision"": 1.0, ""delta_node_recall"": 1.0, ""delta_node_f1"": 1.0, ""delta_edge_precision"": 1.0, ""delta_edge_recall"": 1.0, ""delta_edge_f1"": 1.0, ""delta_topology_score"": 1.0}","{""class_match"": 0.0, ""properties"": 0.0}","{""per_pair"": [1.0], ""n_gt"": 1, ""n_matched"": 1}",4.72
ROM-DEL-SPA-A-001,delete,spatial,1.0,0.0,1.0,0.6666666666666666,spec,True,,1,1,,0.019123232923448086,"{""delta_node_precision"": 1.0, ""delta_node_recall"": 1.0, ""delta_node_f1"": 1.0, ""delta_edge_precision"": 1.0, ""delta_edge_recall"": 1.0, ""delta_edge_f1"": 1.0, ""delta_topology_score"": 1.0}","{""class_match"": 0.0, ""properties"": 0.0}","{""per_pair"": [1.0], ""n_gt"": 1, ""n_matched"": 1}",0.13
ROM-DEL-SPA-A-002,delete,spatial,1.0,0.0,0.9729323308270678,0.6576441102756893,spec,True,,1,1,,0.034341289196163416,"{""delta_node_precision"": 1.0, ""delta_node_recall"": 1.0, ""delta_node_f1"": 1.0, ""delta_edge_precision"": 1.0, ""delta_edge_recall"": 0.9, ""delta_edge_f1"": 0.9473684210526316, ""delta_topology_score"": 0.963157894736842}","{""class_match"": 0.0, ""properties"": 0.0}","{""per_pair"": [1.0], ""n_gt"": 1, ""n_matched"": 1}",0.15
ROM-DEL-SPA-A-003,delete,spatial,0.0,1.0,0.0,0.3333333333333333,spec,False,,1,0,,0.013378297910094261,"{""delta_node_precision"": 0.0, ""delta_node_recall"": 0.0, ""delta_node_f1"": 0.0, ""delta_edge_precision"": 0.0, ""delta_edge_recall"": 0.0, ""delta_edge_f1"": 0.0, ""delta_topology_score"": 0.0}","{""class_match"": 1.0, ""properties"": 1.0}","{""per_pair"": [0.0], ""n_gt"": 1, ""n_matched"": 0}",0.15
ROM-DEL-SPA-A-004,delete,spatial,0.0,1.0,0.0,0.3333333333333333,spec,False,,1,0,,0.013741571921855211,"{""delta_node_precision"": 0.0, ""delta_node_recall"": 0.0, ""delta_node_f1"": 0.0, ""delta_edge_precision"": 0.0, ""delta_edge_recall"": 0.0, ""delta_edge_f1"": 0.0, ""delta_topology_score"": 0.0}","{""class_match"": 1.0, ""properties"": 1.0}","{""per_pair"": [0.0], ""n_gt"": 1, ""n_matched"": 0}",0.14
ROM-DEL-SPA-R-001,delete,spatial,0.0,1.0,0.0,0.3333333333333333,spec,False,,1,0,,19.39810863090679,"{""delta_node_precision"": 0.0, ""delta_node_recall"": 0.0, ""delta_node_f1"": 0.0, ""delta_edge_precision"": 0.0, ""delta_edge_recall"": 0.0, ""delta_edge_f1"": 0.0, ""delta_topology_score"": 0.0}","{""class_match"": 1.0, ""properties"": 1.0}","{""per_pair"": [0.0], ""n_gt"": 1, ""n_matched"": 0}",148.92
ROM-DEL-SPA-R-002,delete,spatial,0.0,1.0,0.0,0.3333333333333333,spec,False,,1,0,,1.0258757597766817,"{""delta_node_precision"": 0.0, ""delta_node_recall"": 0.0, ""delta_node_f1"": 0.0, ""delta_edge_precision"": 0.0, ""delta_edge_recall"": 0.0, ""delta_edge_f1"": 0.0, ""delta_topology_score"": 0.0}","{""class_match"": 1.0, ""properties"": 1.0}","{""per_pair"": [0.0], ""n_gt"": 1, ""n_matched"": 0}",12.16
ROM-DEL-SPA-R-003,delete,spatial,0.0,1.0,0.0,0.3333333333333333,spec,False,,1,0,,0.6114424341358244,"{""delta_node_precision"": 0.0, ""delta_node_recall"": 0.0, ""delta_node_f1"": 0.0, ""delta_edge_precision"": 0.0, ""delta_edge_recall"": 0.0, ""delta_edge_f1"": 0.0, ""delta_topology_score"": 0.0}","{""class_match"": 1.0, ""properties"": 1.0}","{""per_pair"": [0.0], ""n_gt"": 1, ""n_matched"": 0}",5.33
ROM-DEL-SPA-R-004,delete,spatial,0.0,1.0,0.0,0.3333333333333333,spec,False,,1,0,,0.6215328560210764,"{""delta_node_precision"": 0.0, ""delta_node_recall"": 0.0, ""delta_node_f1"": 0.0, ""delta_edge_precision"": 0.0, ""delta_edge_recall"": 0.0, ""delta_edge_f1"": 0.0, ""delta_topology_score"": 0.0}","{""class_match"": 1.0, ""properties"": 1.0}","{""per_pair"": [0.0], ""n_gt"": 1, ""n_matched"": 0}",4.72
ROM-DEL-TOP-A-001,delete,topological,1.0,0.0,0.7002699055330633,0.5667566351776877,spec,True,,1,1,,0.01596804428845644,"{""delta_node_precision"": 0.5, ""delta_node_recall"": 1.0, ""delta_node_f1"": 0.6666666666666666, ""delta_edge_precision"": 0.46153846153846156, ""delta_edge_recall"": 1.0, ""delta_edge_f1"": 0.631578947368421, ""delta_topology_score"": 0.6421052631578946}","{""class_match"": 0.0, ""properties"": 0.0}","{""per_pair"": [1.0], ""n_gt"": 1, ""n_matched"": 1}",0.13
ROM-DEL-TOP-A-002,delete,topological,1.0,0.0,0.9729323308270678,0.6576441102756893,spec,True,,1,1,,0.030910321976989508,"{""delta_node_precision"": 1.0, ""delta_node_recall"": 1.0, ""delta_node_f1"": 1.0, ""delta_edge_precision"": 1.0, ""delta_edge_recall"": 0.9, ""delta_edge_f1"": 0.9473684210526316, ""delta_topology_score"": 0.963157894736842}","{""class_match"": 0.0, ""properties"": 0.0}","{""per_pair"": [1.0], ""n_gt"": 1, ""n_matched"": 1}",0.15
ROM-DEL-TOP-A-003,delete,topological,0.0,1.0,0.0,0.3333333333333333,spec,False,,1,0,,0.012979336082935333,"{""delta_node_precision"": 0.0, ""delta_node_recall"": 0.0, ""delta_node_f1"": 0.0, ""delta_edge_precision"": 0.0, ""delta_edge_recall"": 0.0, ""delta_edge_f1"": 0.0, ""delta_topology_score"": 0.0}","{""class_match"": 1.0, ""properties"": 1.0}","{""per_pair"": [0.0], ""n_gt"": 1, ""n_matched"": 0}",0.15
ROM-DEL-TOP-A-004,delete,topological,0.0,1.0,0.0,0.3333333333333333,spec,False,,1,0,,0.01352956099435687,"{""delta_node_precision"": 0.0, ""delta_node_recall"": 0.0, ""delta_node_f1"": 0.0, ""delta_edge_precision"": 0.0, ""delta_edge_recall"": 0.0, ""delta_edge_f1"": 0.0, ""delta_topology_score"": 0.0}","{""class_match"": 1.0, ""properties"": 1.0}","{""per_pair"": [0.0], ""n_gt"": 1, ""n_matched"": 0}",0.14
ROM-DEL-TOP-R-001,delete,topological,1.0,0.0,0.6850181008075744,0.5616727002691915,spec,True,,1,1,,19.256716640200466,"{""delta_node_precision"": 0.5, ""delta_node_recall"": 1.0, ""delta_node_f1"": 0.6666666666666666, ""delta_edge_precision"": 0.42105263157894735, ""delta_edge_recall"": 1.0, ""delta_edge_f1"": 0.5925925925925926, ""delta_topology_score"": 0.6148148148148147}","{""class_match"": 0.0, ""properties"": 0.0}","{""per_pair"": [1.0], ""n_gt"": 1, ""n_matched"": 1}",148.92
ROM-DEL-TOP-R-002,delete,topological,1.0,0.0,1.0,0.6666666666666666,spec,True,,1,1,,1.0601710728369653,"{""delta_node_precision"": 1.0, ""delta_node_recall"": 1.0, ""delta_node_f1"": 1.0, ""delta_edge_precision"": 1.0, ""delta_edge_recall"": 1.0, ""delta_edge_f1"": 1.0, ""delta_topology_score"": 1.0}","{""class_match"": 0.0, ""properties"": 0.0}","{""per_pair"": [1.0], ""n_gt"": 1, ""n_matched"": 1}",12.16
ROM-DEL-TOP-R-003,delete,topological,0.0,1.0,0.0,0.3333333333333333,spec,False,,1,0,,0.6099195810966194,"{""delta_node_precision"": 0.0, ""delta_node_recall"": 0.0, ""delta_node_f1"": 0.0, ""delta_edge_precision"": 0.0, ""delta_edge_recall"": 0.0, ""delta_edge_f1"": 0.0, ""delta_topology_score"": 0.0}","{""class_match"": 1.0, ""properties"": 1.0}","{""per_pair"": [0.0], ""n_gt"": 1, ""n_matched"": 0}",5.33
ROM-DEL-TOP-R-004,delete,topological,1.0,0.0,1.0,0.6666666666666666,spec,True,,1,1,,0.6014321763068438,"{""delta_node_precision"": 1.0, ""delta_node_recall"": 1.0, ""delta_node_f1"": 1.0, ""delta_edge_precision"": 1.0, ""delta_edge_recall"": 1.0, ""delta_edge_f1"": 1.0, ""delta_topology_score"": 1.0}","{""class_match"": 0.0, ""properties"": 0.0}","{""per_pair"": [1.0], ""n_gt"": 1, ""n_matched"": 1}",4.72
ROM-UPD-DIR-A-001,update,direct,0.9494026947404932,1.0,0.0,0.6498008982468311,spec,True,10VmbDUP13YPWiYkMLgRpN,1,1,,0.07344545284286141,"{""delta_node_precision"": 0.0, ""delta_node_recall"": 0.0, ""delta_node_f1"": 0.0, ""delta_edge_precision"": 0.0, ""delta_edge_recall"": 0.0, ""delta_edge_f1"": 0.0, ""delta_topology_score"": 0.0}","{""class_match"": 1.0, ""properties"": 1.0}","{""per_pair"": [0.9494026947404932], ""n_gt"": 1, ""n_matched"": 1}",0.13
ROM-UPD-DIR-A-002,update,direct,0.9595173982526359,1.0,0.0,0.653172466084212,spec,True,1BXMVsL3b4YOpeNFnqRn3h,1,1,,0.08280547894537449,"{""delta_node_precision"": 0.0, ""delta_node_recall"": 0.0, ""delta_node_f1"": 0.0, ""delta_edge_precision"": 0.0, ""delta_edge_recall"": 0.0, ""delta_edge_f1"": 0.0, ""delta_topology_score"": 0.0}","{""class_match"": 1.0, ""properties"": 1.0}","{""per_pair"": [0.9595173982526359], ""n_gt"": 1, ""n_matched"": 1}",0.15
ROM-UPD-DIR-A-003,update,direct,0.9503776949812798,1.0,0.4714285714285714,0.8072687554699504,spec,True,0TdJ$TWoL2cAeMVD_4_n8b,1,1,,0.07529036793857813,"{""delta_node_precision"": 1.0, ""delta_node_recall"": 1.0, ""delta_node_f1"": 1.0, ""delta_edge_precision"": 0.0, ""delta_edge_recall"": 0.0, ""delta_edge_f1"": 0.0, ""delta_topology_score"": 0.3}","{""class_match"": 1.0, ""properties"": 1.0}","{""per_pair"": [0.9503776949812798], ""n_gt"": 1, ""n_matched"": 1}",0.16
ROM-UPD-DIR-A-004,update,direct,0.9375805700773098,1.0,0.0,0.64586019002577,spec,True,3wxyd75Er8HBGYGI9jDteL,1,1,,0.05092399939894676,"{""delta_node_precision"": 0.0, ""delta_node_recall"": 0.0, ""delta_node_f1"": 0.0, ""delta_edge_precision"": 0.0, ""delta_edge_recall"": 0.0, ""delta_edge_f1"": 0.0, ""delta_topology_score"": 0.0}","{""class_match"": 1.0, ""properties"": 1.0}","{""per_pair"": [0.9375805700773098], ""n_gt"": 1, ""n_matched"": 1}",0.27
ROM-UPD-DIR-R-001,update,direct,0.9524414738185032,1.0,0.7319897959183673,0.8948104232456235,spec,True,2975y8FcXF2RDxYtSJf7rT,1,1,,42.06367921503261,"{""delta_node_precision"": 0.5, ""delta_node_recall"": 0.6666666666666666, ""delta_node_f1"": 0.5714285714285715, ""delta_edge_precision"": 0.8125, ""delta_edge_recall"": 0.9285714285714286, ""delta_edge_f1"": 0.8666666666666666, ""delta_topology_score"": 0.7780952380952381}","{""class_match"": 1.0, ""properties"": 1.0}","{""per_pair"": [0.9524414738185032], ""n_gt"": 1, ""n_matched"": 1}",148.92
ROM-UPD-DIR-R-002,update,direct,0.9589060783310778,1.0,0.0,0.652968692777026,spec,True,1fW7pzY$1E$uIfNS1NTuXH,1,1,,3.275976658798754,"{""delta_node_precision"": 0.0, ""delta_node_recall"": 0.0, ""delta_node_f1"": 0.0, ""delta_edge_precision"": 0.0, ""delta_edge_recall"": 0.0, ""delta_edge_f1"": 0.0, ""delta_topology_score"": 0.0}","{""class_match"": 1.0, ""properties"": 1.0}","{""per_pair"": [0.9589060783310778], ""n_gt"": 1, ""n_matched"": 1}",12.16
ROM-UPD-DIR-R-003,update,direct,0.9494915955314585,1.0,0.0,0.6498305318438194,spec,True,2pmk7OKR5DZuiLcSbvolRG,1,1,,1.2219493528828025,"{""delta_node_precision"": 0.0, ""delta_node_recall"": 0.0, ""delta_node_f1"": 0.0, ""delta_edge_precision"": 0.0, ""delta_edge_recall"": 0.0, ""delta_edge_f1"": 0.0, ""delta_topology_score"": 0.0}","{""class_match"": 1.0, ""properties"": 1.0}","{""per_pair"": [0.9494915955314585], ""n_gt"": 1, ""n_matched"": 1}",5.33
ROM-UPD-DIR-R-004,update,direct,0.9141501085423765,1.0,1.0,0.9713833695141255,spec,True,1FTaCiZdnEZh_RpO3q0nGr,1,1,,1.2818452999927104,"{""delta_node_precision"": 1.0, ""delta_node_recall"": 1.0, ""delta_node_f1"": 1.0, ""delta_edge_precision"": 1.0, ""delta_edge_recall"": 1.0, ""delta_edge_f1"": 1.0, ""delta_topology_score"": 1.0}","{""class_match"": 1.0, ""properties"": 1.0}","{""per_pair"": [0.9141501085423765], ""n_gt"": 1, ""n_matched"": 1}",4.72
ROM-UPD-SPA-A-001,update,spatial,0.9494026947404932,1.0,0.0,0.6498008982468311,spec,True,10VmbDUP13YPWiYkMLgRpN,1,1,,0.04264203179627657,"{""delta_node_precision"": 0.0, ""delta_node_recall"": 0.0, ""delta_node_f1"": 0.0, ""delta_edge_precision"": 0.0, ""delta_edge_recall"": 0.0, ""delta_edge_f1"": 0.0, ""delta_topology_score"": 0.0}","{""class_match"": 1.0, ""properties"": 1.0}","{""per_pair"": [0.9494026947404932], ""n_gt"": 1, ""n_matched"": 1}",0.13
ROM-UPD-SPA-A-002,update,spatial,0.9595173982526359,1.0,0.0,0.653172466084212,spec,True,1BXMVsL3b4YOpeNFnqRn3h,1,1,,0.05211886903271079,"{""delta_node_precision"": 0.0, ""delta_node_recall"": 0.0, ""delta_node_f1"": 0.0, ""delta_edge_precision"": 0.0, ""delta_edge_recall"": 0.0, ""delta_edge_f1"": 0.0, ""delta_topology_score"": 0.0}","{""class_match"": 1.0, ""properties"": 1.0}","{""per_pair"": [0.9595173982526359], ""n_gt"": 1, ""n_matched"": 1}",0.15
ROM-UPD-SPA-A-003,update,spatial,0.9504809759601774,1.0,0.0,0.6501603253200591,spec,True,0TdJ$TWoL2cAeMVD_4_n8b,1,1,,0.023038978222757578,"{""delta_node_precision"": 0.0, ""delta_node_recall"": 0.0, ""delta_node_f1"": 0.0, ""delta_edge_precision"": 0.0, ""delta_edge_recall"": 0.0, ""delta_edge_f1"": 0.0, ""delta_topology_score"": 0.0}","{""class_match"": 1.0, ""properties"": 1.0}","{""per_pair"": [0.9504809759601774], ""n_gt"": 1, ""n_matched"": 1}",0.16
ROM-UPD-SPA-A-004,update,spatial,0.9063499175303481,1.0,0.4714285714285714,0.7925928296529733,spec,True,3wxyd75Er8HBGYGI9jDteL,1,1,,0.02874637907370925,"{""delta_node_precision"": 1.0, ""delta_node_recall"": 1.0, ""delta_node_f1"": 1.0, ""delta_edge_precision"": 0.0, ""delta_edge_recall"": 0.0, ""delta_edge_f1"": 0.0, ""delta_topology_score"": 0.3}","{""class_match"": 1.0, ""properties"": 1.0}","{""per_pair"": [0.9063499175303481], ""n_gt"": 1, ""n_matched"": 1}",0.27
ROM-UPD-SPA-R-001,update,spatial,0.9524414738185032,1.0,0.0,0.6508138246061678,spec,True,2975y8FcXF2RDxYtSJf7rT,1,1,,19.814379832241684,"{""delta_node_precision"": 0.0, ""delta_node_recall"": 0.0, ""delta_node_f1"": 0.0, ""delta_edge_precision"": 0.0, ""delta_edge_recall"": 0.0, ""delta_edge_f1"": 0.0, ""delta_topology_score"": 0.0}","{""class_match"": 1.0, ""properties"": 1.0}","{""per_pair"": [0.9524414738185032], ""n_gt"": 1, ""n_matched"": 1}",148.92
ROM-UPD-SPA-R-002,update,spatial,0.9589060783310778,1.0,0.4654421768707483,0.8081160850672754,spec,True,1fW7pzY$1E$uIfNS1NTuXH,1,1,,1.1882767952047288,"{""delta_node_precision"": 0.4, ""delta_node_recall"": 0.4, ""delta_node_f1"": 0.4000000000000001, ""delta_edge_precision"": 0.5238095238095238, ""delta_edge_recall"": 0.5238095238095238, ""delta_edge_f1"": 0.5238095238095238, ""delta_topology_score"": 0.4866666666666667}","{""class_match"": 1.0, ""properties"": 1.0}","{""per_pair"": [0.9589060783310778], ""n_gt"": 1, ""n_matched"": 1}",12.16
ROM-UPD-SPA-R-003,update,spatial,0.9494915955314585,1.0,0.0,0.6498305318438194,spec,True,2pmk7OKR5DZuiLcSbvolRG,1,1,,0.6394998100586236,"{""delta_node_precision"": 0.0, ""delta_node_recall"": 0.0, ""delta_node_f1"": 0.0, ""delta_edge_precision"": 0.0, ""delta_edge_recall"": 0.0, ""delta_edge_f1"": 0.0, ""delta_topology_score"": 0.0}","{""class_match"": 1.0, ""properties"": 1.0}","{""per_pair"": [0.9494915955314585], ""n_gt"": 1, ""n_matched"": 1}",5.33
ROM-UPD-SPA-R-004,update,spatial,0.9141501085423765,1.0,1.0,0.9713833695141255,spec,True,1FTaCiZdnEZh_RpO3q0nGr,1,1,,0.6114938938990235,"{""delta_node_precision"": 1.0, ""delta_node_recall"": 1.0, ""delta_node_f1"": 1.0, ""delta_edge_precision"": 1.0, ""delta_edge_recall"": 1.0, ""delta_edge_f1"": 1.0, ""delta_topology_score"": 1.0}","{""class_match"": 1.0, ""properties"": 1.0}","{""per_pair"": [0.9141501085423765], ""n_gt"": 1, ""n_matched"": 1}",4.72
ROM-UPD-TOP-A-001,update,topological,0.9494026947404932,1.0,0.1766156462585034,0.708672780332999,spec,True,10VmbDUP13YPWiYkMLgRpN,1,1,,0.04165874095633626,"{""delta_node_precision"": 0.0, ""delta_node_recall"": 0.0, ""delta_node_f1"": 0.0, ""delta_edge_precision"": 0.3125, ""delta_edge_recall"": 0.35714285714285715, ""delta_edge_f1"": 0.3333333333333333, ""delta_topology_score"": 0.2333333333333333}","{""class_match"": 1.0, ""properties"": 1.0}","{""per_pair"": [0.9494026947404932], ""n_gt"": 1, ""n_matched"": 1}",0.13
ROM-UPD-TOP-A-002,update,topological,0.9595173982526359,1.0,0.0,0.653172466084212,spec,True,1BXMVsL3b4YOpeNFnqRn3h,1,1,,0.05000344384461641,"{""delta_node_precision"": 0.0, ""delta_node_recall"": 0.0, ""delta_node_f1"": 0.0, ""delta_edge_precision"": 0.0, ""delta_edge_recall"": 0.0, ""delta_edge_f1"": 0.0, ""delta_topology_score"": 0.0}","{""class_match"": 1.0, ""properties"": 1.0}","{""per_pair"": [0.9595173982526359], ""n_gt"": 1, ""n_matched"": 1}",0.15
ROM-UPD-TOP-A-003,update,topological,0.9503776949812798,1.0,0.4714285714285714,0.8072687554699504,spec,True,0TdJ$TWoL2cAeMVD_4_n8b,1,1,,0.023184794932603836,"{""delta_node_precision"": 1.0, ""delta_node_recall"": 1.0, ""delta_node_f1"": 1.0, ""delta_edge_precision"": 0.0, ""delta_edge_recall"": 0.0, ""delta_edge_f1"": 0.0, ""delta_topology_score"": 0.3}","{""class_match"": 1.0, ""properties"": 1.0}","{""per_pair"": [0.9503776949812798], ""n_gt"": 1, ""n_matched"": 1}",0.16
ROM-UPD-TOP-A-004,update,topological,0.9375805700773098,1.0,0.0,0.64586019002577,spec,True,3wxyd75Er8HBGYGI9jDteL,1,1,,0.02884625131264329,"{""delta_node_precision"": 0.0, ""delta_node_recall"": 0.0, ""delta_node_f1"": 0.0, ""delta_edge_precision"": 0.0, ""delta_edge_recall"": 0.0, ""delta_edge_f1"": 0.0, ""delta_topology_score"": 0.0}","{""class_match"": 1.0, ""properties"": 1.0}","{""per_pair"": [0.9375805700773098], ""n_gt"": 1, ""n_matched"": 1}",0.27
ROM-UPD-TOP-R-001,update,topological,0.9524414738185032,1.0,0.6050304332259219,0.852490635681475,spec,True,2975y8FcXF2RDxYtSJf7rT,1,1,,19.729982951190323,"{""delta_node_precision"": 1.0, ""delta_node_recall"": 0.3333333333333333, ""delta_node_f1"": 0.5, ""delta_edge_precision"": 1.0, ""delta_edge_recall"": 0.35714285714285715, ""delta_edge_f1"": 0.5263157894736842, ""delta_topology_score"": 0.5184210526315789}","{""class_match"": 1.0, ""properties"": 1.0}","{""per_pair"": [0.9524414738185032], ""n_gt"": 1, ""n_matched"": 1}",148.92
ROM-UPD-TOP-R-002,update,topological,0.0,0.0,0.0,0.0,spec,False,,1,0,,1.1952388738282025,"{""delta_node_precision"": 0.0, ""delta_node_recall"": 0.0, ""delta_node_f1"": 0.0, ""delta_edge_precision"": 0.0, ""delta_edge_recall"": 0.0, ""delta_edge_f1"": 0.0, ""delta_topology_score"": 0.0}","{""class_match"": 0.0, ""properties"": 0.0}","{""per_pair"": [0.0], ""n_gt"": 1, ""n_matched"": 0}",12.16
ROM-UPD-TOP-R-003,update,topological,0.9494915955314585,1.0,0.0,0.6498305318438194,spec,True,2pmk7OKR5DZuiLcSbvolRG,1,1,,0.6195363057777286,"{""delta_node_precision"": 0.0, ""delta_node_recall"": 0.0, ""delta_node_f1"": 0.0, ""delta_edge_precision"": 0.0, ""delta_edge_recall"": 0.0, ""delta_edge_f1"": 0.0, ""delta_topology_score"": 0.0}","{""class_match"": 1.0, ""properties"": 1.0}","{""per_pair"": [0.9494915955314585], ""n_gt"": 1, ""n_matched"": 1}",5.33
ROM-UPD-TOP-R-004,update,topological,0.9479787815855903,1.0,0.5285714285714286,0.8255167367190063,spec,True,1FTaCiZdnEZh_RpO3q0nGr,1,1,,0.6077294088900089,"{""delta_node_precision"": 0.0, ""delta_node_recall"": 0.0, ""delta_node_f1"": 0.0, ""delta_edge_precision"": 1.0, ""delta_edge_recall"": 1.0, ""delta_edge_f1"": 1.0, ""delta_topology_score"": 0.7}","{""class_match"": 1.0, ""properties"": 1.0}","{""per_pair"": [0.9479787815855903], ""n_gt"": 1, ""n_matched"": 1}",4.72
SLB-CRE-DIR-A-001,create,direct,0.9633329433329632,0.5,1.0,0.8211109811109877,diff,True,2Frye4xSPEShbCiRTrvgzR,1,1,,0.05743840103968978,"{""delta_node_precision"": 1.0, ""delta_node_recall"": 1.0, ""delta_node_f1"": 1.0, ""delta_edge_precision"": 1.0, ""delta_edge_recall"": 1.0, ""delta_edge_f1"": 1.0, ""delta_topology_score"": 1.0}","{""class_match"": 1.0, ""properties"": 0.0}","{""per_pair"": [0.9633329433329632], ""n_gt"": 1, ""n_matched"": 1}",0.12
SLB-CRE-DIR-A-002,create,direct,0.9629497525246271,0.5,1.0,0.8209832508415423,diff,True,1V4DRL8c91f9UMhK6R7eHL,1,1,,0.08306335704401135,"{""delta_node_precision"": 1.0, ""delta_node_recall"": 1.0, ""delta_node_f1"": 1.0, ""delta_edge_precision"": 1.0, ""delta_edge_recall"": 1.0, ""delta_edge_f1"": 1.0, ""delta_topology_score"": 1.0}","{""class_match"": 1.0, ""properties"": 0.0}","{""per_pair"": [0.9629497525246271], ""n_gt"": 1, ""n_matched"": 1}",0.4
SLB-CRE-DIR-A-003,create,direct,0.9625868337729887,0.5,0.42913832199546487,0.6305750519228179,diff,True,0B51MxWFjFL8Kk_bX9kVn1,1,1,,0.02143764914944768,"{""delta_node_precision"": 0.3333333333333333, ""delta_node_recall"": 1.0, ""delta_node_f1"": 0.5, ""delta_edge_precision"": 0.14285714285714285, ""delta_edge_recall"": 0.5, ""delta_edge_f1"": 0.22222222222222224, ""delta_topology_score"": 0.3055555555555556}","{""class_match"": 1.0, ""properties"": 0.0}","{""per_pair"": [0.9625868337729887], ""n_gt"": 1, ""n_matched"": 1}",0.02
SLB-CRE-DIR-A-004,create,direct,0.9657275921442371,0.5,1.0,0.8219091973814123,diff,True,25eDRbnubD$vfnkSUrbqr5,1,1,,0.029549884144216776,"{""delta_node_precision"": 1.0, ""delta_node_recall"": 1.0, ""delta_node_f1"": 1.0, ""delta_edge_precision"": 1.0, ""delta_edge_recall"": 1.0, ""delta_edge_f1"": 1.0, ""delta_topology_score"": 1.0}","{""class_match"": 1.0, ""properties"": 0.0}","{""per_pair"": [0.9657275921442371], ""n_gt"": 1, ""n_matched"": 1}",0.03
SLB-CRE-DIR-R-001,create,direct,0.9691851250211574,0.5,1.0,0.8230617083403858,diff,True,1dUeXq4$b0lAabbPn4CtaX,1,1,,4.098862269893289,"{""delta_node_precision"": 1.0, ""delta_node_recall"": 1.0, ""delta_node_f1"": 1.0, ""delta_edge_precision"": 1.0, ""delta_edge_recall"": 1.0, ""delta_edge_f1"": 1.0, ""delta_topology_score"": 1.0}","{""class_match"": 1.0, ""properties"": 0.0}","{""per_pair"": [0.9691851250211574], ""n_gt"": 1, ""n_matched"": 1}",21.45
SLB-CRE-DIR-R-002,create,direct,0.9653321732223116,0.5,1.0,0.8217773910741039,diff,True,3IaCB3dvbBv83HPiPqLOrj,1,1,,25.947660353034735,"{""delta_node_precision"": 1.0, ""delta_node_recall"": 1.0, ""delta_node_f1"": 1.0, ""delta_edge_precision"": 1.0, ""delta_edge_recall"": 1.0, ""delta_edge_f1"": 1.0, ""delta_topology_score"": 1.0}","{""class_match"": 1.0, ""properties"": 0.0}","{""per_pair"": [0.9653321732223116], ""n_gt"": 1, ""n_matched"": 1}",154.67
SLB-CRE-DIR-R-003,create,direct,0.9631998671107888,0.5,1.0,0.821066622370263,diff,True,1T42ijjj9Fdv4ct5oCvDYb,1,1,,0.9849661500193179,"{""delta_node_precision"": 1.0, ""delta_node_recall"": 1.0, ""delta_node_f1"": 1.0, ""delta_edge_precision"": 1.0, ""delta_edge_recall"": 1.0, ""delta_edge_f1"": 1.0, ""delta_topology_score"": 1.0}","{""class_match"": 1.0, ""properties"": 0.0}","{""per_pair"": [0.9631998671107888], ""n_gt"": 1, ""n_matched"": 1}",5.33
SLB-CRE-DIR-R-004,create,direct,0.9656878094731517,0.5,1.0,0.8218959364910505,diff,True,14KorhWgP6QPDmheO5tM1J,1,1,,0.7439922811463475,"{""delta_node_precision"": 1.0, ""delta_node_recall"": 1.0, ""delta_node_f1"": 1.0, ""delta_edge_precision"": 1.0, ""delta_edge_recall"": 1.0, ""delta_edge_f1"": 1.0, ""delta_topology_score"": 1.0}","{""class_match"": 1.0, ""properties"": 0.0}","{""per_pair"": [0.9656878094731517], ""n_gt"": 1, ""n_matched"": 1}",4.73
SLB-CRE-SPA-A-001,create,spatial,0.0,0.0,0.0,0.0,diff,False,,1,0,,0.011942795943468809,"{""delta_node_precision"": 0.0, ""delta_node_recall"": 0.0, ""delta_node_f1"": 0.0, ""delta_edge_precision"": 0.0, ""delta_edge_recall"": 0.0, ""delta_edge_f1"": 0.0, ""delta_topology_score"": 0.0}","{""class_match"": 0.0, ""properties"": 0.0}","{""per_pair"": [0.0], ""n_gt"": 1, ""n_matched"": 0}",0.12
SLB-CRE-SPA-A-002,create,spatial,0.0,0.0,0.0,0.0,diff,False,,1,0,,0.06793376291170716,"{""delta_node_precision"": 0.0, ""delta_node_recall"": 0.0, ""delta_node_f1"": 0.0, ""delta_edge_precision"": 0.0, ""delta_edge_recall"": 0.0, ""delta_edge_f1"": 0.0, ""delta_topology_score"": 0.0}","{""class_match"": 0.0, ""properties"": 0.0}","{""per_pair"": [0.0], ""n_gt"": 1, ""n_matched"": 0}",0.4
SLB-CRE-SPA-A-003,create,spatial,0.0,0.0,0.0,0.0,diff,False,,1,0,,0.0032100658863782883,"{""delta_node_precision"": 0.0, ""delta_node_recall"": 0.0, ""delta_node_f1"": 0.0, ""delta_edge_precision"": 0.0, ""delta_edge_recall"": 0.0, ""delta_edge_f1"": 0.0, ""delta_topology_score"": 0.0}","{""class_match"": 0.0, ""properties"": 0.0}","{""per_pair"": [0.0], ""n_gt"": 1, ""n_matched"": 0}",0.02
SLB-CRE-SPA-A-004,create,spatial,0.0,0.0,0.0,0.0,diff,False,,1,0,,0.004375407937914133,"{""delta_node_precision"": 0.0, ""delta_node_recall"": 0.0, ""delta_node_f1"": 0.0, ""delta_edge_precision"": 0.0, ""delta_edge_recall"": 0.0, ""delta_edge_f1"": 0.0, ""delta_topology_score"": 0.0}","{""class_match"": 0.0, ""properties"": 0.0}","{""per_pair"": [0.0], ""n_gt"": 1, ""n_matched"": 0}",0.03
SLB-CRE-SPA-R-001,create,spatial,0.0,0.0,0.0,0.0,diff,False,,1,0,,1.7686595991253853,"{""delta_node_precision"": 0.0, ""delta_node_recall"": 0.0, ""delta_node_f1"": 0.0, ""delta_edge_precision"": 0.0, ""delta_edge_recall"": 0.0, ""delta_edge_f1"": 0.0, ""delta_topology_score"": 0.0}","{""class_match"": 0.0, ""properties"": 0.0}","{""per_pair"": [0.0], ""n_gt"": 1, ""n_matched"": 0}",21.45
SLB-CRE-SPA-R-002,create,spatial,0.0,0.0,0.0,0.0,diff,False,,1,0,,11.610201955307275,"{""delta_node_precision"": 0.0, ""delta_node_recall"": 0.0, ""delta_node_f1"": 0.0, ""delta_edge_precision"": 0.0, ""delta_edge_recall"": 0.0, ""delta_edge_f1"": 0.0, ""delta_topology_score"": 0.0}","{""class_match"": 0.0, ""properties"": 0.0}","{""per_pair"": [0.0], ""n_gt"": 1, ""n_matched"": 0}",154.67
SLB-CRE-SPA-R-003,create,spatial,0.0,0.0,0.0,0.0,diff,False,,1,0,,0.512104304973036,"{""delta_node_precision"": 0.0, ""delta_node_recall"": 0.0, ""delta_node_f1"": 0.0, ""delta_edge_precision"": 0.0, ""delta_edge_recall"": 0.0, ""delta_edge_f1"": 0.0, ""delta_topology_score"": 0.0}","{""class_match"": 0.0, ""properties"": 0.0}","{""per_pair"": [0.0], ""n_gt"": 1, ""n_matched"": 0}",5.33
SLB-CRE-SPA-R-004,create,spatial,0.0,0.0,0.0,0.0,diff,False,,1,0,,0.382468621712178,"{""delta_node_precision"": 0.0, ""delta_node_recall"": 0.0, ""delta_node_f1"": 0.0, ""delta_edge_precision"": 0.0, ""delta_edge_recall"": 0.0, ""delta_edge_f1"": 0.0, ""delta_topology_score"": 0.0}","{""class_match"": 0.0, ""properties"": 0.0}","{""per_pair"": [0.0], ""n_gt"": 1, ""n_matched"": 0}",4.73
SLB-CRE-TOP-A-001,create,topological,0.0,0.0,0.0,0.0,diff,False,,1,0,,0.012051597703248262,"{""delta_node_precision"": 0.0, ""delta_node_recall"": 0.0, ""delta_node_f1"": 0.0, ""delta_edge_precision"": 0.0, ""delta_edge_recall"": 0.0, ""delta_edge_f1"": 0.0, ""delta_topology_score"": 0.0}","{""class_match"": 0.0, ""properties"": 0.0}","{""per_pair"": [0.0], ""n_gt"": 1, ""n_matched"": 0}",0.12
SLB-CRE-TOP-A-002,create,topological,0.0,0.0,0.0,0.0,diff,False,,1,0,,0.06770038418471813,"{""delta_node_precision"": 0.0, ""delta_node_recall"": 0.0, ""delta_node_f1"": 0.0, ""delta_edge_precision"": 0.0, ""delta_edge_recall"": 0.0, ""delta_edge_f1"": 0.0, ""delta_topology_score"": 0.0}","{""class_match"": 0.0, ""properties"": 0.0}","{""per_pair"": [0.0], ""n_gt"": 1, ""n_matched"": 0}",0.4
SLB-CRE-TOP-A-003,create,topological,0.0,0.0,0.0,0.0,diff,False,,1,0,,0.002671692054718733,"{""delta_node_precision"": 0.0, ""delta_node_recall"": 0.0, ""delta_node_f1"": 0.0, ""delta_edge_precision"": 0.0, ""delta_edge_recall"": 0.0, ""delta_edge_f1"": 0.0, ""delta_topology_score"": 0.0}","{""class_match"": 0.0, ""properties"": 0.0}","{""per_pair"": [0.0], ""n_gt"": 1, ""n_matched"": 0}",0.02
SLB-CRE-TOP-A-004,create,topological,0.9657275921442549,0.5,0.4714285714285714,0.6457187211909421,diff,True,33DGSDuKz16eYdhiWU2nJn,1,1,,0.011135336942970753,"{""delta_node_precision"": 1.0, ""delta_node_recall"": 1.0, ""delta_node_f1"": 1.0, ""delta_edge_precision"": 0.0, ""delta_edge_recall"": 0.0, ""delta_edge_f1"": 0.0, ""delta_topology_score"": 0.3}","{""class_match"": 1.0, ""properties"": 0.0}","{""per_pair"": [0.9657275921442549], ""n_gt"": 1, ""n_matched"": 1}",0.03
SLB-CRE-TOP-R-001,create,topological,0.0,0.0,0.0,0.0,diff,False,,1,0,,1.9281842433847487,"{""delta_node_precision"": 0.0, ""delta_node_recall"": 0.0, ""delta_node_f1"": 0.0, ""delta_edge_precision"": 0.0, ""delta_edge_recall"": 0.0, ""delta_edge_f1"": 0.0, ""delta_topology_score"": 0.0}","{""class_match"": 0.0, ""properties"": 0.0}","{""per_pair"": [0.0], ""n_gt"": 1, ""n_matched"": 0}",21.45
SLB-CRE-TOP-R-002,create,topological,0.0,0.0,0.0,0.0,diff,False,,1,0,,14.557913738768548,"{""delta_node_precision"": 0.0, ""delta_node_recall"": 0.0, ""delta_node_f1"": 0.0, ""delta_edge_precision"": 0.0, ""delta_edge_recall"": 0.0, ""delta_edge_f1"": 0.0, ""delta_topology_score"": 0.0}","{""class_match"": 0.0, ""properties"": 0.0}","{""per_pair"": [0.0], ""n_gt"": 1, ""n_matched"": 0}",154.67
SLB-CRE-TOP-R-003,create,topological,0.0,0.0,0.0,0.0,diff,False,,1,0,,0.51504749013111,"{""delta_node_precision"": 0.0, ""delta_node_recall"": 0.0, ""delta_node_f1"": 0.0, ""delta_edge_precision"": 0.0, ""delta_edge_recall"": 0.0, ""delta_edge_f1"": 0.0, ""delta_topology_score"": 0.0}","{""class_match"": 0.0, ""properties"": 0.0}","{""per_pair"": [0.0], ""n_gt"": 1, ""n_matched"": 0}",5.33
SLB-CRE-TOP-R-004,create,topological,0.0,0.0,0.0,0.0,diff,False,,1,0,,0.41097420919686556,"{""delta_node_precision"": 0.0, ""delta_node_recall"": 0.0, ""delta_node_f1"": 0.0, ""delta_edge_precision"": 0.0, ""delta_edge_recall"": 0.0, ""delta_edge_f1"": 0.0, ""delta_topology_score"": 0.0}","{""class_match"": 0.0, ""properties"": 0.0}","{""per_pair"": [0.0], ""n_gt"": 1, ""n_matched"": 0}",4.73
SLB-DEL-DIR-A-001,delete,direct,1.0,0.0,1.0,0.6666666666666666,spec,True,,1,1,,0.07721677282825112,"{""delta_node_precision"": 1.0, ""delta_node_recall"": 1.0, ""delta_node_f1"": 1.0, ""delta_edge_precision"": 1.0, ""delta_edge_recall"": 1.0, ""delta_edge_f1"": 1.0, ""delta_topology_score"": 1.0}","{""class_match"": 0.0, ""properties"": 0.0}","{""per_pair"": [1.0], ""n_gt"": 1, ""n_matched"": 1}",0.12
SLB-DEL-DIR-A-002,delete,direct,1.0,0.0,1.0,0.6666666666666666,spec,True,,1,1,,0.15106969000771642,"{""delta_node_precision"": 1.0, ""delta_node_recall"": 1.0, ""delta_node_f1"": 1.0, ""delta_edge_precision"": 1.0, ""delta_edge_recall"": 1.0, ""delta_edge_f1"": 1.0, ""delta_topology_score"": 1.0}","{""class_match"": 0.0, ""properties"": 0.0}","{""per_pair"": [1.0], ""n_gt"": 1, ""n_matched"": 1}",0.4
SLB-DEL-DIR-A-003,delete,direct,1.0,0.0,0.5904761904761905,0.5301587301587302,spec,True,,1,1,,27.13609934411943,"{""delta_node_precision"": 0.5, ""delta_node_recall"": 1.0, ""delta_node_f1"": 0.6666666666666666, ""delta_edge_precision"": 0.2, ""delta_edge_recall"": 1.0, ""delta_edge_f1"": 0.33333333333333337, ""delta_topology_score"": 0.43333333333333335}","{""class_match"": 0.0, ""properties"": 0.0}","{""per_pair"": [1.0], ""n_gt"": 1, ""n_matched"": 1}",0.12
SLB-DEL-DIR-A-004,delete,direct,0.0,1.0,0.0,0.3333333333333333,spec,False,,1,0,,0.011901122983545065,"{""delta_node_precision"": 0.0, ""delta_node_recall"": 0.0, ""delta_node_f1"": 0.0, ""delta_edge_precision"": 0.0, ""delta_edge_recall"": 0.0, ""delta_edge_f1"": 0.0, ""delta_topology_score"": 0.0}","{""class_match"": 1.0, ""properties"": 1.0}","{""per_pair"": [0.0], ""n_gt"": 1, ""n_matched"": 0}",0.03
SLB-DEL-DIR-R-001,delete,direct,1.0,0.0,1.0,0.6666666666666666,spec,True,,1,1,,2.000533872283995,"{""delta_node_precision"": 1.0, ""delta_node_recall"": 1.0, ""delta_node_f1"": 1.0, ""delta_edge_precision"": 1.0, ""delta_edge_recall"": 1.0, ""delta_edge_f1"": 1.0, ""delta_topology_score"": 1.0}","{""class_match"": 0.0, ""properties"": 0.0}","{""per_pair"": [1.0], ""n_gt"": 1, ""n_matched"": 1}",21.45
SLB-DEL-DIR-R-002,delete,direct,1.0,0.0,1.0,0.6666666666666666,spec,True,,1,1,,35.20279590599239,"{""delta_node_precision"": 1.0, ""delta_node_recall"": 1.0, ""delta_node_f1"": 1.0, ""delta_edge_precision"": 1.0, ""delta_edge_recall"": 1.0, ""delta_edge_f1"": 1.0, ""delta_topology_score"": 1.0}","{""class_match"": 0.0, ""properties"": 0.0}","{""per_pair"": [1.0], ""n_gt"": 1, ""n_matched"": 1}",157.78
SLB-DEL-DIR-R-003,delete,direct,1.0,0.0,1.0,0.6666666666666666,spec,True,,1,1,,1.1889200839214027,"{""delta_node_precision"": 1.0, ""delta_node_recall"": 1.0, ""delta_node_f1"": 1.0, ""delta_edge_precision"": 1.0, ""delta_edge_recall"": 1.0, ""delta_edge_f1"": 1.0, ""delta_topology_score"": 1.0}","{""class_match"": 0.0, ""properties"": 0.0}","{""per_pair"": [1.0], ""n_gt"": 1, ""n_matched"": 1}",5.33
SLB-DEL-DIR-R-004,delete,direct,1.0,0.0,0.4018184196755626,0.4672728065585208,spec,True,,1,1,,2.020797637756914,"{""delta_node_precision"": 0.14285714285714285, ""delta_node_recall"": 1.0, ""delta_node_f1"": 0.25, ""delta_edge_precision"": 0.08333333333333333, ""delta_edge_recall"": 1.0, ""delta_edge_f1"": 0.15384615384615385, ""delta_topology_score"": 0.1826923076923077}","{""class_match"": 0.0, ""properties"": 0.0}","{""per_pair"": [1.0], ""n_gt"": 1, ""n_matched"": 1}",4.73
SLB-DEL-SPA-A-001,delete,spatial,0.0,1.0,0.0,0.3333333333333333,spec,False,,1,0,,0.016595040913671255,"{""delta_node_precision"": 0.0, ""delta_node_recall"": 0.0, ""delta_node_f1"": 0.0, ""delta_edge_precision"": 0.0, ""delta_edge_recall"": 0.0, ""delta_edge_f1"": 0.0, ""delta_topology_score"": 0.0}","{""class_match"": 1.0, ""properties"": 1.0}","{""per_pair"": [0.0], ""n_gt"": 1, ""n_matched"": 0}",0.12
SLB-DEL-SPA-A-002,delete,spatial,0.0,1.0,0.0,0.3333333333333333,spec,False,,1,0,,0.06200094614177942,"{""delta_node_precision"": 0.0, ""delta_node_recall"": 0.0, ""delta_node_f1"": 0.0, ""delta_edge_precision"": 0.0, ""delta_edge_recall"": 0.0, ""delta_edge_f1"": 0.0, ""delta_topology_score"": 0.0}","{""class_match"": 1.0, ""properties"": 1.0}","{""per_pair"": [0.0], ""n_gt"": 1, ""n_matched"": 0}",0.4
SLB-DEL-SPA-A-003,delete,spatial,0.0,1.0,0.0,0.3333333333333333,spec,False,,1,0,,0.2285909610800445,"{""delta_node_precision"": 0.0, ""delta_node_recall"": 0.0, ""delta_node_f1"": 0.0, ""delta_edge_precision"": 0.0, ""delta_edge_recall"": 0.0, ""delta_edge_f1"": 0.0, ""delta_topology_score"": 0.0}","{""class_match"": 1.0, ""properties"": 1.0}","{""per_pair"": [0.0], ""n_gt"": 1, ""n_matched"": 0}",0.12
SLB-DEL-SPA-A-004,delete,spatial,1.0,0.0,1.0,0.6666666666666666,spec,True,,1,1,,0.0030226469971239567,"{""delta_node_precision"": 1.0, ""delta_node_recall"": 1.0, ""delta_node_f1"": 1.0, ""delta_edge_precision"": 1.0, ""delta_edge_recall"": 1.0, ""delta_edge_f1"": 1.0, ""delta_topology_score"": 1.0}","{""class_match"": 0.0, ""properties"": 0.0}","{""per_pair"": [1.0], ""n_gt"": 1, ""n_matched"": 1}",0.03
SLB-DEL-SPA-R-001,delete,spatial,0.0,1.0,0.0,0.3333333333333333,spec,False,,1,0,,2.122238266747445,"{""delta_node_precision"": 0.0, ""delta_node_recall"": 0.0, ""delta_node_f1"": 0.0, ""delta_edge_precision"": 0.0, ""delta_edge_recall"": 0.0, ""delta_edge_f1"": 0.0, ""delta_topology_score"": 0.0}","{""class_match"": 1.0, ""properties"": 1.0}","{""per_pair"": [0.0], ""n_gt"": 1, ""n_matched"": 0}",21.45
SLB-DEL-SPA-R-002,delete,spatial,0.0,1.0,0.0,0.3333333333333333,spec,False,,1,0,,19.45889445208013,"{""delta_node_precision"": 0.0, ""delta_node_recall"": 0.0, ""delta_node_f1"": 0.0, ""delta_edge_precision"": 0.0, ""delta_edge_recall"": 0.0, ""delta_edge_f1"": 0.0, ""delta_topology_score"": 0.0}","{""class_match"": 1.0, ""properties"": 1.0}","{""per_pair"": [0.0], ""n_gt"": 1, ""n_matched"": 0}",157.78
SLB-DEL-SPA-R-003,delete,spatial,0.0,1.0,0.0,0.3333333333333333,spec,False,,1,0,,0.6092324936762452,"{""delta_node_precision"": 0.0, ""delta_node_recall"": 0.0, ""delta_node_f1"": 0.0, ""delta_edge_precision"": 0.0, ""delta_edge_recall"": 0.0, ""delta_edge_f1"": 0.0, ""delta_topology_score"": 0.0}","{""class_match"": 1.0, ""properties"": 1.0}","{""per_pair"": [0.0], ""n_gt"": 1, ""n_matched"": 0}",5.33
SLB-DEL-SPA-R-004,delete,spatial,1.0,0.0,0.44801587301587303,0.48267195767195764,spec,True,,1,1,,0.6480615502223372,"{""delta_node_precision"": 0.2, ""delta_node_recall"": 1.0, ""delta_node_f1"": 0.33333333333333337, ""delta_edge_precision"": 0.125, ""delta_edge_recall"": 1.0, ""delta_edge_f1"": 0.2222222222222222, ""delta_topology_score"": 0.25555555555555554}","{""class_match"": 0.0, ""properties"": 0.0}","{""per_pair"": [1.0], ""n_gt"": 1, ""n_matched"": 1}",4.73
SLB-DEL-TOP-A-001,delete,topological,1.0,0.0,1.0,0.6666666666666666,spec,True,,1,1,,0.01283264672383666,"{""delta_node_precision"": 1.0, ""delta_node_recall"": 1.0, ""delta_node_f1"": 1.0, ""delta_edge_precision"": 1.0, ""delta_edge_recall"": 1.0, ""delta_edge_f1"": 1.0, ""delta_topology_score"": 1.0}","{""class_match"": 0.0, ""properties"": 0.0}","{""per_pair"": [1.0], ""n_gt"": 1, ""n_matched"": 1}",0.12
SLB-DEL-TOP-A-002,delete,topological,1.0,0.0,1.0,0.6666666666666666,spec,True,,1,1,,0.06031899666413665,"{""delta_node_precision"": 1.0, ""delta_node_recall"": 1.0, ""delta_node_f1"": 1.0, ""delta_edge_precision"": 1.0, ""delta_edge_recall"": 1.0, ""delta_edge_f1"": 1.0, ""delta_topology_score"": 1.0}","{""class_match"": 0.0, ""properties"": 0.0}","{""per_pair"": [1.0], ""n_gt"": 1, ""n_matched"": 1}",0.4
SLB-DEL-TOP-A-003,delete,topological,0.0,1.0,0.0,0.3333333333333333,spec,False,,1,0,,0.026056445203721523,"{""delta_node_precision"": 0.0, ""delta_node_recall"": 0.0, ""delta_node_f1"": 0.0, ""delta_edge_precision"": 0.0, ""delta_edge_recall"": 0.0, ""delta_edge_f1"": 0.0, ""delta_topology_score"": 0.0}","{""class_match"": 1.0, ""properties"": 1.0}","{""per_pair"": [0.0], ""n_gt"": 1, ""n_matched"": 0}",0.12
SLB-DEL-TOP-A-004,delete,topological,1.0,0.0,1.0,0.6666666666666666,spec,True,,1,1,,0.0026826271787285805,"{""delta_node_precision"": 1.0, ""delta_node_recall"": 1.0, ""delta_node_f1"": 1.0, ""delta_edge_precision"": 1.0, ""delta_edge_recall"": 1.0, ""delta_edge_f1"": 1.0, ""delta_topology_score"": 1.0}","{""class_match"": 0.0, ""properties"": 0.0}","{""per_pair"": [1.0], ""n_gt"": 1, ""n_matched"": 1}",0.03
SLB-DEL-TOP-R-001,delete,topological,0.0,1.0,0.0,0.3333333333333333,spec,False,,1,0,,2.0911239348351955,"{""delta_node_precision"": 0.0, ""delta_node_recall"": 0.0, ""delta_node_f1"": 0.0, ""delta_edge_precision"": 0.0, ""delta_edge_recall"": 0.0, ""delta_edge_f1"": 0.0, ""delta_topology_score"": 0.0}","{""class_match"": 1.0, ""properties"": 1.0}","{""per_pair"": [0.0], ""n_gt"": 1, ""n_matched"": 0}",21.45
SLB-DEL-TOP-R-002,delete,topological,0.0,1.0,0.0,0.3333333333333333,spec,False,,1,0,,19.742416942026466,"{""delta_node_precision"": 0.0, ""delta_node_recall"": 0.0, ""delta_node_f1"": 0.0, ""delta_edge_precision"": 0.0, ""delta_edge_recall"": 0.0, ""delta_edge_f1"": 0.0, ""delta_topology_score"": 0.0}","{""class_match"": 1.0, ""properties"": 1.0}","{""per_pair"": [0.0], ""n_gt"": 1, ""n_matched"": 0}",157.78
SLB-DEL-TOP-R-003,delete,topological,0.0,1.0,0.0,0.3333333333333333,spec,False,,1,0,,0.6085314927622676,"{""delta_node_precision"": 0.0, ""delta_node_recall"": 0.0, ""delta_node_f1"": 0.0, ""delta_edge_precision"": 0.0, ""delta_edge_recall"": 0.0, ""delta_edge_f1"": 0.0, ""delta_topology_score"": 0.0}","{""class_match"": 1.0, ""properties"": 1.0}","{""per_pair"": [0.0], ""n_gt"": 1, ""n_matched"": 0}",5.33
SLB-DEL-TOP-R-004,delete,topological,0.0,1.0,0.0,0.3333333333333333,spec,False,,1,0,,0.6183868385851383,"{""delta_node_precision"": 0.0, ""delta_node_recall"": 0.0, ""delta_node_f1"": 0.0, ""delta_edge_precision"": 0.0, ""delta_edge_recall"": 0.0, ""delta_edge_f1"": 0.0, ""delta_topology_score"": 0.0}","{""class_match"": 1.0, ""properties"": 1.0}","{""per_pair"": [0.0], ""n_gt"": 1, ""n_matched"": 0}",4.73
SLB-UPD-DIR-A-001,update,direct,0.0,0.0,0.0,0.0,spec,False,,1,0,,0.036652105394750834,"{""delta_node_precision"": 0.0, ""delta_node_recall"": 0.0, ""delta_node_f1"": 0.0, ""delta_edge_precision"": 0.0, ""delta_edge_recall"": 0.0, ""delta_edge_f1"": 0.0, ""delta_topology_score"": 0.0}","{""class_match"": 0.0, ""properties"": 0.0}","{""per_pair"": [0.0], ""n_gt"": 1, ""n_matched"": 0}",0.12
SLB-UPD-DIR-A-002,update,direct,0.9621596423866867,1.0,1.0,0.9873865474622289,spec,True,11kJIqz$n2Jf_DfJV1SCVP,1,1,,0.16073493380099535,"{""delta_node_precision"": 1.0, ""delta_node_recall"": 1.0, ""delta_node_f1"": 1.0, ""delta_edge_precision"": 1.0, ""delta_edge_recall"": 1.0, ""delta_edge_f1"": 1.0, ""delta_topology_score"": 1.0}","{""class_match"": 1.0, ""properties"": 1.0}","{""per_pair"": [0.9621596423866867], ""n_gt"": 1, ""n_matched"": 1}",0.4
SLB-UPD-DIR-A-003,update,direct,0.9115342587266977,0.7222222222222222,1.0,0.8779188269829733,spec,True,1YFesBujH2gOEC_rLPiADs,1,1,,0.017830784898251295,"{""delta_node_precision"": 1.0, ""delta_node_recall"": 1.0, ""delta_node_f1"": 1.0, ""delta_edge_precision"": 1.0, ""delta_edge_recall"": 1.0, ""delta_edge_f1"": 1.0, ""delta_topology_score"": 1.0}","{""class_match"": 1.0, ""properties"": 0.4444444444444444}","{""per_pair"": [0.9115342587266977], ""n_gt"": 1, ""n_matched"": 1}",0.04
SLB-UPD-DIR-A-004,update,direct,0.0,0.0,0.0,0.0,spec,False,,1,0,,0.19389732973650098,"{""delta_node_precision"": 0.0, ""delta_node_recall"": 0.0, ""delta_node_f1"": 0.0, ""delta_edge_precision"": 0.0, ""delta_edge_recall"": 0.0, ""delta_edge_f1"": 0.0, ""delta_topology_score"": 0.0}","{""class_match"": 0.0, ""properties"": 0.0}","{""per_pair"": [0.0], ""n_gt"": 1, ""n_matched"": 0}",0.05
SLB-UPD-DIR-R-001,update,direct,0.9689220489740428,1.0,1.0,0.9896406829913476,spec,True,0bqRrMdOXEnON1o90BM2ec,1,1,,3.99794741300866,"{""delta_node_precision"": 1.0, ""delta_node_recall"": 1.0, ""delta_node_f1"": 1.0, ""delta_edge_precision"": 1.0, ""delta_edge_recall"": 1.0, ""delta_edge_f1"": 1.0, ""delta_topology_score"": 1.0}","{""class_match"": 1.0, ""properties"": 1.0}","{""per_pair"": [0.9689220489740428], ""n_gt"": 1, ""n_matched"": 1}",21.45
SLB-UPD-DIR-R-002,update,direct,0.9627942520400206,1.0,1.0,0.9875980840133401,spec,True,3o2OEZ4R1CNe$4DSxkxEcZ,1,1,,29.233495373278856,"{""delta_node_precision"": 1.0, ""delta_node_recall"": 1.0, ""delta_node_f1"": 1.0, ""delta_edge_precision"": 1.0, ""delta_edge_recall"": 1.0, ""delta_edge_f1"": 1.0, ""delta_topology_score"": 1.0}","{""class_match"": 1.0, ""properties"": 1.0}","{""per_pair"": [0.9627942520400206], ""n_gt"": 1, ""n_matched"": 1}",154.68
SLB-UPD-DIR-R-003,update,direct,0.910810148646929,0.7,1.0,0.8702700495489762,spec,True,00yrLiRn90MQI8Q5LMWRQP,1,1,,1.2008723472245038,"{""delta_node_precision"": 1.0, ""delta_node_recall"": 1.0, ""delta_node_f1"": 1.0, ""delta_edge_precision"": 1.0, ""delta_edge_recall"": 1.0, ""delta_edge_f1"": 1.0, ""delta_topology_score"": 1.0}","{""class_match"": 1.0, ""properties"": 0.4}","{""per_pair"": [0.910810148646929], ""n_gt"": 1, ""n_matched"": 1}",5.33
SLB-UPD-DIR-R-004,update,direct,1.0,1.0,0.9038095238095237,0.9679365079365079,spec,True,1NdPj2psv3Pg$6d7CB_VNd,1,1,,1.2790077128447592,"{""delta_node_precision"": 1.0, ""delta_node_recall"": 1.0, ""delta_node_f1"": 1.0, ""delta_edge_precision"": 1.0, ""delta_edge_recall"": 0.6666666666666666, ""delta_edge_f1"": 0.8, ""delta_topology_score"": 0.8599999999999999}","{""class_match"": 1.0, ""properties"": 1.0}","{""per_pair"": [1.0], ""n_gt"": 1, ""n_matched"": 1}",4.73
SLB-UPD-SPA-A-001,update,spatial,0.9606578587786939,1.0,0.5285714285714286,0.8297430957833741,spec,True,0okaGdY4n1xulccRQajp6C,1,1,,0.022642089053988457,"{""delta_node_precision"": 0.0, ""delta_node_recall"": 0.0, ""delta_node_f1"": 0.0, ""delta_edge_precision"": 1.0, ""delta_edge_recall"": 1.0, ""delta_edge_f1"": 1.0, ""delta_topology_score"": 0.7}","{""class_match"": 1.0, ""properties"": 1.0}","{""per_pair"": [0.9606578587786939], ""n_gt"": 1, ""n_matched"": 1}",0.12
SLB-UPD-SPA-A-002,update,spatial,0.9615854592465048,1.0,0.5285714285714286,0.8300522959393111,spec,True,11kJIqz$n2Jf_DfJV1SCVP,1,1,,0.09046036703512073,"{""delta_node_precision"": 0.0, ""delta_node_recall"": 0.0, ""delta_node_f1"": 0.0, ""delta_edge_precision"": 1.0, ""delta_edge_recall"": 1.0, ""delta_edge_f1"": 1.0, ""delta_topology_score"": 0.7}","{""class_match"": 1.0, ""properties"": 1.0}","{""per_pair"": [0.9615854592465048], ""n_gt"": 1, ""n_matched"": 1}",0.4
SLB-UPD-SPA-A-003,update,spatial,0.9115342587266977,0.7222222222222222,1.0,0.8779188269829733,spec,True,1YFesBujH2gOEC_rLPiADs,1,1,,0.013498533982783556,"{""delta_node_precision"": 1.0, ""delta_node_recall"": 1.0, ""delta_node_f1"": 1.0, ""delta_edge_precision"": 1.0, ""delta_edge_recall"": 1.0, ""delta_edge_f1"": 1.0, ""delta_topology_score"": 1.0}","{""class_match"": 1.0, ""properties"": 0.4444444444444444}","{""per_pair"": [0.9115342587266977], ""n_gt"": 1, ""n_matched"": 1}",0.04
SLB-UPD-SPA-A-004,update,spatial,0.0,0.0,0.0,0.0,spec,False,,1,0,,0.009339249227195978,"{""delta_node_precision"": 0.0, ""delta_node_recall"": 0.0, ""delta_node_f1"": 0.0, ""delta_edge_precision"": 0.0, ""delta_edge_recall"": 0.0, ""delta_edge_f1"": 0.0, ""delta_topology_score"": 0.0}","{""class_match"": 0.0, ""properties"": 0.0}","{""per_pair"": [0.0], ""n_gt"": 1, ""n_matched"": 0}",0.05
SLB-UPD-SPA-R-001,update,spatial,0.9686679144060178,1.0,0.5285714285714286,0.8324131143258154,spec,True,0bqRrMdOXEnON1o90BM2ec,1,1,,2.2037802981212735,"{""delta_node_precision"": 0.0, ""delta_node_recall"": 0.0, ""delta_node_f1"": 0.0, ""delta_edge_precision"": 1.0, ""delta_edge_recall"": 1.0, ""delta_edge_f1"": 1.0, ""delta_topology_score"": 0.7}","{""class_match"": 1.0, ""properties"": 1.0}","{""per_pair"": [0.9686679144060178], ""n_gt"": 1, ""n_matched"": 1}",21.45
SLB-UPD-SPA-R-002,update,spatial,0.9637856463645916,1.0,0.5285714285714286,0.8307856916453401,spec,True,3o2OEZ4R1CNe$4DSxkxEcZ,1,1,,17.453701795078814,"{""delta_node_precision"": 0.0, ""delta_node_recall"": 0.0, ""delta_node_f1"": 0.0, ""delta_edge_precision"": 1.0, ""delta_edge_recall"": 1.0, ""delta_edge_f1"": 1.0, ""delta_topology_score"": 0.7}","{""class_match"": 1.0, ""properties"": 1.0}","{""per_pair"": [0.9637856463645916], ""n_gt"": 1, ""n_matched"": 1}",154.68
SLB-UPD-SPA-R-003,update,spatial,0.910810148646929,0.7,1.0,0.8702700495489762,spec,True,00yrLiRn90MQI8Q5LMWRQP,1,1,,0.6153222140856087,"{""delta_node_precision"": 1.0, ""delta_node_recall"": 1.0, ""delta_node_f1"": 1.0, ""delta_edge_precision"": 1.0, ""delta_edge_recall"": 1.0, ""delta_edge_f1"": 1.0, ""delta_topology_score"": 1.0}","{""class_match"": 1.0, ""properties"": 0.4}","{""per_pair"": [0.910810148646929], ""n_gt"": 1, ""n_matched"": 1}",5.33
SLB-UPD-SPA-R-004,update,spatial,0.0,0.0,0.0,0.0,spec,False,,1,0,,0.640273290220648,"{""delta_node_precision"": 0.0, ""delta_node_recall"": 0.0, ""delta_node_f1"": 0.0, ""delta_edge_precision"": 0.0, ""delta_edge_recall"": 0.0, ""delta_edge_f1"": 0.0, ""delta_topology_score"": 0.0}","{""class_match"": 0.0, ""properties"": 0.0}","{""per_pair"": [0.0], ""n_gt"": 1, ""n_matched"": 0}",4.73
SLB-UPD-TOP-A-001,update,topological,0.9606578587786939,1.0,0.5285714285714286,0.8297430957833741,spec,True,0okaGdY4n1xulccRQajp6C,1,1,,0.022206511814147234,"{""delta_node_precision"": 0.0, ""delta_node_recall"": 0.0, ""delta_node_f1"": 0.0, ""delta_edge_precision"": 1.0, ""delta_edge_recall"": 1.0, ""delta_edge_f1"": 1.0, ""delta_topology_score"": 0.7}","{""class_match"": 1.0, ""properties"": 1.0}","{""per_pair"": [0.9606578587786939], ""n_gt"": 1, ""n_matched"": 1}",0.12
SLB-UPD-TOP-A-002,update,topological,0.9621596423866867,1.0,1.0,0.9873865474622289,spec,True,11kJIqz$n2Jf_DfJV1SCVP,1,1,,0.0958638871088624,"{""delta_node_precision"": 1.0, ""delta_node_recall"": 1.0, ""delta_node_f1"": 1.0, ""delta_edge_precision"": 1.0, ""delta_edge_recall"": 1.0, ""delta_edge_f1"": 1.0, ""delta_topology_score"": 1.0}","{""class_match"": 1.0, ""properties"": 1.0}","{""per_pair"": [0.9621596423866867], ""n_gt"": 1, ""n_matched"": 1}",0.4
SLB-UPD-TOP-A-003,update,topological,0.9559761301382973,0.7222222222222222,0.5285714285714286,0.735589926977316,spec,True,1YFesBujH2gOEC_rLPiADs,1,1,,0.013569331262260675,"{""delta_node_precision"": 0.0, ""delta_node_recall"": 0.0, ""delta_node_f1"": 0.0, ""delta_edge_precision"": 1.0, ""delta_edge_recall"": 1.0, ""delta_edge_f1"": 1.0, ""delta_topology_score"": 0.7}","{""class_match"": 1.0, ""properties"": 0.4444444444444444}","{""per_pair"": [0.9559761301382973], ""n_gt"": 1, ""n_matched"": 1}",0.04
SLB-UPD-TOP-A-004,update,topological,0.0,0.0,0.0,0.0,spec,False,,1,0,,0.008389200083911419,"{""delta_node_precision"": 0.0, ""delta_node_recall"": 0.0, ""delta_node_f1"": 0.0, ""delta_edge_precision"": 0.0, ""delta_edge_recall"": 0.0, ""delta_edge_f1"": 0.0, ""delta_topology_score"": 0.0}","{""class_match"": 0.0, ""properties"": 0.0}","{""per_pair"": [0.0], ""n_gt"": 1, ""n_matched"": 0}",0.05
SLB-UPD-TOP-R-001,update,topological,0.9687201824632978,1.0,1.0,0.9895733941544327,spec,True,0bqRrMdOXEnON1o90BM2ec,1,1,,2.2726506269536912,"{""delta_node_precision"": 1.0, ""delta_node_recall"": 1.0, ""delta_node_f1"": 1.0, ""delta_edge_precision"": 1.0, ""delta_edge_recall"": 1.0, ""delta_edge_f1"": 1.0, ""delta_topology_score"": 1.0}","{""class_match"": 1.0, ""properties"": 1.0}","{""per_pair"": [0.9687201824632978], ""n_gt"": 1, ""n_matched"": 1}",21.45
SLB-UPD-TOP-R-002,update,topological,0.9637856463645916,1.0,0.5285714285714286,0.8307856916453401,spec,True,3o2OEZ4R1CNe$4DSxkxEcZ,1,1,,18.73667477723211,"{""delta_node_precision"": 0.0, ""delta_node_recall"": 0.0, ""delta_node_f1"": 0.0, ""delta_edge_precision"": 1.0, ""delta_edge_recall"": 1.0, ""delta_edge_f1"": 1.0, ""delta_topology_score"": 0.7}","{""class_match"": 1.0, ""properties"": 1.0}","{""per_pair"": [0.9637856463645916], ""n_gt"": 1, ""n_matched"": 1}",154.68
SLB-UPD-TOP-R-003,update,topological,0.957406241454486,0.7,0.5285714285714286,0.7286592233419715,spec,True,00yrLiRn90MQI8Q5LMWRQP,1,1,,0.609918596688658,"{""delta_node_precision"": 0.0, ""delta_node_recall"": 0.0, ""delta_node_f1"": 0.0, ""delta_edge_precision"": 1.0, ""delta_edge_recall"": 1.0, ""delta_edge_f1"": 1.0, ""delta_topology_score"": 0.7}","{""class_match"": 1.0, ""properties"": 0.4}","{""per_pair"": [0.957406241454486], ""n_gt"": 1, ""n_matched"": 1}",5.33
SLB-UPD-TOP-R-004,update,topological,0.0,0.0,0.0,0.0,spec,False,,1,0,,0.6236874437890947,"{""delta_node_precision"": 0.0, ""delta_node_recall"": 0.0, ""delta_node_f1"": 0.0, ""delta_edge_precision"": 0.0, ""delta_edge_recall"": 0.0, ""delta_edge_f1"": 0.0, ""delta_topology_score"": 0.0}","{""class_match"": 0.0, ""properties"": 0.0}","{""per_pair"": [0.0], ""n_gt"": 1, ""n_matched"": 0}",4.73
WAL-CRE-DIR-A-001,create,direct,0.0,0.0,0.0,0.0,diff,False,,1,0,,0.29449103912338614,"{""delta_node_precision"": 0.0, ""delta_node_recall"": 0.0, ""delta_node_f1"": 0.0, ""delta_edge_precision"": 0.0, ""delta_edge_recall"": 0.0, ""delta_edge_f1"": 0.0, ""delta_topology_score"": 0.0}","{""class_match"": 0.0, ""properties"": 0.0}","{""per_pair"": [0.0], ""n_gt"": 1, ""n_matched"": 0}",0.41
WAL-CRE-DIR-A-002,create,direct,0.9999999999999996,0.5,0.7885714285714285,0.7628571428571428,diff,True,05znm_jA58fRmTxv3ab$zJ,1,1,,0.08212278736755252,"{""delta_node_precision"": 1.0, ""delta_node_recall"": 1.0, ""delta_node_f1"": 1.0, ""delta_edge_precision"": 0.6, ""delta_edge_recall"": 0.6, ""delta_edge_f1"": 0.6, ""delta_topology_score"": 0.72}","{""class_match"": 1.0, ""properties"": 0.0}","{""per_pair"": [0.9999999999999996], ""n_gt"": 1, ""n_matched"": 1}",0.4
WAL-CRE-DIR-A-003,create,direct,0.9999999999999991,0.5,0.7885714285714285,0.7628571428571425,diff,True,0fRPWxe5r2$OoK0sp$n49Y,1,1,,0.03182737389579415,"{""delta_node_precision"": 1.0, ""delta_node_recall"": 1.0, ""delta_node_f1"": 1.0, ""delta_edge_precision"": 0.6, ""delta_edge_recall"": 0.6, ""delta_edge_f1"": 0.6, ""delta_topology_score"": 0.72}","{""class_match"": 1.0, ""properties"": 0.0}","{""per_pair"": [0.9999999999999991], ""n_gt"": 1, ""n_matched"": 1}",0.11
WAL-CRE-DIR-A-004,create,direct,0.9619202608631288,0.5,0.6979591836734693,0.7199598148455326,diff,True,3do_pITHr2YwM0Ys1NkaSX,1,1,,0.01963877771049738,"{""delta_node_precision"": 1.0, ""delta_node_recall"": 1.0, ""delta_node_f1"": 1.0, ""delta_edge_precision"": 0.42857142857142855, ""delta_edge_recall"": 0.42857142857142855, ""delta_edge_f1"": 0.42857142857142855, ""delta_topology_score"": 0.6}","{""class_match"": 1.0, ""properties"": 0.0}","{""per_pair"": [0.9619202608631288], ""n_gt"": 1, ""n_matched"": 1}",0.03
WAL-CRE-DIR-R-001,create,direct,0.0,0.0,0.0,0.0,diff,False,,1,0,,33.579288995824754,"{""delta_node_precision"": 0.0, ""delta_node_recall"": 0.0, ""delta_node_f1"": 0.0, ""delta_edge_precision"": 0.0, ""delta_edge_recall"": 0.0, ""delta_edge_f1"": 0.0, ""delta_topology_score"": 0.0}","{""class_match"": 0.0, ""properties"": 0.0}","{""per_pair"": [0.0], ""n_gt"": 1, ""n_matched"": 0}",224.95
WAL-CRE-DIR-R-002,create,direct,0.9992883025470395,0.5,0.8821428571428571,0.7938103865632988,diff,True,1JHJWrQ75EsP1Wjy4y3DFr,1,1,,8.258919221814722,"{""delta_node_precision"": 1.0, ""delta_node_recall"": 1.0, ""delta_node_f1"": 1.0, ""delta_edge_precision"": 1.0, ""delta_edge_recall"": 0.6, ""delta_edge_f1"": 0.7499999999999999, ""delta_topology_score"": 0.825}","{""class_match"": 1.0, ""properties"": 0.0}","{""per_pair"": [0.9992883025470395], ""n_gt"": 1, ""n_matched"": 1}",47.02
WAL-CRE-DIR-R-003,create,direct,0.0,0.0,0.0,0.0,diff,False,,1,0,,0.8338793129660189,"{""delta_node_precision"": 0.0, ""delta_node_recall"": 0.0, ""delta_node_f1"": 0.0, ""delta_edge_precision"": 0.0, ""delta_edge_recall"": 0.0, ""delta_edge_f1"": 0.0, ""delta_topology_score"": 0.0}","{""class_match"": 0.0, ""properties"": 0.0}","{""per_pair"": [0.0], ""n_gt"": 1, ""n_matched"": 0}",5.25
WAL-CRE-DIR-R-004,create,direct,0.9619026030084409,0.5,0.4941249226963513,0.6520091752349307,diff,True,0S2Umidh90Vgb4TdMTiesS,1,1,,3.1073601660318673,"{""delta_node_precision"": 0.5, ""delta_node_recall"": 1.0, ""delta_node_f1"": 0.6666666666666666, ""delta_edge_precision"": 0.2, ""delta_edge_recall"": 0.42857142857142855, ""delta_edge_f1"": 0.27272727272727276, ""delta_topology_score"": 0.3909090909090909}","{""class_match"": 1.0, ""properties"": 0.0}","{""per_pair"": [0.9619026030084409], ""n_gt"": 1, ""n_matched"": 1}",5.25
WAL-CRE-SPA-A-001,create,spatial,0.0,0.0,0.0,0.0,diff,False,,1,0,,0.05842019012197852,"{""delta_node_precision"": 0.0, ""delta_node_recall"": 0.0, ""delta_node_f1"": 0.0, ""delta_edge_precision"": 0.0, ""delta_edge_recall"": 0.0, ""delta_edge_f1"": 0.0, ""delta_topology_score"": 0.0}","{""class_match"": 0.0, ""properties"": 0.0}","{""per_pair"": [0.0], ""n_gt"": 1, ""n_matched"": 0}",0.41
WAL-CRE-SPA-A-002,create,spatial,0.0,0.0,0.0,0.0,diff,False,,1,0,,0.06790169095620513,"{""delta_node_precision"": 0.0, ""delta_node_recall"": 0.0, ""delta_node_f1"": 0.0, ""delta_edge_precision"": 0.0, ""delta_edge_recall"": 0.0, ""delta_edge_f1"": 0.0, ""delta_topology_score"": 0.0}","{""class_match"": 0.0, ""properties"": 0.0}","{""per_pair"": [0.0], ""n_gt"": 1, ""n_matched"": 0}",0.4
WAL-CRE-SPA-A-003,create,spatial,0.0,0.0,0.0,0.0,diff,False,,1,0,,0.007773523684591055,"{""delta_node_precision"": 0.0, ""delta_node_recall"": 0.0, ""delta_node_f1"": 0.0, ""delta_edge_precision"": 0.0, ""delta_edge_recall"": 0.0, ""delta_edge_f1"": 0.0, ""delta_topology_score"": 0.0}","{""class_match"": 0.0, ""properties"": 0.0}","{""per_pair"": [0.0], ""n_gt"": 1, ""n_matched"": 0}",0.11
WAL-CRE-SPA-A-004,create,spatial,0.0,0.0,0.0,0.0,diff,False,,1,0,,0.004415604285895824,"{""delta_node_precision"": 0.0, ""delta_node_recall"": 0.0, ""delta_node_f1"": 0.0, ""delta_edge_precision"": 0.0, ""delta_edge_recall"": 0.0, ""delta_edge_f1"": 0.0, ""delta_topology_score"": 0.0}","{""class_match"": 0.0, ""properties"": 0.0}","{""per_pair"": [0.0], ""n_gt"": 1, ""n_matched"": 0}",0.03
WAL-CRE-SPA-R-001,create,spatial,0.0,0.0,0.0,0.0,diff,False,,1,0,,15.633182357996702,"{""delta_node_precision"": 0.0, ""delta_node_recall"": 0.0, ""delta_node_f1"": 0.0, ""delta_edge_precision"": 0.0, ""delta_edge_recall"": 0.0, ""delta_edge_f1"": 0.0, ""delta_topology_score"": 0.0}","{""class_match"": 0.0, ""properties"": 0.0}","{""per_pair"": [0.0], ""n_gt"": 1, ""n_matched"": 0}",224.95
WAL-CRE-SPA-R-002,create,spatial,0.0,0.0,0.0,0.0,diff,False,,1,0,,3.642802487127483,"{""delta_node_precision"": 0.0, ""delta_node_recall"": 0.0, ""delta_node_f1"": 0.0, ""delta_edge_precision"": 0.0, ""delta_edge_recall"": 0.0, ""delta_edge_f1"": 0.0, ""delta_topology_score"": 0.0}","{""class_match"": 0.0, ""properties"": 0.0}","{""per_pair"": [0.0], ""n_gt"": 1, ""n_matched"": 0}",47.02
WAL-CRE-SPA-R-003,create,spatial,0.0,0.0,0.0,0.0,diff,False,,1,0,,0.393007171805948,"{""delta_node_precision"": 0.0, ""delta_node_recall"": 0.0, ""delta_node_f1"": 0.0, ""delta_edge_precision"": 0.0, ""delta_edge_recall"": 0.0, ""delta_edge_f1"": 0.0, ""delta_topology_score"": 0.0}","{""class_match"": 0.0, ""properties"": 0.0}","{""per_pair"": [0.0], ""n_gt"": 1, ""n_matched"": 0}",5.25
WAL-CRE-SPA-R-004,create,spatial,0.0,0.0,0.0,0.0,diff,False,,1,0,,0.7414968330413103,"{""delta_node_precision"": 0.0, ""delta_node_recall"": 0.0, ""delta_node_f1"": 0.0, ""delta_edge_precision"": 0.0, ""delta_edge_recall"": 0.0, ""delta_edge_f1"": 0.0, ""delta_topology_score"": 0.0}","{""class_match"": 0.0, ""properties"": 0.0}","{""per_pair"": [0.0], ""n_gt"": 1, ""n_matched"": 0}",5.25
WAL-CRE-TOP-A-001,create,topological,0.0,0.0,0.0,0.0,diff,False,,1,0,,0.04585235705599189,"{""delta_node_precision"": 0.0, ""delta_node_recall"": 0.0, ""delta_node_f1"": 0.0, ""delta_edge_precision"": 0.0, ""delta_edge_recall"": 0.0, ""delta_edge_f1"": 0.0, ""delta_topology_score"": 0.0}","{""class_match"": 0.0, ""properties"": 0.0}","{""per_pair"": [0.0], ""n_gt"": 1, ""n_matched"": 0}",0.41
WAL-CRE-TOP-A-002,create,topological,0.0,0.0,0.0,0.0,diff,False,,1,0,,0.06749248318374157,"{""delta_node_precision"": 0.0, ""delta_node_recall"": 0.0, ""delta_node_f1"": 0.0, ""delta_edge_precision"": 0.0, ""delta_edge_recall"": 0.0, ""delta_edge_f1"": 0.0, ""delta_topology_score"": 0.0}","{""class_match"": 0.0, ""properties"": 0.0}","{""per_pair"": [0.0], ""n_gt"": 1, ""n_matched"": 0}",0.4
WAL-CRE-TOP-A-003,create,topological,0.0,0.0,0.0,0.0,diff,False,,1,0,,0.0072989617474377155,"{""delta_node_precision"": 0.0, ""delta_node_recall"": 0.0, ""delta_node_f1"": 0.0, ""delta_edge_precision"": 0.0, ""delta_edge_recall"": 0.0, ""delta_edge_f1"": 0.0, ""delta_topology_score"": 0.0}","{""class_match"": 0.0, ""properties"": 0.0}","{""per_pair"": [0.0], ""n_gt"": 1, ""n_matched"": 0}",0.11
WAL-CRE-TOP-A-004,create,topological,0.0,0.0,0.0,0.0,diff,False,,1,0,,0.006055645644664764,"{""delta_node_precision"": 0.0, ""delta_node_recall"": 0.0, ""delta_node_f1"": 0.0, ""delta_edge_precision"": 0.0, ""delta_edge_recall"": 0.0, ""delta_edge_f1"": 0.0, ""delta_topology_score"": 0.0}","{""class_match"": 0.0, ""properties"": 0.0}","{""per_pair"": [0.0], ""n_gt"": 1, ""n_matched"": 0}",0.03
WAL-CRE-TOP-R-001,create,topological,0.0,0.0,0.0,0.0,diff,False,,1,0,,19.80458996538073,"{""delta_node_precision"": 0.0, ""delta_node_recall"": 0.0, ""delta_node_f1"": 0.0, ""delta_edge_precision"": 0.0, ""delta_edge_recall"": 0.0, ""delta_edge_f1"": 0.0, ""delta_topology_score"": 0.0}","{""class_match"": 0.0, ""properties"": 0.0}","{""per_pair"": [0.0], ""n_gt"": 1, ""n_matched"": 0}",224.95
WAL-CRE-TOP-R-002,create,topological,0.0,0.0,0.0,0.0,diff,False,,1,0,,3.974734427873045,"{""delta_node_precision"": 0.0, ""delta_node_recall"": 0.0, ""delta_node_f1"": 0.0, ""delta_edge_precision"": 0.0, ""delta_edge_recall"": 0.0, ""delta_edge_f1"": 0.0, ""delta_topology_score"": 0.0}","{""class_match"": 0.0, ""properties"": 0.0}","{""per_pair"": [0.0], ""n_gt"": 1, ""n_matched"": 0}",47.02
WAL-CRE-TOP-R-003,create,topological,0.0,0.0,0.0,0.0,diff,False,,1,0,,0.41567966993898153,"{""delta_node_precision"": 0.0, ""delta_node_recall"": 0.0, ""delta_node_f1"": 0.0, ""delta_edge_precision"": 0.0, ""delta_edge_recall"": 0.0, ""delta_edge_f1"": 0.0, ""delta_topology_score"": 0.0}","{""class_match"": 0.0, ""properties"": 0.0}","{""per_pair"": [0.0], ""n_gt"": 1, ""n_matched"": 0}",5.25
WAL-CRE-TOP-R-004,create,topological,0.0,0.0,0.0,0.0,diff,False,,1,0,,0.7398438029922545,"{""delta_node_precision"": 0.0, ""delta_node_recall"": 0.0, ""delta_node_f1"": 0.0, ""delta_edge_precision"": 0.0, ""delta_edge_recall"": 0.0, ""delta_edge_f1"": 0.0, ""delta_topology_score"": 0.0}","{""class_match"": 0.0, ""properties"": 0.0}","{""per_pair"": [0.0], ""n_gt"": 1, ""n_matched"": 0}",5.25
WAL-DEL-DIR-A-001,delete,direct,1.0,0.0,1.0,0.6666666666666666,spec,True,,1,1,,0.9004983338527381,"{""delta_node_precision"": 1.0, ""delta_node_recall"": 1.0, ""delta_node_f1"": 1.0, ""delta_edge_precision"": 1.0, ""delta_edge_recall"": 1.0, ""delta_edge_f1"": 1.0, ""delta_topology_score"": 1.0}","{""class_match"": 0.0, ""properties"": 0.0}","{""per_pair"": [1.0], ""n_gt"": 1, ""n_matched"": 1}",0.41
WAL-DEL-DIR-A-002,delete,direct,1.0,0.0,1.0,0.6666666666666666,spec,True,,1,1,,0.1524163787253201,"{""delta_node_precision"": 1.0, ""delta_node_recall"": 1.0, ""delta_node_f1"": 1.0, ""delta_edge_precision"": 1.0, ""delta_edge_recall"": 1.0, ""delta_edge_f1"": 1.0, ""delta_topology_score"": 1.0}","{""class_match"": 0.0, ""properties"": 0.0}","{""per_pair"": [1.0], ""n_gt"": 1, ""n_matched"": 1}",0.41
WAL-DEL-DIR-A-003,delete,direct,1.0,0.0,1.0,0.6666666666666666,spec,True,,1,1,,0.019754153676331043,"{""delta_node_precision"": 1.0, ""delta_node_recall"": 1.0, ""delta_node_f1"": 1.0, ""delta_edge_precision"": 1.0, ""delta_edge_recall"": 1.0, ""delta_edge_f1"": 1.0, ""delta_topology_score"": 1.0}","{""class_match"": 0.0, ""properties"": 0.0}","{""per_pair"": [1.0], ""n_gt"": 1, ""n_matched"": 1}",0.11
WAL-DEL-DIR-A-004,delete,direct,1.0,0.0,0.713095238095238,0.571031746031746,spec,True,,1,1,,0.03298438619822264,"{""delta_node_precision"": 0.6, ""delta_node_recall"": 1.0, ""delta_node_f1"": 0.7499999999999999, ""delta_edge_precision"": 0.4166666666666667, ""delta_edge_recall"": 1.0, ""delta_edge_f1"": 0.5882352941176471, ""delta_topology_score"": 0.6367647058823529}","{""class_match"": 0.0, ""properties"": 0.0}","{""per_pair"": [1.0], ""n_gt"": 1, ""n_matched"": 1}",0.17
WAL-DEL-DIR-R-001,delete,direct,1.0,0.0,1.0,0.6666666666666666,spec,True,,1,1,,41.488022249192,"{""delta_node_precision"": 1.0, ""delta_node_recall"": 1.0, ""delta_node_f1"": 1.0, ""delta_edge_precision"": 1.0, ""delta_edge_recall"": 1.0, ""delta_edge_f1"": 1.0, ""delta_topology_score"": 1.0}","{""class_match"": 0.0, ""properties"": 0.0}","{""per_pair"": [1.0], ""n_gt"": 1, ""n_matched"": 1}",224.95
WAL-DEL-DIR-R-002,delete,direct,1.0,0.0,0.41508363877701854,0.47169454625900614,spec,True,,1,1,,4.262506532017142,"{""delta_node_precision"": 0.2, ""delta_node_recall"": 1.0, ""delta_node_f1"": 0.33333333333333337, ""delta_edge_precision"": 0.06493506493506493, ""delta_edge_recall"": 1.0, ""delta_edge_f1"": 0.12195121951219512, ""delta_topology_score"": 0.18536585365853658}","{""class_match"": 0.0, ""properties"": 0.0}","{""per_pair"": [1.0], ""n_gt"": 1, ""n_matched"": 1}",47.02
WAL-DEL-DIR-R-003,delete,direct,1.0,0.0,0.3684793986107146,0.4561597995369049,spec,True,,1,1,,1.1891809259541333,"{""delta_node_precision"": 0.09090909090909091, ""delta_node_recall"": 1.0, ""delta_node_f1"": 0.16666666666666669, ""delta_edge_precision"": 0.08849557522123894, ""delta_edge_recall"": 0.9090909090909091, ""delta_edge_f1"": 0.16129032258064516, ""delta_topology_score"": 0.1629032258064516}","{""class_match"": 0.0, ""properties"": 0.0}","{""per_pair"": [1.0], ""n_gt"": 1, ""n_matched"": 1}",5.33
WAL-DEL-DIR-R-004,delete,direct,1.0,0.0,0.36765171104961514,0.455883903683205,spec,True,,1,1,,2.4091647281311452,"{""delta_node_precision"": 0.3333333333333333, ""delta_node_recall"": 0.5, ""delta_node_f1"": 0.4, ""delta_edge_precision"": 0.2127659574468085, ""delta_edge_recall"": 0.5, ""delta_edge_f1"": 0.2985074626865672, ""delta_topology_score"": 0.32895522388059706}","{""class_match"": 0.0, ""properties"": 0.0}","{""per_pair"": [1.0], ""n_gt"": 1, ""n_matched"": 1}",5.26
WAL-DEL-SPA-A-001,delete,spatial,1.0,0.0,1.0,0.6666666666666666,spec,True,,1,1,,0.06071379501372576,"{""delta_node_precision"": 1.0, ""delta_node_recall"": 1.0, ""delta_node_f1"": 1.0, ""delta_edge_precision"": 1.0, ""delta_edge_recall"": 1.0, ""delta_edge_f1"": 1.0, ""delta_topology_score"": 1.0}","{""class_match"": 0.0, ""properties"": 0.0}","{""per_pair"": [1.0], ""n_gt"": 1, ""n_matched"": 1}",0.41
WAL-DEL-SPA-A-002,delete,spatial,1.0,0.0,0.5149749373433583,0.5049916457811194,spec,True,,1,1,,0.06562940031290054,"{""delta_node_precision"": 0.2, ""delta_node_recall"": 1.0, ""delta_node_f1"": 0.33333333333333337, ""delta_edge_precision"": 0.2631578947368421, ""delta_edge_recall"": 1.0, ""delta_edge_f1"": 0.4166666666666667, ""delta_topology_score"": 0.3916666666666667}","{""class_match"": 0.0, ""properties"": 0.0}","{""per_pair"": [1.0], ""n_gt"": 1, ""n_matched"": 1}",0.41
WAL-DEL-SPA-A-003,delete,spatial,0.0,1.0,0.0,0.3333333333333333,spec,False,,1,0,,0.009118264075368643,"{""delta_node_precision"": 0.0, ""delta_node_recall"": 0.0, ""delta_node_f1"": 0.0, ""delta_edge_precision"": 0.0, ""delta_edge_recall"": 0.0, ""delta_edge_f1"": 0.0, ""delta_topology_score"": 0.0}","{""class_match"": 1.0, ""properties"": 1.0}","{""per_pair"": [0.0], ""n_gt"": 1, ""n_matched"": 0}",0.11
WAL-DEL-SPA-A-004,delete,spatial,0.0,1.0,0.0,0.3333333333333333,spec,False,,1,0,,0.01490898709744215,"{""delta_node_precision"": 0.0, ""delta_node_recall"": 0.0, ""delta_node_f1"": 0.0, ""delta_edge_precision"": 0.0, ""delta_edge_recall"": 0.0, ""delta_edge_f1"": 0.0, ""delta_topology_score"": 0.0}","{""class_match"": 1.0, ""properties"": 1.0}","{""per_pair"": [0.0], ""n_gt"": 1, ""n_matched"": 0}",0.17
WAL-DEL-SPA-R-001,delete,spatial,0.0,1.0,0.0,0.3333333333333333,spec,False,,1,0,,22.104148851707578,"{""delta_node_precision"": 0.0, ""delta_node_recall"": 0.0, ""delta_node_f1"": 0.0, ""delta_edge_precision"": 0.0, ""delta_edge_recall"": 0.0, ""delta_edge_f1"": 0.0, ""delta_topology_score"": 0.0}","{""class_match"": 1.0, ""properties"": 1.0}","{""per_pair"": [0.0], ""n_gt"": 1, ""n_matched"": 0}",224.95
WAL-DEL-SPA-R-002,delete,spatial,0.0,1.0,0.0,0.3333333333333333,spec,False,,1,0,,4.513812431599945,"{""delta_node_precision"": 0.0, ""delta_node_recall"": 0.0, ""delta_node_f1"": 0.0, ""delta_edge_precision"": 0.0, ""delta_edge_recall"": 0.0, ""delta_edge_f1"": 0.0, ""delta_topology_score"": 0.0}","{""class_match"": 1.0, ""properties"": 1.0}","{""per_pair"": [0.0], ""n_gt"": 1, ""n_matched"": 0}",47.02
WAL-DEL-SPA-R-003,delete,spatial,0.0,1.0,0.0,0.3333333333333333,spec,False,,1,0,,0.5955775030888617,"{""delta_node_precision"": 0.0, ""delta_node_recall"": 0.0, ""delta_node_f1"": 0.0, ""delta_edge_precision"": 0.0, ""delta_edge_recall"": 0.0, ""delta_edge_f1"": 0.0, ""delta_topology_score"": 0.0}","{""class_match"": 1.0, ""properties"": 1.0}","{""per_pair"": [0.0], ""n_gt"": 1, ""n_matched"": 0}",5.33
WAL-DEL-SPA-R-004,delete,spatial,0.0,1.0,0.0,0.3333333333333333,spec,False,,1,0,,0.6131646507419646,"{""delta_node_precision"": 0.0, ""delta_node_recall"": 0.0, ""delta_node_f1"": 0.0, ""delta_edge_precision"": 0.0, ""delta_edge_recall"": 0.0, ""delta_edge_f1"": 0.0, ""delta_topology_score"": 0.0}","{""class_match"": 1.0, ""properties"": 1.0}","{""per_pair"": [0.0], ""n_gt"": 1, ""n_matched"": 0}",5.26
WAL-DEL-TOP-A-001,delete,topological,1.0,0.0,1.0,0.6666666666666666,spec,True,,1,1,,0.13013199111446738,"{""delta_node_precision"": 1.0, ""delta_node_recall"": 1.0, ""delta_node_f1"": 1.0, ""delta_edge_precision"": 1.0, ""delta_edge_recall"": 1.0, ""delta_edge_f1"": 1.0, ""delta_topology_score"": 1.0}","{""class_match"": 0.0, ""properties"": 0.0}","{""per_pair"": [1.0], ""n_gt"": 1, ""n_matched"": 1}",0.41
WAL-DEL-TOP-A-002,delete,topological,1.0,0.0,0.5149749373433583,0.5049916457811194,spec,True,,1,1,,0.06592365074902773,"{""delta_node_precision"": 0.2, ""delta_node_recall"": 1.0, ""delta_node_f1"": 0.33333333333333337, ""delta_edge_precision"": 0.2631578947368421, ""delta_edge_recall"": 1.0, ""delta_edge_f1"": 0.4166666666666667, ""delta_topology_score"": 0.3916666666666667}","{""class_match"": 0.0, ""properties"": 0.0}","{""per_pair"": [1.0], ""n_gt"": 1, ""n_matched"": 1}",0.41
WAL-DEL-TOP-A-003,delete,topological,1.0,0.0,0.5149749373433583,0.5049916457811194,spec,True,,1,1,,0.006976323202252388,"{""delta_node_precision"": 0.2, ""delta_node_recall"": 1.0, ""delta_node_f1"": 0.33333333333333337, ""delta_edge_precision"": 0.2631578947368421, ""delta_edge_recall"": 1.0, ""delta_edge_f1"": 0.4166666666666667, ""delta_topology_score"": 0.3916666666666667}","{""class_match"": 0.0, ""properties"": 0.0}","{""per_pair"": [1.0], ""n_gt"": 1, ""n_matched"": 1}",0.11
WAL-DEL-TOP-A-004,delete,topological,1.0,0.0,1.0,0.6666666666666666,spec,True,,1,1,,0.012488394975662231,"{""delta_node_precision"": 1.0, ""delta_node_recall"": 1.0, ""delta_node_f1"": 1.0, ""delta_edge_precision"": 1.0, ""delta_edge_recall"": 1.0, ""delta_edge_f1"": 1.0, ""delta_topology_score"": 1.0}","{""class_match"": 0.0, ""properties"": 0.0}","{""per_pair"": [1.0], ""n_gt"": 1, ""n_matched"": 1}",0.17
WAL-DEL-TOP-R-001,delete,topological,1.0,0.0,0.5928362665182128,0.5309454221727375,spec,True,,1,1,,25.709710699040443,"{""delta_node_precision"": 0.29411764705882354, ""delta_node_recall"": 1.0, ""delta_node_f1"": 0.45454545454545453, ""delta_edge_precision"": 0.3617021276595745, ""delta_edge_recall"": 1.0, ""delta_edge_f1"": 0.53125, ""delta_topology_score"": 0.5082386363636363}","{""class_match"": 0.0, ""properties"": 0.0}","{""per_pair"": [1.0], ""n_gt"": 1, ""n_matched"": 1}",224.95
WAL-DEL-TOP-R-002,delete,topological,0.0,1.0,0.0,0.3333333333333333,spec,False,,1,0,,4.600985815282911,"{""delta_node_precision"": 0.0, ""delta_node_recall"": 0.0, ""delta_node_f1"": 0.0, ""delta_edge_precision"": 0.0, ""delta_edge_recall"": 0.0, ""delta_edge_f1"": 0.0, ""delta_topology_score"": 0.0}","{""class_match"": 1.0, ""properties"": 1.0}","{""per_pair"": [0.0], ""n_gt"": 1, ""n_matched"": 0}",47.02
WAL-DEL-TOP-R-003,delete,topological,0.0,1.0,0.0,0.3333333333333333,spec,False,,1,0,,0.6011636098846793,"{""delta_node_precision"": 0.0, ""delta_node_recall"": 0.0, ""delta_node_f1"": 0.0, ""delta_edge_precision"": 0.0, ""delta_edge_recall"": 0.0, ""delta_edge_f1"": 0.0, ""delta_topology_score"": 0.0}","{""class_match"": 1.0, ""properties"": 1.0}","{""per_pair"": [0.0], ""n_gt"": 1, ""n_matched"": 0}",5.33
WAL-DEL-TOP-R-004,delete,topological,1.0,0.0,0.7142857142857143,0.5714285714285715,spec,True,,1,1,,0.6266720439307392,"{""delta_node_precision"": 1.0, ""delta_node_recall"": 0.5, ""delta_node_f1"": 0.6666666666666666, ""delta_edge_precision"": 1.0, ""delta_edge_recall"": 0.5, ""delta_edge_f1"": 0.6666666666666666, ""delta_topology_score"": 0.6666666666666666}","{""class_match"": 0.0, ""properties"": 0.0}","{""per_pair"": [1.0], ""n_gt"": 1, ""n_matched"": 1}",5.26
WAL-UPD-DIR-A-001,update,direct,0.0,0.0,0.0,0.0,spec,False,,1,0,,0.25160838197916746,"{""delta_node_precision"": 0.0, ""delta_node_recall"": 0.0, ""delta_node_f1"": 0.0, ""delta_edge_precision"": 0.0, ""delta_edge_recall"": 0.0, ""delta_edge_f1"": 0.0, ""delta_topology_score"": 0.0}","{""class_match"": 0.0, ""properties"": 0.0}","{""per_pair"": [0.0], ""n_gt"": 1, ""n_matched"": 0}",0.41
WAL-UPD-DIR-A-002,update,direct,0.9624347278054668,1.0,1.0,0.9874782426018222,spec,True,0JseLab3T6bx_3inDW04pz,1,1,,0.12110738083720207,"{""delta_node_precision"": 1.0, ""delta_node_recall"": 1.0, ""delta_node_f1"": 1.0, ""delta_edge_precision"": 1.0, ""delta_edge_recall"": 1.0, ""delta_edge_f1"": 1.0, ""delta_topology_score"": 1.0}","{""class_match"": 1.0, ""properties"": 1.0}","{""per_pair"": [0.9624347278054668], ""n_gt"": 1, ""n_matched"": 1}",0.14
WAL-UPD-DIR-A-003,update,direct,0.0,0.0,0.0,0.0,spec,False,,1,0,,0.022320153657346964,"{""delta_node_precision"": 0.0, ""delta_node_recall"": 0.0, ""delta_node_f1"": 0.0, ""delta_edge_precision"": 0.0, ""delta_edge_recall"": 0.0, ""delta_edge_f1"": 0.0, ""delta_topology_score"": 0.0}","{""class_match"": 0.0, ""properties"": 0.0}","{""per_pair"": [0.0], ""n_gt"": 1, ""n_matched"": 0}",0.11
WAL-UPD-DIR-A-004,update,direct,0.9741743195677616,1.0,0.4714285714285714,0.8152009636654444,spec,True,0SW1L9fQP9xeGsED2XHlvo,1,1,,0.015288278926163912,"{""delta_node_precision"": 1.0, ""delta_node_recall"": 1.0, ""delta_node_f1"": 1.0, ""delta_edge_precision"": 0.0, ""delta_edge_recall"": 0.0, ""delta_edge_f1"": 0.0, ""delta_topology_score"": 0.3}","{""class_match"": 1.0, ""properties"": 1.0}","{""per_pair"": [0.9741743195677616], ""n_gt"": 1, ""n_matched"": 1}",0.02
WAL-UPD-DIR-R-001,update,direct,0.0,0.0,0.0,0.0,spec,False,,1,0,,51.44326865533367,"{""delta_node_precision"": 0.0, ""delta_node_recall"": 0.0, ""delta_node_f1"": 0.0, ""delta_edge_precision"": 0.0, ""delta_edge_recall"": 0.0, ""delta_edge_f1"": 0.0, ""delta_topology_score"": 0.0}","{""class_match"": 0.0, ""properties"": 0.0}","{""per_pair"": [0.0], ""n_gt"": 1, ""n_matched"": 0}",224.95
WAL-UPD-DIR-R-002,update,direct,0.0,0.0,0.0,0.0,spec,False,,1,0,,8.73491886118427,"{""delta_node_precision"": 0.0, ""delta_node_recall"": 0.0, ""delta_node_f1"": 0.0, ""delta_edge_precision"": 0.0, ""delta_edge_recall"": 0.0, ""delta_edge_f1"": 0.0, ""delta_topology_score"": 0.0}","{""class_match"": 0.0, ""properties"": 0.0}","{""per_pair"": [0.0], ""n_gt"": 1, ""n_matched"": 0}",47.02
WAL-UPD-DIR-R-003,update,direct,0.9597184300044257,0.75,0.5285714285714286,0.7460966195252848,spec,True,2QS621lD51vfaO5mAA7tdk,1,1,,1.2020743461325765,"{""delta_node_precision"": 0.0, ""delta_node_recall"": 0.0, ""delta_node_f1"": 0.0, ""delta_edge_precision"": 1.0, ""delta_edge_recall"": 1.0, ""delta_edge_f1"": 1.0, ""delta_topology_score"": 0.7}","{""class_match"": 1.0, ""properties"": 0.5}","{""per_pair"": [0.9597184300044257], ""n_gt"": 1, ""n_matched"": 1}",5.33
WAL-UPD-DIR-R-004,update,direct,0.9728820590017805,1.0,0.4714285714285714,0.8147702101434507,spec,True,2Nq3EKEYP8kfBFwGBhtRhO,1,1,,1.74687734618783,"{""delta_node_precision"": 1.0, ""delta_node_recall"": 1.0, ""delta_node_f1"": 1.0, ""delta_edge_precision"": 0.0, ""delta_edge_recall"": 0.0, ""delta_edge_f1"": 0.0, ""delta_topology_score"": 0.3}","{""class_match"": 1.0, ""properties"": 1.0}","{""per_pair"": [0.9728820590017805], ""n_gt"": 1, ""n_matched"": 1}",5.26
WAL-UPD-SPA-A-001,update,spatial,0.9597131741164641,1.0,0.4714285714285714,0.8103805818483453,spec,True,0okaGdY4n1xulccRQajpx9,1,1,,0.06881687603890896,"{""delta_node_precision"": 1.0, ""delta_node_recall"": 1.0, ""delta_node_f1"": 1.0, ""delta_edge_precision"": 0.0, ""delta_edge_recall"": 0.0, ""delta_edge_f1"": 0.0, ""delta_topology_score"": 0.3}","{""class_match"": 1.0, ""properties"": 1.0}","{""per_pair"": [0.9597131741164641], ""n_gt"": 1, ""n_matched"": 1}",0.41
WAL-UPD-SPA-A-002,update,spatial,0.0,0.0,0.0,0.0,spec,False,,1,0,,0.03730470407754183,"{""delta_node_precision"": 0.0, ""delta_node_recall"": 0.0, ""delta_node_f1"": 0.0, ""delta_edge_precision"": 0.0, ""delta_edge_recall"": 0.0, ""delta_edge_f1"": 0.0, ""delta_topology_score"": 0.0}","{""class_match"": 0.0, ""properties"": 0.0}","{""per_pair"": [0.0], ""n_gt"": 1, ""n_matched"": 0}",0.14
WAL-UPD-SPA-A-003,update,spatial,0.9589843174143203,0.7222222222222222,0.5285714285714286,0.7365926560693237,spec,True,000irGlVjApOlI2apOJp9x,1,1,,0.017584947869181633,"{""delta_node_precision"": 0.0, ""delta_node_recall"": 0.0, ""delta_node_f1"": 0.0, ""delta_edge_precision"": 1.0, ""delta_edge_recall"": 1.0, ""delta_edge_f1"": 1.0, ""delta_topology_score"": 0.7}","{""class_match"": 1.0, ""properties"": 0.4444444444444444}","{""per_pair"": [0.9589843174143203], ""n_gt"": 1, ""n_matched"": 1}",0.11
WAL-UPD-SPA-A-004,update,spatial,0.9739871773407663,1.0,0.0,0.6579957257802554,spec,True,0SW1L9fQP9xeGsED2XHlvo,1,1,,0.012047362979501486,"{""delta_node_precision"": 0.0, ""delta_node_recall"": 0.0, ""delta_node_f1"": 0.0, ""delta_edge_precision"": 0.0, ""delta_edge_recall"": 0.0, ""delta_edge_f1"": 0.0, ""delta_topology_score"": 0.0}","{""class_match"": 1.0, ""properties"": 1.0}","{""per_pair"": [0.9739871773407663], ""n_gt"": 1, ""n_matched"": 1}",0.02
WAL-UPD-SPA-R-001,update,spatial,0.9529378381309598,1.0,0.4714285714285714,0.8081221365198438,spec,True,30a7nM35T5pgZzaItbPb1c,1,1,,26.699026686139405,"{""delta_node_precision"": 1.0, ""delta_node_recall"": 1.0, ""delta_node_f1"": 1.0, ""delta_edge_precision"": 0.0, ""delta_edge_recall"": 0.0, ""delta_edge_f1"": 0.0, ""delta_topology_score"": 0.3}","{""class_match"": 1.0, ""properties"": 1.0}","{""per_pair"": [0.9529378381309598], ""n_gt"": 1, ""n_matched"": 1}",224.95
WAL-UPD-SPA-R-002,update,spatial,0.0,0.0,0.0,0.0,spec,False,,1,0,,4.656032952014357,"{""delta_node_precision"": 0.0, ""delta_node_recall"": 0.0, ""delta_node_f1"": 0.0, ""delta_edge_precision"": 0.0, ""delta_edge_recall"": 0.0, ""delta_edge_f1"": 0.0, ""delta_topology_score"": 0.0}","{""class_match"": 0.0, ""properties"": 0.0}","{""per_pair"": [0.0], ""n_gt"": 1, ""n_matched"": 0}",47.02
WAL-UPD-SPA-R-003,update,spatial,0.9597184300044257,0.75,0.5285714285714286,0.7460966195252848,spec,True,2QS621lD51vfaO5mAA7tdk,1,1,,0.6172490012831986,"{""delta_node_precision"": 0.0, ""delta_node_recall"": 0.0, ""delta_node_f1"": 0.0, ""delta_edge_precision"": 1.0, ""delta_edge_recall"": 1.0, ""delta_edge_f1"": 1.0, ""delta_topology_score"": 0.7}","{""class_match"": 1.0, ""properties"": 0.5}","{""per_pair"": [0.9597184300044257], ""n_gt"": 1, ""n_matched"": 1}",5.33
WAL-UPD-SPA-R-004,update,spatial,0.9722730729410084,1.0,0.0,0.6574243576470028,spec,True,2Nq3EKEYP8kfBFwGBhtRhO,1,1,,0.6070221518166363,"{""delta_node_precision"": 0.0, ""delta_node_recall"": 0.0, ""delta_node_f1"": 0.0, ""delta_edge_precision"": 0.0, ""delta_edge_recall"": 0.0, ""delta_edge_f1"": 0.0, ""delta_topology_score"": 0.0}","{""class_match"": 1.0, ""properties"": 1.0}","{""per_pair"": [0.9722730729410084], ""n_gt"": 1, ""n_matched"": 1}",5.26
WAL-UPD-TOP-A-001,update,topological,0.9648737949043522,1.0,0.4714285714285714,0.8121007887776411,spec,True,0okaGdY4n1xulccRQajpx9,1,1,,0.06237352592870593,"{""delta_node_precision"": 1.0, ""delta_node_recall"": 1.0, ""delta_node_f1"": 1.0, ""delta_edge_precision"": 0.0, ""delta_edge_recall"": 0.0, ""delta_edge_f1"": 0.0, ""delta_topology_score"": 0.3}","{""class_match"": 1.0, ""properties"": 1.0}","{""per_pair"": [0.9648737949043522], ""n_gt"": 1, ""n_matched"": 1}",0.41
WAL-UPD-TOP-A-002,update,topological,0.0,0.0,0.0,0.0,spec,False,,1,0,,0.033656497951596975,"{""delta_node_precision"": 0.0, ""delta_node_recall"": 0.0, ""delta_node_f1"": 0.0, ""delta_edge_precision"": 0.0, ""delta_edge_recall"": 0.0, ""delta_edge_f1"": 0.0, ""delta_topology_score"": 0.0}","{""class_match"": 0.0, ""properties"": 0.0}","{""per_pair"": [0.0], ""n_gt"": 1, ""n_matched"": 0}",0.14
WAL-UPD-TOP-A-003,update,topological,0.9696053666254084,0.7222222222222222,1.0,0.8972758629492102,spec,True,000irGlVjApOlI2apOJp9x,1,1,,0.017856847029179335,"{""delta_node_precision"": 1.0, ""delta_node_recall"": 1.0, ""delta_node_f1"": 1.0, ""delta_edge_precision"": 1.0, ""delta_edge_recall"": 1.0, ""delta_edge_f1"": 1.0, ""delta_topology_score"": 1.0}","{""class_match"": 1.0, ""properties"": 0.4444444444444444}","{""per_pair"": [0.9696053666254084], ""n_gt"": 1, ""n_matched"": 1}",0.11
WAL-UPD-TOP-A-004,update,topological,0.9739871773407663,1.0,0.0,0.6579957257802554,spec,True,0SW1L9fQP9xeGsED2XHlvo,1,1,,0.012039156164973974,"{""delta_node_precision"": 0.0, ""delta_node_recall"": 0.0, ""delta_node_f1"": 0.0, ""delta_edge_precision"": 0.0, ""delta_edge_recall"": 0.0, ""delta_edge_f1"": 0.0, ""delta_topology_score"": 0.0}","{""class_match"": 1.0, ""properties"": 1.0}","{""per_pair"": [0.9739871773407663], ""n_gt"": 1, ""n_matched"": 1}",0.02
WAL-UPD-TOP-R-001,update,topological,0.9627294136176816,1.0,0.4714285714285714,0.8113859950154176,spec,True,30a7nM35T5pgZzaItbPb1c,1,1,,25.508228045888245,"{""delta_node_precision"": 1.0, ""delta_node_recall"": 1.0, ""delta_node_f1"": 1.0, ""delta_edge_precision"": 0.0, ""delta_edge_recall"": 0.0, ""delta_edge_f1"": 0.0, ""delta_topology_score"": 0.3}","{""class_match"": 1.0, ""properties"": 1.0}","{""per_pair"": [0.9627294136176816], ""n_gt"": 1, ""n_matched"": 1}",224.95
WAL-UPD-TOP-R-002,update,topological,0.9940495871349427,1.0,1.0,0.998016529044981,spec,True,18rZd98AjEd9pV6_jMu$XT,1,1,,4.81563047459349,"{""delta_node_precision"": 1.0, ""delta_node_recall"": 1.0, ""delta_node_f1"": 1.0, ""delta_edge_precision"": 1.0, ""delta_edge_recall"": 1.0, ""delta_edge_f1"": 1.0, ""delta_topology_score"": 1.0}","{""class_match"": 1.0, ""properties"": 1.0}","{""per_pair"": [0.9940495871349427], ""n_gt"": 1, ""n_matched"": 1}",47.02
WAL-UPD-TOP-R-003,update,topological,0.9597184300044257,0.75,0.5285714285714286,0.7460966195252848,spec,True,2QS621lD51vfaO5mAA7tdk,1,1,,0.6203767391853034,"{""delta_node_precision"": 0.0, ""delta_node_recall"": 0.0, ""delta_node_f1"": 0.0, ""delta_edge_precision"": 1.0, ""delta_edge_recall"": 1.0, ""delta_edge_f1"": 1.0, ""delta_topology_score"": 0.7}","{""class_match"": 1.0, ""properties"": 0.5}","{""per_pair"": [0.9597184300044257], ""n_gt"": 1, ""n_matched"": 1}",5.33
WAL-UPD-TOP-R-004,update,topological,0.9722730729410084,1.0,0.0,0.6574243576470028,spec,True,2Nq3EKEYP8kfBFwGBhtRhO,1,1,,0.6170993563719094,"{""delta_node_precision"": 0.0, ""delta_node_recall"": 0.0, ""delta_node_f1"": 0.0, ""delta_edge_precision"": 0.0, ""delta_edge_recall"": 0.0, ""delta_edge_f1"": 0.0, ""delta_topology_score"": 0.0}","{""class_match"": 1.0, ""properties"": 1.0}","{""per_pair"": [0.9722730729410084], ""n_gt"": 1, ""n_matched"": 1}",5.26
WIN-CRE-DIR-A-001,create,direct,0.0,0.0,0.0,0.0,diff,False,,1,0,,0.03566674003377557,"{""delta_node_precision"": 0.0, ""delta_node_recall"": 0.0, ""delta_node_f1"": 0.0, ""delta_edge_precision"": 0.0, ""delta_edge_recall"": 0.0, ""delta_edge_f1"": 0.0, ""delta_topology_score"": 0.0}","{""class_match"": 0.0, ""properties"": 0.0}","{""per_pair"": [0.0], ""n_gt"": 1, ""n_matched"": 0}",0.14
WIN-CRE-DIR-R-001,create,direct,0.0,0.0,0.0,0.0,diff,False,,1,0,,30.17578483885154,"{""delta_node_precision"": 0.0, ""delta_node_recall"": 0.0, ""delta_node_f1"": 0.0, ""delta_edge_precision"": 0.0, ""delta_edge_recall"": 0.0, ""delta_edge_f1"": 0.0, ""delta_topology_score"": 0.0}","{""class_match"": 0.0, ""properties"": 0.0}","{""per_pair"": [0.0], ""n_gt"": 1, ""n_matched"": 0}",161.25
WIN-CRE-SPA-A-001,create,spatial,0.0,0.0,0.0,0.0,diff,False,,1,0,,0.030337756033986807,"{""delta_node_precision"": 0.0, ""delta_node_recall"": 0.0, ""delta_node_f1"": 0.0, ""delta_edge_precision"": 0.0, ""delta_edge_recall"": 0.0, ""delta_edge_f1"": 0.0, ""delta_topology_score"": 0.0}","{""class_match"": 0.0, ""properties"": 0.0}","{""per_pair"": [0.0], ""n_gt"": 1, ""n_matched"": 0}",0.14
WIN-CRE-SPA-R-001,create,spatial,0.0,0.0,0.0,0.0,diff,False,,1,0,,12.346800619736314,"{""delta_node_precision"": 0.0, ""delta_node_recall"": 0.0, ""delta_node_f1"": 0.0, ""delta_edge_precision"": 0.0, ""delta_edge_recall"": 0.0, ""delta_edge_f1"": 0.0, ""delta_topology_score"": 0.0}","{""class_match"": 0.0, ""properties"": 0.0}","{""per_pair"": [0.0], ""n_gt"": 1, ""n_matched"": 0}",161.25
WIN-CRE-TOP-A-001,create,topological,0.0,0.0,0.0,0.0,diff,False,,1,0,,0.02982373209670186,"{""delta_node_precision"": 0.0, ""delta_node_recall"": 0.0, ""delta_node_f1"": 0.0, ""delta_edge_precision"": 0.0, ""delta_edge_recall"": 0.0, ""delta_edge_f1"": 0.0, ""delta_topology_score"": 0.0}","{""class_match"": 0.0, ""properties"": 0.0}","{""per_pair"": [0.0], ""n_gt"": 1, ""n_matched"": 0}",0.14
WIN-CRE-TOP-R-001,create,topological,0.0,0.0,0.0,0.0,diff,False,,1,0,,13.763914069160819,"{""delta_node_precision"": 0.0, ""delta_node_recall"": 0.0, ""delta_node_f1"": 0.0, ""delta_edge_precision"": 0.0, ""delta_edge_recall"": 0.0, ""delta_edge_f1"": 0.0, ""delta_topology_score"": 0.0}","{""class_match"": 0.0, ""properties"": 0.0}","{""per_pair"": [0.0], ""n_gt"": 1, ""n_matched"": 0}",161.25
WIN-DEL-DIR-A-001,delete,direct,0.0,1.0,0.0,0.3333333333333333,spec,False,,1,0,,0.1175498366355896,"{""delta_node_precision"": 0.0, ""delta_node_recall"": 0.0, ""delta_node_f1"": 0.0, ""delta_edge_precision"": 0.0, ""delta_edge_recall"": 0.0, ""delta_edge_f1"": 0.0, ""delta_topology_score"": 0.0}","{""class_match"": 1.0, ""properties"": 1.0}","{""per_pair"": [0.0], ""n_gt"": 1, ""n_matched"": 0}",0.15
WIN-DEL-DIR-A-002,delete,direct,1.0,0.0,1.0,0.6666666666666666,spec,True,,1,1,,0.05015093320980668,"{""delta_node_precision"": 1.0, ""delta_node_recall"": 1.0, ""delta_node_f1"": 1.0, ""delta_edge_precision"": 1.0, ""delta_edge_recall"": 1.0, ""delta_edge_f1"": 1.0, ""delta_topology_score"": 1.0}","{""class_match"": 0.0, ""properties"": 0.0}","{""per_pair"": [1.0], ""n_gt"": 1, ""n_matched"": 1}",0.24
WIN-DEL-DIR-R-001,delete,direct,1.0,0.0,0.8596825396825397,0.6198941798941799,spec,True,,1,1,,22.90199327096343,"{""delta_node_precision"": 1.0, ""delta_node_recall"": 0.6666666666666666, ""delta_node_f1"": 0.8, ""delta_edge_precision"": 1.0, ""delta_edge_recall"": 0.8, ""delta_edge_f1"": 0.888888888888889, ""delta_topology_score"": 0.8622222222222222}","{""class_match"": 0.0, ""properties"": 0.0}","{""per_pair"": [1.0], ""n_gt"": 1, ""n_matched"": 1}",161.43
WIN-DEL-DIR-R-002,delete,direct,1.0,0.0,1.0,0.6666666666666666,spec,True,,1,1,,1.263821101281792,"{""delta_node_precision"": 1.0, ""delta_node_recall"": 1.0, ""delta_node_f1"": 1.0, ""delta_edge_precision"": 1.0, ""delta_edge_recall"": 1.0, ""delta_edge_f1"": 1.0, ""delta_topology_score"": 1.0}","{""class_match"": 0.0, ""properties"": 0.0}","{""per_pair"": [1.0], ""n_gt"": 1, ""n_matched"": 1}",5.33
WIN-DEL-SPA-A-001,delete,spatial,1.0,0.0,0.8725417439703155,0.6241805813234386,spec,True,,1,1,,0.026794278994202614,"{""delta_node_precision"": 1.0, ""delta_node_recall"": 1.0, ""delta_node_f1"": 1.0, ""delta_edge_precision"": 1.0, ""delta_edge_recall"": 0.5714285714285714, ""delta_edge_f1"": 0.7272727272727273, ""delta_topology_score"": 0.8090909090909091}","{""class_match"": 0.0, ""properties"": 0.0}","{""per_pair"": [1.0], ""n_gt"": 1, ""n_matched"": 1}",0.15
WIN-DEL-SPA-A-002,delete,spatial,0.0,1.0,0.0,0.3333333333333333,spec,False,,1,0,,0.026561825070530176,"{""delta_node_precision"": 0.0, ""delta_node_recall"": 0.0, ""delta_node_f1"": 0.0, ""delta_edge_precision"": 0.0, ""delta_edge_recall"": 0.0, ""delta_edge_f1"": 0.0, ""delta_topology_score"": 0.0}","{""class_match"": 1.0, ""properties"": 1.0}","{""per_pair"": [0.0], ""n_gt"": 1, ""n_matched"": 0}",0.24
WIN-DEL-SPA-R-001,delete,spatial,1.0,0.0,0.8596825396825397,0.6198941798941799,spec,True,,1,1,,32.255823308136314,"{""delta_node_precision"": 1.0, ""delta_node_recall"": 0.6666666666666666, ""delta_node_f1"": 0.8, ""delta_edge_precision"": 1.0, ""delta_edge_recall"": 0.8, ""delta_edge_f1"": 0.888888888888889, ""delta_topology_score"": 0.8622222222222222}","{""class_match"": 0.0, ""properties"": 0.0}","{""per_pair"": [1.0], ""n_gt"": 1, ""n_matched"": 1}",161.43
WIN-DEL-SPA-R-002,delete,spatial,0.0,1.0,0.0,0.3333333333333333,spec,False,,1,0,,0.6566211897879839,"{""delta_node_precision"": 0.0, ""delta_node_recall"": 0.0, ""delta_node_f1"": 0.0, ""delta_edge_precision"": 0.0, ""delta_edge_recall"": 0.0, ""delta_edge_f1"": 0.0, ""delta_topology_score"": 0.0}","{""class_match"": 1.0, ""properties"": 1.0}","{""per_pair"": [0.0], ""n_gt"": 1, ""n_matched"": 0}",5.33
WIN-DEL-TOP-A-001,delete,topological,1.0,0.0,0.8725417439703155,0.6241805813234386,spec,True,,1,1,,0.028890466317534447,"{""delta_node_precision"": 1.0, ""delta_node_recall"": 1.0, ""delta_node_f1"": 1.0, ""delta_edge_precision"": 1.0, ""delta_edge_recall"": 0.5714285714285714, ""delta_edge_f1"": 0.7272727272727273, ""delta_topology_score"": 0.8090909090909091}","{""class_match"": 0.0, ""properties"": 0.0}","{""per_pair"": [1.0], ""n_gt"": 1, ""n_matched"": 1}",0.15
WIN-DEL-TOP-A-002,delete,topological,1.0,0.0,0.5952380952380951,0.5317460317460317,spec,True,,1,1,,0.015902279876172543,"{""delta_node_precision"": 0.3333333333333333, ""delta_node_recall"": 1.0, ""delta_node_f1"": 0.5, ""delta_edge_precision"": 0.3333333333333333, ""delta_edge_recall"": 1.0, ""delta_edge_f1"": 0.5, ""delta_topology_score"": 0.5}","{""class_match"": 0.0, ""properties"": 0.0}","{""per_pair"": [1.0], ""n_gt"": 1, ""n_matched"": 1}",0.24
WIN-DEL-TOP-R-001,delete,topological,1.0,0.0,0.8596825396825397,0.6198941798941799,spec,True,,1,1,,37.03642648784444,"{""delta_node_precision"": 1.0, ""delta_node_recall"": 0.6666666666666666, ""delta_node_f1"": 0.8, ""delta_edge_precision"": 1.0, ""delta_edge_recall"": 0.8, ""delta_edge_f1"": 0.888888888888889, ""delta_topology_score"": 0.8622222222222222}","{""class_match"": 0.0, ""properties"": 0.0}","{""per_pair"": [1.0], ""n_gt"": 1, ""n_matched"": 1}",161.43
WIN-DEL-TOP-R-002,delete,topological,0.0,1.0,0.0,0.3333333333333333,spec,False,,1,0,,0.6493671289645135,"{""delta_node_precision"": 0.0, ""delta_node_recall"": 0.0, ""delta_node_f1"": 0.0, ""delta_edge_precision"": 0.0, ""delta_edge_recall"": 0.0, ""delta_edge_f1"": 0.0, ""delta_topology_score"": 0.0}","{""class_match"": 1.0, ""properties"": 1.0}","{""per_pair"": [0.0], ""n_gt"": 1, ""n_matched"": 0}",5.33
WIN-UPD-DIR-A-001,update,direct,0.0,0.0,0.0,0.0,spec,False,,1,0,,0.16922179283574224,"{""delta_node_precision"": 0.0, ""delta_node_recall"": 0.0, ""delta_node_f1"": 0.0, ""delta_edge_precision"": 0.0, ""delta_edge_recall"": 0.0, ""delta_edge_f1"": 0.0, ""delta_topology_score"": 0.0}","{""class_match"": 0.0, ""properties"": 0.0}","{""per_pair"": [0.0], ""n_gt"": 1, ""n_matched"": 0}",0.45
WIN-UPD-DIR-A-002,update,direct,1.0,1.0,1.0,1.0,spec,True,0okaGdY4n1xulccRQajpyj,1,1,,0.13760394183918834,"{""delta_node_precision"": 1.0, ""delta_node_recall"": 1.0, ""delta_node_f1"": 1.0, ""delta_edge_precision"": 1.0, ""delta_edge_recall"": 1.0, ""delta_edge_f1"": 1.0, ""delta_topology_score"": 1.0}","{""class_match"": 1.0, ""properties"": 1.0}","{""per_pair"": [1.0], ""n_gt"": 1, ""n_matched"": 1}",0.15
WIN-UPD-DIR-A-003,update,direct,0.9573368998403592,0.7222222222222222,0.0,0.5598530406875272,spec,True,00Q96FYDLC7A$JCmG1v0oW,1,1,,0.08604039624333382,"{""delta_node_precision"": 0.0, ""delta_node_recall"": 0.0, ""delta_node_f1"": 0.0, ""delta_edge_precision"": 0.0, ""delta_edge_recall"": 0.0, ""delta_edge_f1"": 0.0, ""delta_topology_score"": 0.0}","{""class_match"": 1.0, ""properties"": 0.4444444444444444}","{""per_pair"": [0.9573368998403592], ""n_gt"": 1, ""n_matched"": 1}",0.23
WIN-UPD-DIR-R-001,update,direct,0.0,0.0,0.0,0.0,spec,False,,1,0,,3.814918105956167,"{""delta_node_precision"": 0.0, ""delta_node_recall"": 0.0, ""delta_node_f1"": 0.0, ""delta_edge_precision"": 0.0, ""delta_edge_recall"": 0.0, ""delta_edge_f1"": 0.0, ""delta_topology_score"": 0.0}","{""class_match"": 0.0, ""properties"": 0.0}","{""per_pair"": [0.0], ""n_gt"": 1, ""n_matched"": 0}",16.1
WIN-UPD-DIR-R-002,update,direct,0.7467425032093806,1.0,0.0,0.5822475010697935,spec,True,3nIe_FFgf4Vg9OnX4KtvkQ,1,1,,102.07650883169845,"{""delta_node_precision"": 0.0, ""delta_node_recall"": 0.0, ""delta_node_f1"": 0.0, ""delta_edge_precision"": 0.0, ""delta_edge_recall"": 0.0, ""delta_edge_f1"": 0.0, ""delta_topology_score"": 0.0}","{""class_match"": 1.0, ""properties"": 1.0}","{""per_pair"": [0.7467425032093806], ""n_gt"": 1, ""n_matched"": 1}",161.43
WIN-UPD-DIR-R-003,update,direct,0.9585829075409844,0.6875,0.5285714285714286,0.7248847787041376,spec,True,2JsRSBbh53LeGcXsUnFg8G,1,1,,1.432949010282755,"{""delta_node_precision"": 0.0, ""delta_node_recall"": 0.0, ""delta_node_f1"": 0.0, ""delta_edge_precision"": 1.0, ""delta_edge_recall"": 1.0, ""delta_edge_f1"": 1.0, ""delta_topology_score"": 0.7}","{""class_match"": 1.0, ""properties"": 0.375}","{""per_pair"": [0.9585829075409844], ""n_gt"": 1, ""n_matched"": 1}",5.33
WIN-UPD-SPA-A-001,update,spatial,0.0,0.0,0.0,0.0,spec,False,,1,0,,0.07877835910767317,"{""delta_node_precision"": 0.0, ""delta_node_recall"": 0.0, ""delta_node_f1"": 0.0, ""delta_edge_precision"": 0.0, ""delta_edge_recall"": 0.0, ""delta_edge_f1"": 0.0, ""delta_topology_score"": 0.0}","{""class_match"": 0.0, ""properties"": 0.0}","{""per_pair"": [0.0], ""n_gt"": 1, ""n_matched"": 0}",0.45
WIN-UPD-SPA-A-002,update,spatial,0.0,0.0,0.0,0.0,spec,False,,1,0,,0.0973993232473731,"{""delta_node_precision"": 0.0, ""delta_node_recall"": 0.0, ""delta_node_f1"": 0.0, ""delta_edge_precision"": 0.0, ""delta_edge_recall"": 0.0, ""delta_edge_f1"": 0.0, ""delta_topology_score"": 0.0}","{""class_match"": 0.0, ""properties"": 0.0}","{""per_pair"": [0.0], ""n_gt"": 1, ""n_matched"": 0}",0.15
WIN-UPD-SPA-A-003,update,spatial,0.9573368998403592,0.7222222222222222,0.5285714285714286,0.7360435168780034,spec,True,00Q96FYDLC7A$JCmG1v0oW,1,1,,0.05388723313808441,"{""delta_node_precision"": 0.0, ""delta_node_recall"": 0.0, ""delta_node_f1"": 0.0, ""delta_edge_precision"": 1.0, ""delta_edge_recall"": 1.0, ""delta_edge_f1"": 1.0, ""delta_topology_score"": 0.7}","{""class_match"": 1.0, ""properties"": 0.4444444444444444}","{""per_pair"": [0.9573368998403592], ""n_gt"": 1, ""n_matched"": 1}",0.23
WIN-UPD-SPA-R-001,update,spatial,0.0,0.0,0.0,0.0,spec,False,,1,0,,1.5457966667599976,"{""delta_node_precision"": 0.0, ""delta_node_recall"": 0.0, ""delta_node_f1"": 0.0, ""delta_edge_precision"": 0.0, ""delta_edge_recall"": 0.0, ""delta_edge_f1"": 0.0, ""delta_topology_score"": 0.0}","{""class_match"": 0.0, ""properties"": 0.0}","{""per_pair"": [0.0], ""n_gt"": 1, ""n_matched"": 0}",16.1
WIN-UPD-SPA-R-002,update,spatial,0.7467425032093806,1.0,0.0,0.5822475010697935,spec,True,3nIe_FFgf4Vg9OnX4KtvkQ,1,1,,38.89925844408572,"{""delta_node_precision"": 0.0, ""delta_node_recall"": 0.0, ""delta_node_f1"": 0.0, ""delta_edge_precision"": 0.0, ""delta_edge_recall"": 0.0, ""delta_edge_f1"": 0.0, ""delta_topology_score"": 0.0}","{""class_match"": 1.0, ""properties"": 1.0}","{""per_pair"": [0.7467425032093806], ""n_gt"": 1, ""n_matched"": 1}",161.43
WIN-UPD-SPA-R-003,update,spatial,0.9585829075409844,0.6875,0.0,0.5486943025136615,spec,True,2JsRSBbh53LeGcXsUnFg8G,1,1,,0.7816256857477129,"{""delta_node_precision"": 0.0, ""delta_node_recall"": 0.0, ""delta_node_f1"": 0.0, ""delta_edge_precision"": 0.0, ""delta_edge_recall"": 0.0, ""delta_edge_f1"": 0.0, ""delta_topology_score"": 0.0}","{""class_match"": 1.0, ""properties"": 0.375}","{""per_pair"": [0.9585829075409844], ""n_gt"": 1, ""n_matched"": 1}",5.33
WIN-UPD-TOP-A-001,update,topological,0.0,0.0,0.0,0.0,spec,False,,1,0,,0.07506368728354573,"{""delta_node_precision"": 0.0, ""delta_node_recall"": 0.0, ""delta_node_f1"": 0.0, ""delta_edge_precision"": 0.0, ""delta_edge_recall"": 0.0, ""delta_edge_f1"": 0.0, ""delta_topology_score"": 0.0}","{""class_match"": 0.0, ""properties"": 0.0}","{""per_pair"": [0.0], ""n_gt"": 1, ""n_matched"": 0}",0.45
WIN-UPD-TOP-A-002,update,topological,0.0,0.0,0.0,0.0,spec,False,,1,0,,0.10150034306570888,"{""delta_node_precision"": 0.0, ""delta_node_recall"": 0.0, ""delta_node_f1"": 0.0, ""delta_edge_precision"": 0.0, ""delta_edge_recall"": 0.0, ""delta_edge_f1"": 0.0, ""delta_topology_score"": 0.0}","{""class_match"": 0.0, ""properties"": 0.0}","{""per_pair"": [0.0], ""n_gt"": 1, ""n_matched"": 0}",0.15
WIN-UPD-TOP-A-003,update,topological,0.9573368998403592,0.7222222222222222,0.5285714285714286,0.7360435168780034,spec,True,00Q96FYDLC7A$JCmG1v0oW,1,1,,0.05410332512110472,"{""delta_node_precision"": 0.0, ""delta_node_recall"": 0.0, ""delta_node_f1"": 0.0, ""delta_edge_precision"": 1.0, ""delta_edge_recall"": 1.0, ""delta_edge_f1"": 1.0, ""delta_topology_score"": 0.7}","{""class_match"": 1.0, ""properties"": 0.4444444444444444}","{""per_pair"": [0.9573368998403592], ""n_gt"": 1, ""n_matched"": 1}",0.23
WIN-UPD-TOP-R-001,update,topological,0.0,0.0,0.0,0.0,spec,False,,1,0,,1.6189781692810357,"{""delta_node_precision"": 0.0, ""delta_node_recall"": 0.0, ""delta_node_f1"": 0.0, ""delta_edge_precision"": 0.0, ""delta_edge_recall"": 0.0, ""delta_edge_f1"": 0.0, ""delta_topology_score"": 0.0}","{""class_match"": 0.0, ""properties"": 0.0}","{""per_pair"": [0.0], ""n_gt"": 1, ""n_matched"": 0}",16.1
WIN-UPD-TOP-R-002,update,topological,0.7467425032093806,1.0,0.0,0.5822475010697935,spec,True,3nIe_FFgf4Vg9OnX4KtvkQ,1,1,,20.230231578927487,"{""delta_node_precision"": 0.0, ""delta_node_recall"": 0.0, ""delta_node_f1"": 0.0, ""delta_edge_precision"": 0.0, ""delta_edge_recall"": 0.0, ""delta_edge_f1"": 0.0, ""delta_topology_score"": 0.0}","{""class_match"": 1.0, ""properties"": 1.0}","{""per_pair"": [0.7467425032093806], ""n_gt"": 1, ""n_matched"": 1}",161.43
WIN-UPD-TOP-R-003,update,topological,0.9585829075409844,0.6875,0.0,0.5486943025136615,spec,True,2JsRSBbh53LeGcXsUnFg8G,1,1,,0.7629612958990037,"{""delta_node_precision"": 0.0, ""delta_node_recall"": 0.0, ""delta_node_f1"": 0.0, ""delta_edge_precision"": 0.0, ""delta_edge_recall"": 0.0, ""delta_edge_f1"": 0.0, ""delta_topology_score"": 0.0}","{""class_match"": 1.0, ""properties"": 0.375}","{""per_pair"": [0.9585829075409844], ""n_gt"": 1, ""n_matched"": 1}",5.33
