task_id,operation,category,geometry,semantics,topology,final_score,gt_source,class_match,best_match_guid,n_reference,n_matched,error,seconds,topology_breakdown,semantics_breakdown,geometry_breakdown,input_mb
COL-CRE-DIR-A-001,create,direct,0.0,0.0,0.0,0.0,diff,False,,1,0,,0.054951922968029976,"{""delta_node_precision"": 0.0, ""delta_node_recall"": 0.0, ""delta_node_f1"": 0.0, ""delta_edge_precision"": 0.0, ""delta_edge_recall"": 0.0, ""delta_edge_f1"": 0.0, ""delta_topology_score"": 0.0}","{""class_match"": 0.0, ""properties"": 0.0}","{""per_pair"": [0.0], ""n_gt"": 1, ""n_matched"": 0}",0.13
COL-CRE-DIR-A-002,create,direct,0.9763869501534417,0.5,1.0,0.825462316717814,diff,True,0BAxO4zu99exJojLW$_4oV,1,1,,16.253558723721653,"{""delta_node_precision"": 1.0, ""delta_node_recall"": 1.0, ""delta_node_f1"": 1.0, ""delta_edge_precision"": 1.0, ""delta_edge_recall"": 1.0, ""delta_edge_f1"": 1.0, ""delta_topology_score"": 1.0}","{""class_match"": 1.0, ""properties"": 0.0}","{""per_pair"": [0.9763869501534417], ""n_gt"": 1, ""n_matched"": 1}",0.12
COL-CRE-DIR-R-001,create,direct,0.0,0.0,0.0,0.0,diff,False,,1,0,,218.8481654599309,"{""delta_node_precision"": 0.0, ""delta_node_recall"": 0.0, ""delta_node_f1"": 0.0, ""delta_edge_precision"": 0.0, ""delta_edge_recall"": 0.0, ""delta_edge_f1"": 0.0, ""delta_topology_score"": 0.0}","{""class_match"": 0.0, ""properties"": 0.0}","{""per_pair"": [0.0], ""n_gt"": 1, ""n_matched"": 0}",348.96
COL-CRE-DIR-R-002,create,direct,0.977031780730792,0.5,1.0,0.8256772602435974,diff,True,3LPg2$VoH0lwY0N5VVN88M,1,1,,5.075332612264901,"{""delta_node_precision"": 1.0, ""delta_node_recall"": 1.0, ""delta_node_f1"": 1.0, ""delta_edge_precision"": 1.0, ""delta_edge_recall"": 1.0, ""delta_edge_f1"": 1.0, ""delta_topology_score"": 1.0}","{""class_match"": 1.0, ""properties"": 0.0}","{""per_pair"": [0.977031780730792], ""n_gt"": 1, ""n_matched"": 1}",5.33
COL-CRE-SPA-A-001,create,spatial,0.0,0.0,0.0,0.0,diff,False,,1,0,,0.04897176520898938,"{""delta_node_precision"": 0.0, ""delta_node_recall"": 0.0, ""delta_node_f1"": 0.0, ""delta_edge_precision"": 0.0, ""delta_edge_recall"": 0.0, ""delta_edge_f1"": 0.0, ""delta_topology_score"": 0.0}","{""class_match"": 0.0, ""properties"": 0.0}","{""per_pair"": [0.0], ""n_gt"": 1, ""n_matched"": 0}",0.13
COL-CRE-SPA-A-002,create,spatial,0.0,0.0,0.0,0.0,diff,False,,1,0,,0.19555864110589027,"{""delta_node_precision"": 0.0, ""delta_node_recall"": 0.0, ""delta_node_f1"": 0.0, ""delta_edge_precision"": 0.0, ""delta_edge_recall"": 0.0, ""delta_edge_f1"": 0.0, ""delta_topology_score"": 0.0}","{""class_match"": 0.0, ""properties"": 0.0}","{""per_pair"": [0.0], ""n_gt"": 1, ""n_matched"": 0}",0.12
COL-CRE-SPA-R-001,create,spatial,0.0,0.0,0.0,0.0,diff,False,,1,0,,96.561470344197,"{""delta_node_precision"": 0.0, ""delta_node_recall"": 0.0, ""delta_node_f1"": 0.0, ""delta_edge_precision"": 0.0, ""delta_edge_recall"": 0.0, ""delta_edge_f1"": 0.0, ""delta_topology_score"": 0.0}","{""class_match"": 0.0, ""properties"": 0.0}","{""per_pair"": [0.0], ""n_gt"": 1, ""n_matched"": 0}",348.96
COL-CRE-SPA-R-002,create,spatial,0.0,0.0,0.0,0.0,diff,False,,1,0,,1.921688999980688,"{""delta_node_precision"": 0.0, ""delta_node_recall"": 0.0, ""delta_node_f1"": 0.0, ""delta_edge_precision"": 0.0, ""delta_edge_recall"": 0.0, ""delta_edge_f1"": 0.0, ""delta_topology_score"": 0.0}","{""class_match"": 0.0, ""properties"": 0.0}","{""per_pair"": [0.0], ""n_gt"": 1, ""n_matched"": 0}",5.33
COL-CRE-TOP-A-001,create,topological,0.0,0.0,0.0,0.0,diff,False,,1,0,,0.04311510315164924,"{""delta_node_precision"": 0.0, ""delta_node_recall"": 0.0, ""delta_node_f1"": 0.0, ""delta_edge_precision"": 0.0, ""delta_edge_recall"": 0.0, ""delta_edge_f1"": 0.0, ""delta_topology_score"": 0.0}","{""class_match"": 0.0, ""properties"": 0.0}","{""per_pair"": [0.0], ""n_gt"": 1, ""n_matched"": 0}",0.13
COL-CRE-TOP-A-002,create,topological,0.0,0.0,0.0,0.0,diff,False,,1,0,,0.022146403789520264,"{""delta_node_precision"": 0.0, ""delta_node_recall"": 0.0, ""delta_node_f1"": 0.0, ""delta_edge_precision"": 0.0, ""delta_edge_recall"": 0.0, ""delta_edge_f1"": 0.0, ""delta_topology_score"": 0.0}","{""class_match"": 0.0, ""properties"": 0.0}","{""per_pair"": [0.0], ""n_gt"": 1, ""n_matched"": 0}",0.12
COL-CRE-TOP-R-001,create,topological,0.0,0.0,0.0,0.0,diff,False,,1,0,,99.55396916065365,"{""delta_node_precision"": 0.0, ""delta_node_recall"": 0.0, ""delta_node_f1"": 0.0, ""delta_edge_precision"": 0.0, ""delta_edge_recall"": 0.0, ""delta_edge_f1"": 0.0, ""delta_topology_score"": 0.0}","{""class_match"": 0.0, ""properties"": 0.0}","{""per_pair"": [0.0], ""n_gt"": 1, ""n_matched"": 0}",348.96
COL-CRE-TOP-R-002,create,topological,0.0,0.0,0.0,0.0,diff,False,,1,0,,1.9432377009652555,"{""delta_node_precision"": 0.0, ""delta_node_recall"": 0.0, ""delta_node_f1"": 0.0, ""delta_edge_precision"": 0.0, ""delta_edge_recall"": 0.0, ""delta_edge_f1"": 0.0, ""delta_topology_score"": 0.0}","{""class_match"": 0.0, ""properties"": 0.0}","{""per_pair"": [0.0], ""n_gt"": 1, ""n_matched"": 0}",5.33
COL-DEL-DIR-A-001,delete,direct,1.0,0.0,1.0,0.6666666666666666,spec,True,,1,1,,0.1215162631124258,"{""delta_node_precision"": 1.0, ""delta_node_recall"": 1.0, ""delta_node_f1"": 1.0, ""delta_edge_precision"": 1.0, ""delta_edge_recall"": 1.0, ""delta_edge_f1"": 1.0, ""delta_topology_score"": 1.0}","{""class_match"": 0.0, ""properties"": 0.0}","{""per_pair"": [1.0], ""n_gt"": 1, ""n_matched"": 1}",0.13
COL-DEL-DIR-A-002,delete,direct,0.0,1.0,0.0,0.3333333333333333,spec,False,,1,0,,0.044340123888105154,"{""delta_node_precision"": 0.0, ""delta_node_recall"": 0.0, ""delta_node_f1"": 0.0, ""delta_edge_precision"": 0.0, ""delta_edge_recall"": 0.0, ""delta_edge_f1"": 0.0, ""delta_topology_score"": 0.0}","{""class_match"": 1.0, ""properties"": 1.0}","{""per_pair"": [0.0], ""n_gt"": 1, ""n_matched"": 0}",0.14
COL-DEL-DIR-R-001,delete,direct,1.0,0.0,1.0,0.6666666666666666,spec,True,,1,1,,151.7830845587887,"{""delta_node_precision"": 1.0, ""delta_node_recall"": 1.0, ""delta_node_f1"": 1.0, ""delta_edge_precision"": 1.0, ""delta_edge_recall"": 1.0, ""delta_edge_f1"": 1.0, ""delta_topology_score"": 1.0}","{""class_match"": 0.0, ""properties"": 0.0}","{""per_pair"": [1.0], ""n_gt"": 1, ""n_matched"": 1}",349.08
COL-DEL-DIR-R-002,delete,direct,0.0,1.0,0.0,0.3333333333333333,spec,False,,1,0,,8.435350683052093,"{""delta_node_precision"": 0.0, ""delta_node_recall"": 0.0, ""delta_node_f1"": 0.0, ""delta_edge_precision"": 0.0, ""delta_edge_recall"": 0.0, ""delta_edge_f1"": 0.0, ""delta_topology_score"": 0.0}","{""class_match"": 1.0, ""properties"": 1.0}","{""per_pair"": [0.0], ""n_gt"": 1, ""n_matched"": 0}",5.33
COL-DEL-SPA-A-001,delete,spatial,0.0,1.0,0.0,0.3333333333333333,spec,False,,1,0,,0.0632660211995244,"{""delta_node_precision"": 0.0, ""delta_node_recall"": 0.0, ""delta_node_f1"": 0.0, ""delta_edge_precision"": 0.0, ""delta_edge_recall"": 0.0, ""delta_edge_f1"": 0.0, ""delta_topology_score"": 0.0}","{""class_match"": 1.0, ""properties"": 1.0}","{""per_pair"": [0.0], ""n_gt"": 1, ""n_matched"": 0}",0.13
COL-DEL-SPA-A-002,delete,spatial,0.0,1.0,0.0,0.3333333333333333,spec,False,,1,0,,0.013247243128716946,"{""delta_node_precision"": 0.0, ""delta_node_recall"": 0.0, ""delta_node_f1"": 0.0, ""delta_edge_precision"": 0.0, ""delta_edge_recall"": 0.0, ""delta_edge_f1"": 0.0, ""delta_topology_score"": 0.0}","{""class_match"": 1.0, ""properties"": 1.0}","{""per_pair"": [0.0], ""n_gt"": 1, ""n_matched"": 0}",0.14
COL-DEL-SPA-R-001,delete,spatial,1.0,0.0,1.0,0.6666666666666666,spec,True,,1,1,,85.53292153868824,"{""delta_node_precision"": 1.0, ""delta_node_recall"": 1.0, ""delta_node_f1"": 1.0, ""delta_edge_precision"": 1.0, ""delta_edge_recall"": 1.0, ""delta_edge_f1"": 1.0, ""delta_topology_score"": 1.0}","{""class_match"": 0.0, ""properties"": 0.0}","{""per_pair"": [1.0], ""n_gt"": 1, ""n_matched"": 1}",349.08
COL-DEL-SPA-R-002,delete,spatial,0.0,1.0,0.0,0.3333333333333333,spec,False,,1,0,,2.5035443301312625,"{""delta_node_precision"": 0.0, ""delta_node_recall"": 0.0, ""delta_node_f1"": 0.0, ""delta_edge_precision"": 0.0, ""delta_edge_recall"": 0.0, ""delta_edge_f1"": 0.0, ""delta_topology_score"": 0.0}","{""class_match"": 1.0, ""properties"": 1.0}","{""per_pair"": [0.0], ""n_gt"": 1, ""n_matched"": 0}",5.33
COL-DEL-TOP-A-001,delete,topological,0.0,1.0,0.0,0.3333333333333333,spec,False,,1,0,,0.058534898329526186,"{""delta_node_precision"": 0.0, ""delta_node_recall"": 0.0, ""delta_node_f1"": 0.0, ""delta_edge_precision"": 0.0, ""delta_edge_recall"": 0.0, ""delta_edge_f1"": 0.0, ""delta_topology_score"": 0.0}","{""class_match"": 1.0, ""properties"": 1.0}","{""per_pair"": [0.0], ""n_gt"": 1, ""n_matched"": 0}",0.13
COL-DEL-TOP-A-002,delete,topological,1.0,0.0,1.0,0.6666666666666666,spec,True,,1,1,,0.010734034702181816,"{""delta_node_precision"": 1.0, ""delta_node_recall"": 1.0, ""delta_node_f1"": 1.0, ""delta_edge_precision"": 1.0, ""delta_edge_recall"": 1.0, ""delta_edge_f1"": 1.0, ""delta_topology_score"": 1.0}","{""class_match"": 0.0, ""properties"": 0.0}","{""per_pair"": [1.0], ""n_gt"": 1, ""n_matched"": 1}",0.14
COL-DEL-TOP-R-001,delete,topological,1.0,0.0,1.0,0.6666666666666666,spec,True,,1,1,,86.46582134161144,"{""delta_node_precision"": 1.0, ""delta_node_recall"": 1.0, ""delta_node_f1"": 1.0, ""delta_edge_precision"": 1.0, ""delta_edge_recall"": 1.0, ""delta_edge_f1"": 1.0, ""delta_topology_score"": 1.0}","{""class_match"": 0.0, ""properties"": 0.0}","{""per_pair"": [1.0], ""n_gt"": 1, ""n_matched"": 1}",349.08
COL-DEL-TOP-R-002,delete,topological,1.0,0.0,1.0,0.6666666666666666,spec,True,,1,1,,2.3400525501929224,"{""delta_node_precision"": 1.0, ""delta_node_recall"": 1.0, ""delta_node_f1"": 1.0, ""delta_edge_precision"": 1.0, ""delta_edge_recall"": 1.0, ""delta_edge_f1"": 1.0, ""delta_topology_score"": 1.0}","{""class_match"": 0.0, ""properties"": 0.0}","{""per_pair"": [1.0], ""n_gt"": 1, ""n_matched"": 1}",5.33
COL-UPD-DIR-A-001,update,direct,0.0,0.0,0.0,0.0,spec,False,,1,0,,0.11485836328938603,"{""delta_node_precision"": 0.0, ""delta_node_recall"": 0.0, ""delta_node_f1"": 0.0, ""delta_edge_precision"": 0.0, ""delta_edge_recall"": 0.0, ""delta_edge_f1"": 0.0, ""delta_topology_score"": 0.0}","{""class_match"": 0.0, ""properties"": 0.0}","{""per_pair"": [0.0], ""n_gt"": 1, ""n_matched"": 0}",0.14
COL-UPD-DIR-A-002,update,direct,1.0,1.0,1.0,1.0,spec,True,2$e8udr$D3w9y2FOxedsKA,1,1,,0.15988527983427048,"{""delta_node_precision"": 1.0, ""delta_node_recall"": 1.0, ""delta_node_f1"": 1.0, ""delta_edge_precision"": 1.0, ""delta_edge_recall"": 1.0, ""delta_edge_f1"": 1.0, ""delta_topology_score"": 1.0}","{""class_match"": 1.0, ""properties"": 1.0}","{""per_pair"": [1.0], ""n_gt"": 1, ""n_matched"": 1}",0.22
COL-UPD-DIR-R-001,update,direct,0.999916204361774,1.0,1.0,0.9999720681205914,spec,True,16lgaIqan5BeMYyMYTHdSc,1,1,,196.32743479590863,"{""delta_node_precision"": 1.0, ""delta_node_recall"": 1.0, ""delta_node_f1"": 1.0, ""delta_edge_precision"": 1.0, ""delta_edge_recall"": 1.0, ""delta_edge_f1"": 1.0, ""delta_topology_score"": 1.0}","{""class_match"": 1.0, ""properties"": 1.0}","{""per_pair"": [0.999916204361774], ""n_gt"": 1, ""n_matched"": 1}",349.08
COL-UPD-DIR-R-002,update,direct,1.0,1.0,1.0,1.0,spec,True,00yrLiRn90MQI8Q5LMWRlo,1,1,,4.755574658047408,"{""delta_node_precision"": 1.0, ""delta_node_recall"": 1.0, ""delta_node_f1"": 1.0, ""delta_edge_precision"": 1.0, ""delta_edge_recall"": 1.0, ""delta_edge_f1"": 1.0, ""delta_topology_score"": 1.0}","{""class_match"": 1.0, ""properties"": 1.0}","{""per_pair"": [1.0], ""n_gt"": 1, ""n_matched"": 1}",5.33
COL-UPD-SPA-A-001,update,spatial,0.0,0.0,0.0,0.0,spec,False,,1,0,,0.07318161288276315,"{""delta_node_precision"": 0.0, ""delta_node_recall"": 0.0, ""delta_node_f1"": 0.0, ""delta_edge_precision"": 0.0, ""delta_edge_recall"": 0.0, ""delta_edge_f1"": 0.0, ""delta_topology_score"": 0.0}","{""class_match"": 0.0, ""properties"": 0.0}","{""per_pair"": [0.0], ""n_gt"": 1, ""n_matched"": 0}",0.14
COL-UPD-SPA-A-002,update,spatial,0.0,0.0,0.0,0.0,spec,False,,1,0,,0.01793581899255514,"{""delta_node_precision"": 0.0, ""delta_node_recall"": 0.0, ""delta_node_f1"": 0.0, ""delta_edge_precision"": 0.0, ""delta_edge_recall"": 0.0, ""delta_edge_f1"": 0.0, ""delta_topology_score"": 0.0}","{""class_match"": 0.0, ""properties"": 0.0}","{""per_pair"": [0.0], ""n_gt"": 1, ""n_matched"": 0}",0.22
COL-UPD-SPA-R-001,update,spatial,0.7561368534483742,1.0,0.5285714285714286,0.7615694273399343,spec,True,16lgaIqan5BeMYyMYTHdSc,1,1,,113.97470595967025,"{""delta_node_precision"": 0.0, ""delta_node_recall"": 0.0, ""delta_node_f1"": 0.0, ""delta_edge_precision"": 1.0, ""delta_edge_recall"": 1.0, ""delta_edge_f1"": 1.0, ""delta_topology_score"": 0.7}","{""class_match"": 1.0, ""properties"": 1.0}","{""per_pair"": [0.7561368534483742], ""n_gt"": 1, ""n_matched"": 1}",349.08
COL-UPD-SPA-R-002,update,spatial,1.0,1.0,1.0,1.0,spec,True,00yrLiRn90MQI8Q5LMWRlo,1,1,,2.309838641900569,"{""delta_node_precision"": 1.0, ""delta_node_recall"": 1.0, ""delta_node_f1"": 1.0, ""delta_edge_precision"": 1.0, ""delta_edge_recall"": 1.0, ""delta_edge_f1"": 1.0, ""delta_topology_score"": 1.0}","{""class_match"": 1.0, ""properties"": 1.0}","{""per_pair"": [1.0], ""n_gt"": 1, ""n_matched"": 1}",5.33
COL-UPD-TOP-A-001,update,topological,0.0,0.0,0.0,0.0,spec,False,,1,0,,0.07122921012341976,"{""delta_node_precision"": 0.0, ""delta_node_recall"": 0.0, ""delta_node_f1"": 0.0, ""delta_edge_precision"": 0.0, ""delta_edge_recall"": 0.0, ""delta_edge_f1"": 0.0, ""delta_topology_score"": 0.0}","{""class_match"": 0.0, ""properties"": 0.0}","{""per_pair"": [0.0], ""n_gt"": 1, ""n_matched"": 0}",0.14
COL-UPD-TOP-A-002,update,topological,0.0,0.0,0.0,0.0,spec,False,,1,0,,0.01720766117796302,"{""delta_node_precision"": 0.0, ""delta_node_recall"": 0.0, ""delta_node_f1"": 0.0, ""delta_edge_precision"": 0.0, ""delta_edge_recall"": 0.0, ""delta_edge_f1"": 0.0, ""delta_topology_score"": 0.0}","{""class_match"": 0.0, ""properties"": 0.0}","{""per_pair"": [0.0], ""n_gt"": 1, ""n_matched"": 0}",0.22
COL-UPD-TOP-R-001,update,topological,0.999916204361774,1.0,1.0,0.9999720681205914,spec,True,16lgaIqan5BeMYyMYTHdSc,1,1,,84.31465006619692,"{""delta_node_precision"": 1.0, ""delta_node_recall"": 1.0, ""delta_node_f1"": 1.0, ""delta_edge_precision"": 1.0, ""delta_edge_recall"": 1.0, ""delta_edge_f1"": 1.0, ""delta_topology_score"": 1.0}","{""class_match"": 1.0, ""properties"": 1.0}","{""per_pair"": [0.999916204361774], ""n_gt"": 1, ""n_matched"": 1}",349.08
COL-UPD-TOP-R-002,update,topological,1.0,1.0,1.0,1.0,spec,True,00yrLiRn90MQI8Q5LMWRlo,1,1,,2.329180581960827,"{""delta_node_precision"": 1.0, ""delta_node_recall"": 1.0, ""delta_node_f1"": 1.0, ""delta_edge_precision"": 1.0, ""delta_edge_recall"": 1.0, ""delta_edge_f1"": 1.0, ""delta_topology_score"": 1.0}","{""class_match"": 1.0, ""properties"": 1.0}","{""per_pair"": [1.0], ""n_gt"": 1, ""n_matched"": 1}",5.33
DOR-CRE-DIR-A-001,create,direct,0.0,0.0,0.0,0.0,diff,False,,1,0,,0.6954244272783399,"{""delta_node_precision"": 0.0, ""delta_node_recall"": 0.0, ""delta_node_f1"": 0.0, ""delta_edge_precision"": 0.0, ""delta_edge_recall"": 0.0, ""delta_edge_f1"": 0.0, ""delta_topology_score"": 0.0}","{""class_match"": 0.0, ""properties"": 0.0}","{""per_pair"": [0.0], ""n_gt"": 1, ""n_matched"": 0}",0.41
DOR-CRE-DIR-A-002,create,direct,0.0,0.0,0.0,0.0,diff,False,,1,0,,0.5126353590749204,"{""delta_node_precision"": 0.0, ""delta_node_recall"": 0.0, ""delta_node_f1"": 0.0, ""delta_edge_precision"": 0.0, ""delta_edge_recall"": 0.0, ""delta_edge_f1"": 0.0, ""delta_topology_score"": 0.0}","{""class_match"": 0.0, ""properties"": 0.0}","{""per_pair"": [0.0], ""n_gt"": 1, ""n_matched"": 0}",0.2
DOR-CRE-DIR-A-003,create,direct,0.0,0.0,0.0,0.0,diff,False,,1,0,,0.08819954982027411,"{""delta_node_precision"": 0.0, ""delta_node_recall"": 0.0, ""delta_node_f1"": 0.0, ""delta_edge_precision"": 0.0, ""delta_edge_recall"": 0.0, ""delta_edge_f1"": 0.0, ""delta_topology_score"": 0.0}","{""class_match"": 0.0, ""properties"": 0.0}","{""per_pair"": [0.0], ""n_gt"": 1, ""n_matched"": 0}",0.14
DOR-CRE-DIR-R-001,create,direct,0.0,0.0,0.0,0.0,diff,False,,1,0,,2.603004766162485,"{""delta_node_precision"": 0.0, ""delta_node_recall"": 0.0, ""delta_node_f1"": 0.0, ""delta_edge_precision"": 0.0, ""delta_edge_recall"": 0.0, ""delta_edge_f1"": 0.0, ""delta_topology_score"": 0.0}","{""class_match"": 0.0, ""properties"": 0.0}","{""per_pair"": [0.0], ""n_gt"": 1, ""n_matched"": 0}",16.1
DOR-CRE-DIR-R-002,create,direct,0.0,0.0,0.0,0.0,diff,False,,1,0,,4.889606184791774,"{""delta_node_precision"": 0.0, ""delta_node_recall"": 0.0, ""delta_node_f1"": 0.0, ""delta_edge_precision"": 0.0, ""delta_edge_recall"": 0.0, ""delta_edge_f1"": 0.0, ""delta_topology_score"": 0.0}","{""class_match"": 0.0, ""properties"": 0.0}","{""per_pair"": [0.0], ""n_gt"": 1, ""n_matched"": 0}",5.32
DOR-CRE-DIR-R-003,create,direct,0.0,0.0,0.0,0.0,diff,False,,1,0,,45.98062129318714,"{""delta_node_precision"": 0.0, ""delta_node_recall"": 0.0, ""delta_node_f1"": 0.0, ""delta_edge_precision"": 0.0, ""delta_edge_recall"": 0.0, ""delta_edge_f1"": 0.0, ""delta_topology_score"": 0.0}","{""class_match"": 0.0, ""properties"": 0.0}","{""per_pair"": [0.0], ""n_gt"": 1, ""n_matched"": 0}",5.26
DOR-CRE-SPA-A-001,create,spatial,0.0,0.0,0.0,0.0,diff,False,,1,0,,0.14569592708721757,"{""delta_node_precision"": 0.0, ""delta_node_recall"": 0.0, ""delta_node_f1"": 0.0, ""delta_edge_precision"": 0.0, ""delta_edge_recall"": 0.0, ""delta_edge_f1"": 0.0, ""delta_topology_score"": 0.0}","{""class_match"": 0.0, ""properties"": 0.0}","{""per_pair"": [0.0], ""n_gt"": 1, ""n_matched"": 0}",0.41
DOR-CRE-SPA-A-002,create,spatial,0.0,0.0,0.0,0.0,diff,False,,1,0,,0.05984446220099926,"{""delta_node_precision"": 0.0, ""delta_node_recall"": 0.0, ""delta_node_f1"": 0.0, ""delta_edge_precision"": 0.0, ""delta_edge_recall"": 0.0, ""delta_edge_f1"": 0.0, ""delta_topology_score"": 0.0}","{""class_match"": 0.0, ""properties"": 0.0}","{""per_pair"": [0.0], ""n_gt"": 1, ""n_matched"": 0}",0.2
DOR-CRE-SPA-A-003,create,spatial,0.0,0.0,0.0,0.0,diff,False,,1,0,,0.014072474092245102,"{""delta_node_precision"": 0.0, ""delta_node_recall"": 0.0, ""delta_node_f1"": 0.0, ""delta_edge_precision"": 0.0, ""delta_edge_recall"": 0.0, ""delta_edge_f1"": 0.0, ""delta_topology_score"": 0.0}","{""class_match"": 0.0, ""properties"": 0.0}","{""per_pair"": [0.0], ""n_gt"": 1, ""n_matched"": 0}",0.14
DOR-CRE-SPA-R-001,create,spatial,0.0,0.0,0.0,0.0,diff,False,,1,0,,1.1738902269862592,"{""delta_node_precision"": 0.0, ""delta_node_recall"": 0.0, ""delta_node_f1"": 0.0, ""delta_edge_precision"": 0.0, ""delta_edge_recall"": 0.0, ""delta_edge_f1"": 0.0, ""delta_topology_score"": 0.0}","{""class_match"": 0.0, ""properties"": 0.0}","{""per_pair"": [0.0], ""n_gt"": 1, ""n_matched"": 0}",16.1
DOR-CRE-SPA-R-002,create,spatial,0.0,0.0,0.0,0.0,diff,False,,1,0,,2.0301160411909223,"{""delta_node_precision"": 0.0, ""delta_node_recall"": 0.0, ""delta_node_f1"": 0.0, ""delta_edge_precision"": 0.0, ""delta_edge_recall"": 0.0, ""delta_edge_f1"": 0.0, ""delta_topology_score"": 0.0}","{""class_match"": 0.0, ""properties"": 0.0}","{""per_pair"": [0.0], ""n_gt"": 1, ""n_matched"": 0}",5.32
DOR-CRE-SPA-R-003,create,spatial,0.0,0.0,0.0,0.0,diff,False,,1,0,,2.6306745782494545,"{""delta_node_precision"": 0.0, ""delta_node_recall"": 0.0, ""delta_node_f1"": 0.0, ""delta_edge_precision"": 0.0, ""delta_edge_recall"": 0.0, ""delta_edge_f1"": 0.0, ""delta_topology_score"": 0.0}","{""class_match"": 0.0, ""properties"": 0.0}","{""per_pair"": [0.0], ""n_gt"": 1, ""n_matched"": 0}",5.26
DOR-CRE-TOP-A-001,create,topological,0.0,0.0,0.0,0.0,diff,False,,1,0,,0.14534508297219872,"{""delta_node_precision"": 0.0, ""delta_node_recall"": 0.0, ""delta_node_f1"": 0.0, ""delta_edge_precision"": 0.0, ""delta_edge_recall"": 0.0, ""delta_edge_f1"": 0.0, ""delta_topology_score"": 0.0}","{""class_match"": 0.0, ""properties"": 0.0}","{""per_pair"": [0.0], ""n_gt"": 1, ""n_matched"": 0}",0.41
DOR-CRE-TOP-A-002,create,topological,0.0,0.0,0.0,0.0,diff,False,,1,0,,0.0676651718094945,"{""delta_node_precision"": 0.0, ""delta_node_recall"": 0.0, ""delta_node_f1"": 0.0, ""delta_edge_precision"": 0.0, ""delta_edge_recall"": 0.0, ""delta_edge_f1"": 0.0, ""delta_topology_score"": 0.0}","{""class_match"": 0.0, ""properties"": 0.0}","{""per_pair"": [0.0], ""n_gt"": 1, ""n_matched"": 0}",0.2
DOR-CRE-TOP-A-003,create,topological,0.0,0.0,0.0,0.0,diff,False,,1,0,,0.016440304927527905,"{""delta_node_precision"": 0.0, ""delta_node_recall"": 0.0, ""delta_node_f1"": 0.0, ""delta_edge_precision"": 0.0, ""delta_edge_recall"": 0.0, ""delta_edge_f1"": 0.0, ""delta_topology_score"": 0.0}","{""class_match"": 0.0, ""properties"": 0.0}","{""per_pair"": [0.0], ""n_gt"": 1, ""n_matched"": 0}",0.14
DOR-CRE-TOP-R-001,create,topological,0.0,0.0,0.0,0.0,diff,False,,1,0,,1.2374817337840796,"{""delta_node_precision"": 0.0, ""delta_node_recall"": 0.0, ""delta_node_f1"": 0.0, ""delta_edge_precision"": 0.0, ""delta_edge_recall"": 0.0, ""delta_edge_f1"": 0.0, ""delta_topology_score"": 0.0}","{""class_match"": 0.0, ""properties"": 0.0}","{""per_pair"": [0.0], ""n_gt"": 1, ""n_matched"": 0}",16.1
DOR-CRE-TOP-R-002,create,topological,0.0,0.0,0.0,0.0,diff,False,,1,0,,2.008032613899559,"{""delta_node_precision"": 0.0, ""delta_node_recall"": 0.0, ""delta_node_f1"": 0.0, ""delta_edge_precision"": 0.0, ""delta_edge_recall"": 0.0, ""delta_edge_f1"": 0.0, ""delta_topology_score"": 0.0}","{""class_match"": 0.0, ""properties"": 0.0}","{""per_pair"": [0.0], ""n_gt"": 1, ""n_matched"": 0}",5.32
DOR-CRE-TOP-R-003,create,topological,0.0,0.0,0.0,0.0,diff,False,,1,0,,2.1848168768920004,"{""delta_node_precision"": 0.0, ""delta_node_recall"": 0.0, ""delta_node_f1"": 0.0, ""delta_edge_precision"": 0.0, ""delta_edge_recall"": 0.0, ""delta_edge_f1"": 0.0, ""delta_topology_score"": 0.0}","{""class_match"": 0.0, ""properties"": 0.0}","{""per_pair"": [0.0], ""n_gt"": 1, ""n_matched"": 0}",5.26
DOR-DEL-DIR-A-001,delete,direct,0.0,1.0,0.0,0.3333333333333333,spec,False,,1,0,,0.625332698225975,"{""delta_node_precision"": 0.0, ""delta_node_recall"": 0.0, ""delta_node_f1"": 0.0, ""delta_edge_precision"": 0.0, ""delta_edge_recall"": 0.0, ""delta_edge_f1"": 0.0, ""delta_topology_score"": 0.0}","{""class_match"": 1.0, ""properties"": 1.0}","{""per_pair"": [0.0], ""n_gt"": 1, ""n_matched"": 0}",0.14
DOR-DEL-DIR-A-002,delete,direct,1.0,0.0,1.0,0.6666666666666666,spec,True,,1,1,,0.1325051817111671,"{""delta_node_precision"": 1.0, ""delta_node_recall"": 1.0, ""delta_node_f1"": 1.0, ""delta_edge_precision"": 1.0, ""delta_edge_recall"": 1.0, ""delta_edge_f1"": 1.0, ""delta_topology_score"": 1.0}","{""class_match"": 0.0, ""properties"": 0.0}","{""per_pair"": [1.0], ""n_gt"": 1, ""n_matched"": 1}",0.22
DOR-DEL-DIR-R-001,delete,direct,1.0,0.0,0.7109956709956711,0.5703318903318904,spec,True,,1,1,,4.9393096142448485,"{""delta_node_precision"": 0.6666666666666666, ""delta_node_recall"": 1.0, ""delta_node_f1"": 0.8, ""delta_edge_precision"": 0.36363636363636365, ""delta_edge_recall"": 1.0, ""delta_edge_f1"": 0.5333333333333333, ""delta_topology_score"": 0.6133333333333333}","{""class_match"": 0.0, ""properties"": 0.0}","{""per_pair"": [1.0], ""n_gt"": 1, ""n_matched"": 1}",16.92
DOR-DEL-DIR-R-002,delete,direct,1.0,0.0,1.0,0.6666666666666666,spec,True,,1,1,,8.031878799200058,"{""delta_node_precision"": 1.0, ""delta_node_recall"": 1.0, ""delta_node_f1"": 1.0, ""delta_edge_precision"": 1.0, ""delta_edge_recall"": 1.0, ""delta_edge_f1"": 1.0, ""delta_topology_score"": 1.0}","{""class_match"": 0.0, ""properties"": 0.0}","{""per_pair"": [1.0], ""n_gt"": 1, ""n_matched"": 1}",5.26
DOR-DEL-SPA-A-001,delete,spatial,0.0,1.0,0.0,0.3333333333333333,spec,False,,1,0,,0.27251523872837424,"{""delta_node_precision"": 0.0, ""delta_node_recall"": 0.0, ""delta_node_f1"": 0.0, ""delta_edge_precision"": 0.0, ""delta_edge_recall"": 0.0, ""delta_edge_f1"": 0.0, ""delta_topology_score"": 0.0}","{""class_match"": 1.0, ""properties"": 1.0}","{""per_pair"": [0.0], ""n_gt"": 1, ""n_matched"": 0}",0.14
DOR-DEL-SPA-A-002,delete,spatial,0.0,1.0,0.0,0.3333333333333333,spec,False,,1,0,,0.08245389210060239,"{""delta_node_precision"": 0.0, ""delta_node_recall"": 0.0, ""delta_node_f1"": 0.0, ""delta_edge_precision"": 0.0, ""delta_edge_recall"": 0.0, ""delta_edge_f1"": 0.0, ""delta_topology_score"": 0.0}","{""class_match"": 1.0, ""properties"": 1.0}","{""per_pair"": [0.0], ""n_gt"": 1, ""n_matched"": 0}",0.22
DOR-DEL-SPA-R-001,delete,spatial,0.0,1.0,0.0,0.3333333333333333,spec,False,,1,0,,2.21878660004586,"{""delta_node_precision"": 0.0, ""delta_node_recall"": 0.0, ""delta_node_f1"": 0.0, ""delta_edge_precision"": 0.0, ""delta_edge_recall"": 0.0, ""delta_edge_f1"": 0.0, ""delta_topology_score"": 0.0}","{""class_match"": 1.0, ""properties"": 1.0}","{""per_pair"": [0.0], ""n_gt"": 1, ""n_matched"": 0}",16.92
DOR-DEL-SPA-R-002,delete,spatial,0.0,1.0,0.0,0.3333333333333333,spec,False,,1,0,,2.7843254529871047,"{""delta_node_precision"": 0.0, ""delta_node_recall"": 0.0, ""delta_node_f1"": 0.0, ""delta_edge_precision"": 0.0, ""delta_edge_recall"": 0.0, ""delta_edge_f1"": 0.0, ""delta_topology_score"": 0.0}","{""class_match"": 1.0, ""properties"": 1.0}","{""per_pair"": [0.0], ""n_gt"": 1, ""n_matched"": 0}",5.26
DOR-DEL-TOP-A-001,delete,topological,1.0,0.0,0.6938949938949938,0.5646316646316646,spec,True,,1,1,,0.04874634090811014,"{""delta_node_precision"": 0.5, ""delta_node_recall"": 1.0, ""delta_node_f1"": 0.6666666666666666, ""delta_edge_precision"": 0.4444444444444444, ""delta_edge_recall"": 1.0, ""delta_edge_f1"": 0.6153846153846153, ""delta_topology_score"": 0.6307692307692306}","{""class_match"": 0.0, ""properties"": 0.0}","{""per_pair"": [1.0], ""n_gt"": 1, ""n_matched"": 1}",0.14
DOR-DEL-TOP-A-002,delete,topological,1.0,0.0,1.0,0.6666666666666666,spec,True,,1,1,,0.01629324210807681,"{""delta_node_precision"": 1.0, ""delta_node_recall"": 1.0, ""delta_node_f1"": 1.0, ""delta_edge_precision"": 1.0, ""delta_edge_recall"": 1.0, ""delta_edge_f1"": 1.0, ""delta_topology_score"": 1.0}","{""class_match"": 0.0, ""properties"": 0.0}","{""per_pair"": [1.0], ""n_gt"": 1, ""n_matched"": 1}",0.22
DOR-DEL-TOP-R-001,delete,topological,0.0,1.0,0.0,0.3333333333333333,spec,False,,1,0,,2.2474858285859227,"{""delta_node_precision"": 0.0, ""delta_node_recall"": 0.0, ""delta_node_f1"": 0.0, ""delta_edge_precision"": 0.0, ""delta_edge_recall"": 0.0, ""delta_edge_f1"": 0.0, ""delta_topology_score"": 0.0}","{""class_match"": 1.0, ""properties"": 1.0}","{""per_pair"": [0.0], ""n_gt"": 1, ""n_matched"": 0}",16.92
DOR-DEL-TOP-R-002,delete,topological,1.0,0.0,1.0,0.6666666666666666,spec,True,,1,1,,2.347337012179196,"{""delta_node_precision"": 1.0, ""delta_node_recall"": 1.0, ""delta_node_f1"": 1.0, ""delta_edge_precision"": 1.0, ""delta_edge_recall"": 1.0, ""delta_edge_f1"": 1.0, ""delta_topology_score"": 1.0}","{""class_match"": 0.0, ""properties"": 0.0}","{""per_pair"": [1.0], ""n_gt"": 1, ""n_matched"": 1}",5.26
DOR-UPD-DIR-A-001,update,direct,0.9999999999999876,1.0,1.0,0.9999999999999959,spec,True,3weZ9R4j52LPSdY$3bzEMo,1,1,,1.4088036422617733,"{""delta_node_precision"": 1.0, ""delta_node_recall"": 1.0, ""delta_node_f1"": 1.0, ""delta_edge_precision"": 1.0, ""delta_edge_recall"": 1.0, ""delta_edge_f1"": 1.0, ""delta_topology_score"": 1.0}","{""class_match"": 1.0, ""properties"": 1.0}","{""per_pair"": [0.9999999999999876], ""n_gt"": 1, ""n_matched"": 1}",0.22
DOR-UPD-DIR-R-001,update,direct,0.9999999999999848,1.0,1.0,0.999999999999995,spec,True,2AGvcvmtT5tuw78WQbzQMZ,1,1,,6.123081704135984,"{""delta_node_precision"": 1.0, ""delta_node_recall"": 1.0, ""delta_node_f1"": 1.0, ""delta_edge_precision"": 1.0, ""delta_edge_recall"": 1.0, ""delta_edge_f1"": 1.0, ""delta_topology_score"": 1.0}","{""class_match"": 1.0, ""properties"": 1.0}","{""per_pair"": [0.9999999999999848], ""n_gt"": 1, ""n_matched"": 1}",5.26
DOR-UPD-SPA-A-001,update,spatial,0.8890910286697021,1.0,0.5285714285714286,0.8058874857470436,spec,True,3weZ9R4j52LPSdY$3bzEMo,1,1,,0.22862766589969397,"{""delta_node_precision"": 0.0, ""delta_node_recall"": 0.0, ""delta_node_f1"": 0.0, ""delta_edge_precision"": 1.0, ""delta_edge_recall"": 1.0, ""delta_edge_f1"": 1.0, ""delta_topology_score"": 0.7}","{""class_match"": 1.0, ""properties"": 1.0}","{""per_pair"": [0.8890910286697021], ""n_gt"": 1, ""n_matched"": 1}",0.22
DOR-UPD-SPA-R-001,update,spatial,0.9353446244965221,1.0,0.5285714285714286,0.8213053510226502,spec,True,2AGvcvmtT5tuw78WQbzQMZ,1,1,,3.562555323820561,"{""delta_node_precision"": 0.0, ""delta_node_recall"": 0.0, ""delta_node_f1"": 0.0, ""delta_edge_precision"": 1.0, ""delta_edge_recall"": 1.0, ""delta_edge_f1"": 1.0, ""delta_topology_score"": 0.7}","{""class_match"": 1.0, ""properties"": 1.0}","{""per_pair"": [0.9353446244965221], ""n_gt"": 1, ""n_matched"": 1}",5.26
DOR-UPD-TOP-A-001,update,topological,0.9999999999999876,1.0,1.0,0.9999999999999959,spec,True,3weZ9R4j52LPSdY$3bzEMo,1,1,,0.22464684583246708,"{""delta_node_precision"": 1.0, ""delta_node_recall"": 1.0, ""delta_node_f1"": 1.0, ""delta_edge_precision"": 1.0, ""delta_edge_recall"": 1.0, ""delta_edge_f1"": 1.0, ""delta_topology_score"": 1.0}","{""class_match"": 1.0, ""properties"": 1.0}","{""per_pair"": [0.9999999999999876], ""n_gt"": 1, ""n_matched"": 1}",0.22
DOR-UPD-TOP-R-001,update,topological,0.9353446244965221,1.0,0.0,0.6451148748321741,spec,True,2AGvcvmtT5tuw78WQbzQMZ,1,1,,3.551642666105181,"{""delta_node_precision"": 0.0, ""delta_node_recall"": 0.0, ""delta_node_f1"": 0.0, ""delta_edge_precision"": 0.0, ""delta_edge_recall"": 0.0, ""delta_edge_f1"": 0.0, ""delta_topology_score"": 0.0}","{""class_match"": 1.0, ""properties"": 1.0}","{""per_pair"": [0.9353446244965221], ""n_gt"": 1, ""n_matched"": 1}",5.26
ROM-CRE-DIR-A-001,create,direct,0.9999999999999757,0.5,1.0,0.8333333333333252,diff,True,28fgJQtyLBPuVfMyg1w6AN,1,1,,0.1617172327823937,"{""delta_node_precision"": 1.0, ""delta_node_recall"": 1.0, ""delta_node_f1"": 1.0, ""delta_edge_precision"": 1.0, ""delta_edge_recall"": 1.0, ""delta_edge_f1"": 1.0, ""delta_topology_score"": 1.0}","{""class_match"": 1.0, ""properties"": 0.0}","{""per_pair"": [0.9999999999999757], ""n_gt"": 1, ""n_matched"": 1}",0.13
ROM-CRE-DIR-A-002,create,direct,0.9999999999999718,0.5,0.9444444444444445,0.8148148148148054,diff,True,1fwZ8PoQXD1gBm9gKI3gL2,1,1,,0.22339784493669868,"{""delta_node_precision"": 1.0, ""delta_node_recall"": 1.0, ""delta_node_f1"": 1.0, ""delta_edge_precision"": 1.0, ""delta_edge_recall"": 0.8, ""delta_edge_f1"": 0.888888888888889, ""delta_topology_score"": 0.9222222222222223}","{""class_match"": 1.0, ""properties"": 0.0}","{""per_pair"": [0.9999999999999718], ""n_gt"": 1, ""n_matched"": 1}",0.14
ROM-CRE-DIR-A-003,create,direct,0.9291645674158661,0.5,0.5236661888835802,0.6509435854331488,diff,True,0YmVb4VHPBWAU7gW8DxIme,1,1,,0.043516429141163826,"{""delta_node_precision"": 0.5, ""delta_node_recall"": 1.0, ""delta_node_f1"": 0.6666666666666666, ""delta_edge_precision"": 0.3076923076923077, ""delta_edge_recall"": 0.4, ""delta_edge_f1"": 0.34782608695652173, ""delta_topology_score"": 0.4434782608695652}","{""class_match"": 1.0, ""properties"": 0.0}","{""per_pair"": [0.9291645674158661], ""n_gt"": 1, ""n_matched"": 1}",0.17
ROM-CRE-DIR-A-004,create,direct,0.0,0.0,0.0,0.0,diff,False,,1,0,,0.02379770716652274,"{""delta_node_precision"": 0.0, ""delta_node_recall"": 0.0, ""delta_node_f1"": 0.0, ""delta_edge_precision"": 0.0, ""delta_edge_recall"": 0.0, ""delta_edge_f1"": 0.0, ""delta_topology_score"": 0.0}","{""class_match"": 0.0, ""properties"": 0.0}","{""per_pair"": [0.0], ""n_gt"": 1, ""n_matched"": 0}",0.15
ROM-CRE-DIR-R-001,create,direct,0.0,0.0,0.0,0.0,diff,False,,1,0,,94.9765106216073,"{""delta_node_precision"": 0.0, ""delta_node_recall"": 0.0, ""delta_node_f1"": 0.0, ""delta_edge_precision"": 0.0, ""delta_edge_recall"": 0.0, ""delta_edge_f1"": 0.0, ""delta_topology_score"": 0.0}","{""class_match"": 0.0, ""properties"": 0.0}","{""per_pair"": [0.0], ""n_gt"": 1, ""n_matched"": 0}",148.91
ROM-CRE-DIR-R-002,create,direct,0.9518505212832525,0.5,0.96984126984127,0.8072305970415075,diff,True,0ZhM2IE2HEUPM_8AiCpEEl,1,1,,4.22282681427896,"{""delta_node_precision"": 1.0, ""delta_node_recall"": 1.0, ""delta_node_f1"": 1.0, ""delta_edge_precision"": 1.0, ""delta_edge_recall"": 0.8888888888888888, ""delta_edge_f1"": 0.9411764705882353, ""delta_topology_score"": 0.9588235294117646}","{""class_match"": 1.0, ""properties"": 0.0}","{""per_pair"": [0.9518505212832525], ""n_gt"": 1, ""n_matched"": 1}",12.15
ROM-CRE-DIR-R-003,create,direct,0.9557986248838316,0.5,0.7315229515229513,0.7291071921355942,diff,True,1LJCYncIr35fmwALdtk6tG,1,1,,3.393464241642505,"{""delta_node_precision"": 1.0, ""delta_node_recall"": 1.0, ""delta_node_f1"": 1.0, ""delta_edge_precision"": 1.0, ""delta_edge_recall"": 0.21621621621621623, ""delta_edge_f1"": 0.35555555555555557, ""delta_topology_score"": 0.5488888888888889}","{""class_match"": 1.0, ""properties"": 0.0}","{""per_pair"": [0.9557986248838316], ""n_gt"": 1, ""n_matched"": 1}",5.32
ROM-CRE-DIR-R-004,create,direct,0.9997049783553232,0.5,1.0,0.8332349927851078,diff,True,1I1zYnF$17JP5M8D6GyPXT,1,1,,5.554635468870401,"{""delta_node_precision"": 1.0, ""delta_node_recall"": 1.0, ""delta_node_f1"": 1.0, ""delta_edge_precision"": 1.0, ""delta_edge_recall"": 1.0, ""delta_edge_f1"": 1.0, ""delta_topology_score"": 1.0}","{""class_match"": 1.0, ""properties"": 0.0}","{""per_pair"": [0.9997049783553232], ""n_gt"": 1, ""n_matched"": 1}",4.71
ROM-CRE-SPA-A-001,create,spatial,0.0,0.0,0.0,0.0,diff,False,,1,0,,0.04742036573588848,"{""delta_node_precision"": 0.0, ""delta_node_recall"": 0.0, ""delta_node_f1"": 0.0, ""delta_edge_precision"": 0.0, ""delta_edge_recall"": 0.0, ""delta_edge_f1"": 0.0, ""delta_topology_score"": 0.0}","{""class_match"": 0.0, ""properties"": 0.0}","{""per_pair"": [0.0], ""n_gt"": 1, ""n_matched"": 0}",0.13
ROM-CRE-SPA-A-002,create,spatial,0.0,0.0,0.0,0.0,diff,False,,1,0,,0.0678560002706945,"{""delta_node_precision"": 0.0, ""delta_node_recall"": 0.0, ""delta_node_f1"": 0.0, ""delta_edge_precision"": 0.0, ""delta_edge_recall"": 0.0, ""delta_edge_f1"": 0.0, ""delta_topology_score"": 0.0}","{""class_match"": 0.0, ""properties"": 0.0}","{""per_pair"": [0.0], ""n_gt"": 1, ""n_matched"": 0}",0.14
ROM-CRE-SPA-A-003,create,spatial,0.0,0.0,0.0,0.0,diff,False,,1,0,,0.012344703078269958,"{""delta_node_precision"": 0.0, ""delta_node_recall"": 0.0, ""delta_node_f1"": 0.0, ""delta_edge_precision"": 0.0, ""delta_edge_recall"": 0.0, ""delta_edge_f1"": 0.0, ""delta_topology_score"": 0.0}","{""class_match"": 0.0, ""properties"": 0.0}","{""per_pair"": [0.0], ""n_gt"": 1, ""n_matched"": 0}",0.17
ROM-CRE-SPA-A-004,create,spatial,0.0,0.0,0.0,0.0,diff,False,,1,0,,0.010615908075124025,"{""delta_node_precision"": 0.0, ""delta_node_recall"": 0.0, ""delta_node_f1"": 0.0, ""delta_edge_precision"": 0.0, ""delta_edge_recall"": 0.0, ""delta_edge_f1"": 0.0, ""delta_topology_score"": 0.0}","{""class_match"": 0.0, ""properties"": 0.0}","{""per_pair"": [0.0], ""n_gt"": 1, ""n_matched"": 0}",0.15
ROM-CRE-SPA-R-001,create,spatial,0.0,0.0,0.0,0.0,diff,False,,1,0,,33.5838703289628,"{""delta_node_precision"": 0.0, ""delta_node_recall"": 0.0, ""delta_node_f1"": 0.0, ""delta_edge_precision"": 0.0, ""delta_edge_recall"": 0.0, ""delta_edge_f1"": 0.0, ""delta_topology_score"": 0.0}","{""class_match"": 0.0, ""properties"": 0.0}","{""per_pair"": [0.0], ""n_gt"": 1, ""n_matched"": 0}",148.91
ROM-CRE-SPA-R-002,create,spatial,0.0,0.0,0.0,0.0,diff,False,,1,0,,4.236933411099017,"{""delta_node_precision"": 0.0, ""delta_node_recall"": 0.0, ""delta_node_f1"": 0.0, ""delta_edge_precision"": 0.0, ""delta_edge_recall"": 0.0, ""delta_edge_f1"": 0.0, ""delta_topology_score"": 0.0}","{""class_match"": 0.0, ""properties"": 0.0}","{""per_pair"": [0.0], ""n_gt"": 1, ""n_matched"": 0}",12.15
ROM-CRE-SPA-R-003,create,spatial,0.0,0.0,0.0,0.0,diff,False,,1,0,,1.8839462008327246,"{""delta_node_precision"": 0.0, ""delta_node_recall"": 0.0, ""delta_node_f1"": 0.0, ""delta_edge_precision"": 0.0, ""delta_edge_recall"": 0.0, ""delta_edge_f1"": 0.0, ""delta_topology_score"": 0.0}","{""class_match"": 0.0, ""properties"": 0.0}","{""per_pair"": [0.0], ""n_gt"": 1, ""n_matched"": 0}",5.32
ROM-CRE-SPA-R-004,create,spatial,0.0,0.0,0.0,0.0,diff,False,,1,0,,2.005998740904033,"{""delta_node_precision"": 0.0, ""delta_node_recall"": 0.0, ""delta_node_f1"": 0.0, ""delta_edge_precision"": 0.0, ""delta_edge_recall"": 0.0, ""delta_edge_f1"": 0.0, ""delta_topology_score"": 0.0}","{""class_match"": 0.0, ""properties"": 0.0}","{""per_pair"": [0.0], ""n_gt"": 1, ""n_matched"": 0}",4.71
ROM-CRE-TOP-A-001,create,topological,0.0,0.0,0.0,0.0,diff,False,,1,0,,0.04336518328636885,"{""delta_node_precision"": 0.0, ""delta_node_recall"": 0.0, ""delta_node_f1"": 0.0, ""delta_edge_precision"": 0.0, ""delta_edge_recall"": 0.0, ""delta_edge_f1"": 0.0, ""delta_topology_score"": 0.0}","{""class_match"": 0.0, ""properties"": 0.0}","{""per_pair"": [0.0], ""n_gt"": 1, ""n_matched"": 0}",0.13
ROM-CRE-TOP-A-002,create,topological,0.0,0.0,0.0,0.0,diff,False,,1,0,,0.06114504300057888,"{""delta_node_precision"": 0.0, ""delta_node_recall"": 0.0, ""delta_node_f1"": 0.0, ""delta_edge_precision"": 0.0, ""delta_edge_recall"": 0.0, ""delta_edge_f1"": 0.0, ""delta_topology_score"": 0.0}","{""class_match"": 0.0, ""properties"": 0.0}","{""per_pair"": [0.0], ""n_gt"": 1, ""n_matched"": 0}",0.14
ROM-CRE-TOP-A-003,create,topological,0.0,0.0,0.0,0.0,diff,False,,1,0,,0.011570126749575138,"{""delta_node_precision"": 0.0, ""delta_node_recall"": 0.0, ""delta_node_f1"": 0.0, ""delta_edge_precision"": 0.0, ""delta_edge_recall"": 0.0, ""delta_edge_f1"": 0.0, ""delta_topology_score"": 0.0}","{""class_match"": 0.0, ""properties"": 0.0}","{""per_pair"": [0.0], ""n_gt"": 1, ""n_matched"": 0}",0.17
ROM-CRE-TOP-A-004,create,topological,0.0,0.0,0.0,0.0,diff,False,,1,0,,0.010656658094376326,"{""delta_node_precision"": 0.0, ""delta_node_recall"": 0.0, ""delta_node_f1"": 0.0, ""delta_edge_precision"": 0.0, ""delta_edge_recall"": 0.0, ""delta_edge_f1"": 0.0, ""delta_topology_score"": 0.0}","{""class_match"": 0.0, ""properties"": 0.0}","{""per_pair"": [0.0], ""n_gt"": 1, ""n_matched"": 0}",0.15
ROM-CRE-TOP-R-001,create,topological,0.0,0.0,0.0,0.0,diff,False,,1,0,,34.108790879137814,"{""delta_node_precision"": 0.0, ""delta_node_recall"": 0.0, ""delta_node_f1"": 0.0, ""delta_edge_precision"": 0.0, ""delta_edge_recall"": 0.0, ""delta_edge_f1"": 0.0, ""delta_topology_score"": 0.0}","{""class_match"": 0.0, ""properties"": 0.0}","{""per_pair"": [0.0], ""n_gt"": 1, ""n_matched"": 0}",148.91
ROM-CRE-TOP-R-002,create,topological,0.0,0.0,0.0,0.0,diff,False,,1,0,,4.274968612007797,"{""delta_node_precision"": 0.0, ""delta_node_recall"": 0.0, ""delta_node_f1"": 0.0, ""delta_edge_precision"": 0.0, ""delta_edge_recall"": 0.0, ""delta_edge_f1"": 0.0, ""delta_topology_score"": 0.0}","{""class_match"": 0.0, ""properties"": 0.0}","{""per_pair"": [0.0], ""n_gt"": 1, ""n_matched"": 0}",12.15
ROM-CRE-TOP-R-003,create,topological,0.0,0.0,0.0,0.0,diff,False,,1,0,,1.9560398757457733,"{""delta_node_precision"": 0.0, ""delta_node_recall"": 0.0, ""delta_node_f1"": 0.0, ""delta_edge_precision"": 0.0, ""delta_edge_recall"": 0.0, ""delta_edge_f1"": 0.0, ""delta_topology_score"": 0.0}","{""class_match"": 0.0, ""properties"": 0.0}","{""per_pair"": [0.0], ""n_gt"": 1, ""n_matched"": 0}",5.32
ROM-CRE-TOP-R-004,create,topological,0.0,0.0,0.0,0.0,diff,False,,1,0,,2.025628065224737,"{""delta_node_precision"": 0.0, ""delta_node_recall"": 0.0, ""delta_node_f1"": 0.0, ""delta_edge_precision"": 0.0, ""delta_edge_recall"": 0.0, ""delta_edge_f1"": 0.0, ""delta_topology_score"": 0.0}","{""class_match"": 0.0, ""properties"": 0.0}","{""per_pair"": [0.0], ""n_gt"": 1, ""n_matched"": 0}",4.71
ROM-DEL-DIR-A-001,delete,direct,1.0,0.0,1.0,0.6666666666666666,spec,True,,1,1,,0.10270752757787704,"{""delta_node_precision"": 1.0, ""delta_node_recall"": 1.0, ""delta_node_f1"": 1.0, ""delta_edge_precision"": 1.0, ""delta_edge_recall"": 1.0, ""delta_edge_f1"": 1.0, ""delta_topology_score"": 1.0}","{""class_match"": 0.0, ""properties"": 0.0}","{""per_pair"": [1.0], ""n_gt"": 1, ""n_matched"": 1}",0.13
ROM-DEL-DIR-A-002,delete,direct,1.0,0.0,0.9729323308270678,0.6576441102756893,spec,True,,1,1,,0.25752285961061716,"{""delta_node_precision"": 1.0, ""delta_node_recall"": 1.0, ""delta_node_f1"": 1.0, ""delta_edge_precision"": 1.0, ""delta_edge_recall"": 0.9, ""delta_edge_f1"": 0.9473684210526316, ""delta_topology_score"": 0.963157894736842}","{""class_match"": 0.0, ""properties"": 0.0}","{""per_pair"": [1.0], ""n_gt"": 1, ""n_matched"": 1}",0.15
ROM-DEL-DIR-A-003,delete,direct,1.0,0.0,1.0,0.6666666666666666,spec,True,,1,1,,0.025967327877879143,"{""delta_node_precision"": 1.0, ""delta_node_recall"": 1.0, ""delta_node_f1"": 1.0, ""delta_edge_precision"": 1.0, ""delta_edge_recall"": 1.0, ""delta_edge_f1"": 1.0, ""delta_topology_score"": 1.0}","{""class_match"": 0.0, ""properties"": 0.0}","{""per_pair"": [1.0], ""n_gt"": 1, ""n_matched"": 1}",0.15
ROM-DEL-DIR-A-004,delete,direct,1.0,0.0,0.0,0.3333333333333333,spec,True,,1,1,,0.14661435596644878,"{""delta_node_precision"": 0.0, ""delta_node_recall"": 0.0, ""delta_node_f1"": 0.0, ""delta_edge_precision"": 0.0, ""delta_edge_recall"": 0.0, ""delta_edge_f1"": 0.0, ""delta_topology_score"": 0.0}","{""class_match"": 0.0, ""properties"": 0.0}","{""per_pair"": [1.0], ""n_gt"": 1, ""n_matched"": 1}",0.14
ROM-DEL-DIR-R-001,delete,direct,1.0,0.0,1.0,0.6666666666666666,spec,True,,1,1,,34.489137924741954,"{""delta_node_precision"": 1.0, ""delta_node_recall"": 1.0, ""delta_node_f1"": 1.0, ""delta_edge_precision"": 1.0, ""delta_edge_recall"": 1.0, ""delta_edge_f1"": 1.0, ""delta_topology_score"": 1.0}","{""class_match"": 0.0, ""properties"": 0.0}","{""per_pair"": [1.0], ""n_gt"": 1, ""n_matched"": 1}",148.92
ROM-DEL-DIR-R-002,delete,direct,1.0,0.0,1.0,0.6666666666666666,spec,True,,1,1,,9.92642564419657,"{""delta_node_precision"": 1.0, ""delta_node_recall"": 1.0, ""delta_node_f1"": 1.0, ""delta_edge_precision"": 1.0, ""delta_edge_recall"": 1.0, ""delta_edge_f1"": 1.0, ""delta_topology_score"": 1.0}","{""class_match"": 0.0, ""properties"": 0.0}","{""per_pair"": [1.0], ""n_gt"": 1, ""n_matched"": 1}",12.16
ROM-DEL-DIR-R-003,delete,direct,1.0,0.0,0.9577838827838827,0.6525946275946276,spec,True,,1,1,,4.538142214063555,"{""delta_node_precision"": 1.0, ""delta_node_recall"": 1.0, ""delta_node_f1"": 1.0, ""delta_edge_precision"": 1.0, ""delta_edge_recall"": 0.8461538461538461, ""delta_edge_f1"": 0.9166666666666666, ""delta_topology_score"": 0.9416666666666667}","{""class_match"": 0.0, ""properties"": 0.0}","{""per_pair"": [1.0], ""n_gt"": 1, ""n_matched"": 1}",5.33
ROM-DEL-DIR-R-004,delete,direct,1.0,0.0,1.0,0.6666666666666666,spec,True,,1,1,,6.56030293693766,"{""delta_node_precision"": 1.0, ""delta_node_recall"": 1.0, ""delta_node_f1"": 1.0, ""delta_edge_precision"": 1.0, ""delta_edge_recall"": 1.0, ""delta_edge_f1"": 1.0, ""delta_topology_score"": 1.0}","{""class_match"": 0.0, ""properties"": 0.0}","{""per_pair"": [1.0], ""n_gt"": 1, ""n_matched"": 1}",4.72
ROM-DEL-SPA-A-001,delete,spatial,1.0,0.0,1.0,0.6666666666666666,spec,True,,1,1,,0.04063041182234883,"{""delta_node_precision"": 1.0, ""delta_node_recall"": 1.0, ""delta_node_f1"": 1.0, ""delta_edge_precision"": 1.0, ""delta_edge_recall"": 1.0, ""delta_edge_f1"": 1.0, ""delta_topology_score"": 1.0}","{""class_match"": 0.0, ""properties"": 0.0}","{""per_pair"": [1.0], ""n_gt"": 1, ""n_matched"": 1}",0.13
ROM-DEL-SPA-A-002,delete,spatial,1.0,0.0,0.9729323308270678,0.6576441102756893,spec,True,,1,1,,0.07549653295427561,"{""delta_node_precision"": 1.0, ""delta_node_recall"": 1.0, ""delta_node_f1"": 1.0, ""delta_edge_precision"": 1.0, ""delta_edge_recall"": 0.9, ""delta_edge_f1"": 0.9473684210526316, ""delta_topology_score"": 0.963157894736842}","{""class_match"": 0.0, ""properties"": 0.0}","{""per_pair"": [1.0], ""n_gt"": 1, ""n_matched"": 1}",0.15
ROM-DEL-SPA-A-003,delete,spatial,0.0,1.0,0.0,0.3333333333333333,spec,False,,1,0,,0.011943207122385502,"{""delta_node_precision"": 0.0, ""delta_node_recall"": 0.0, ""delta_node_f1"": 0.0, ""delta_edge_precision"": 0.0, ""delta_edge_recall"": 0.0, ""delta_edge_f1"": 0.0, ""delta_topology_score"": 0.0}","{""class_match"": 1.0, ""properties"": 1.0}","{""per_pair"": [0.0], ""n_gt"": 1, ""n_matched"": 0}",0.15
ROM-DEL-SPA-A-004,delete,spatial,0.0,1.0,0.0,0.3333333333333333,spec,False,,1,0,,0.06352856196463108,"{""delta_node_precision"": 0.0, ""delta_node_recall"": 0.0, ""delta_node_f1"": 0.0, ""delta_edge_precision"": 0.0, ""delta_edge_recall"": 0.0, ""delta_edge_f1"": 0.0, ""delta_topology_score"": 0.0}","{""class_match"": 1.0, ""properties"": 1.0}","{""per_pair"": [0.0], ""n_gt"": 1, ""n_matched"": 0}",0.14
ROM-DEL-SPA-R-001,delete,spatial,0.0,1.0,0.0,0.3333333333333333,spec,False,,1,0,,34.74125377787277,"{""delta_node_precision"": 0.0, ""delta_node_recall"": 0.0, ""delta_node_f1"": 0.0, ""delta_edge_precision"": 0.0, ""delta_edge_recall"": 0.0, ""delta_edge_f1"": 0.0, ""delta_topology_score"": 0.0}","{""class_match"": 1.0, ""properties"": 1.0}","{""per_pair"": [0.0], ""n_gt"": 1, ""n_matched"": 0}",148.92
ROM-DEL-SPA-R-002,delete,spatial,0.0,1.0,0.0,0.3333333333333333,spec,False,,1,0,,3.9379101637750864,"{""delta_node_precision"": 0.0, ""delta_node_recall"": 0.0, ""delta_node_f1"": 0.0, ""delta_edge_precision"": 0.0, ""delta_edge_recall"": 0.0, ""delta_edge_f1"": 0.0, ""delta_topology_score"": 0.0}","{""class_match"": 1.0, ""properties"": 1.0}","{""per_pair"": [0.0], ""n_gt"": 1, ""n_matched"": 0}",12.16
ROM-DEL-SPA-R-003,delete,spatial,0.0,1.0,0.0,0.3333333333333333,spec,False,,1,0,,2.277392091229558,"{""delta_node_precision"": 0.0, ""delta_node_recall"": 0.0, ""delta_node_f1"": 0.0, ""delta_edge_precision"": 0.0, ""delta_edge_recall"": 0.0, ""delta_edge_f1"": 0.0, ""delta_topology_score"": 0.0}","{""class_match"": 1.0, ""properties"": 1.0}","{""per_pair"": [0.0], ""n_gt"": 1, ""n_matched"": 0}",5.33
ROM-DEL-SPA-R-004,delete,spatial,0.0,1.0,0.0,0.3333333333333333,spec,False,,1,0,,2.0318461330607533,"{""delta_node_precision"": 0.0, ""delta_node_recall"": 0.0, ""delta_node_f1"": 0.0, ""delta_edge_precision"": 0.0, ""delta_edge_recall"": 0.0, ""delta_edge_f1"": 0.0, ""delta_topology_score"": 0.0}","{""class_match"": 1.0, ""properties"": 1.0}","{""per_pair"": [0.0], ""n_gt"": 1, ""n_matched"": 0}",4.72
ROM-DEL-TOP-A-001,delete,topological,1.0,0.0,0.7002699055330633,0.5667566351776877,spec,True,,1,1,,0.03959952620789409,"{""delta_node_precision"": 0.5, ""delta_node_recall"": 1.0, ""delta_node_f1"": 0.6666666666666666, ""delta_edge_precision"": 0.46153846153846156, ""delta_edge_recall"": 1.0, ""delta_edge_f1"": 0.631578947368421, ""delta_topology_score"": 0.6421052631578946}","{""class_match"": 0.0, ""properties"": 0.0}","{""per_pair"": [1.0], ""n_gt"": 1, ""n_matched"": 1}",0.13
ROM-DEL-TOP-A-002,delete,topological,1.0,0.0,0.9729323308270678,0.6576441102756893,spec,True,,1,1,,0.056532451417297125,"{""delta_node_precision"": 1.0, ""delta_node_recall"": 1.0, ""delta_node_f1"": 1.0, ""delta_edge_precision"": 1.0, ""delta_edge_recall"": 0.9, ""delta_edge_f1"": 0.9473684210526316, ""delta_topology_score"": 0.963157894736842}","{""class_match"": 0.0, ""properties"": 0.0}","{""per_pair"": [1.0], ""n_gt"": 1, ""n_matched"": 1}",0.15
ROM-DEL-TOP-A-003,delete,topological,0.0,1.0,0.0,0.3333333333333333,spec,False,,1,0,,0.011408627964556217,"{""delta_node_precision"": 0.0, ""delta_node_recall"": 0.0, ""delta_node_f1"": 0.0, ""delta_edge_precision"": 0.0, ""delta_edge_recall"": 0.0, ""delta_edge_f1"": 0.0, ""delta_topology_score"": 0.0}","{""class_match"": 1.0, ""properties"": 1.0}","{""per_pair"": [0.0], ""n_gt"": 1, ""n_matched"": 0}",0.15
ROM-DEL-TOP-A-004,delete,topological,0.0,1.0,0.0,0.3333333333333333,spec,False,,1,0,,0.061555305030196905,"{""delta_node_precision"": 0.0, ""delta_node_recall"": 0.0, ""delta_node_f1"": 0.0, ""delta_edge_precision"": 0.0, ""delta_edge_recall"": 0.0, ""delta_edge_f1"": 0.0, ""delta_topology_score"": 0.0}","{""class_match"": 1.0, ""properties"": 1.0}","{""per_pair"": [0.0], ""n_gt"": 1, ""n_matched"": 0}",0.14
ROM-DEL-TOP-R-001,delete,topological,1.0,0.0,0.6850181008075744,0.5616727002691915,spec,True,,1,1,,34.450189829804,"{""delta_node_precision"": 0.5, ""delta_node_recall"": 1.0, ""delta_node_f1"": 0.6666666666666666, ""delta_edge_precision"": 0.42105263157894735, ""delta_edge_recall"": 1.0, ""delta_edge_f1"": 0.5925925925925926, ""delta_topology_score"": 0.6148148148148147}","{""class_match"": 0.0, ""properties"": 0.0}","{""per_pair"": [1.0], ""n_gt"": 1, ""n_matched"": 1}",148.92
ROM-DEL-TOP-R-002,delete,topological,1.0,0.0,1.0,0.6666666666666666,spec,True,,1,1,,4.059923072811216,"{""delta_node_precision"": 1.0, ""delta_node_recall"": 1.0, ""delta_node_f1"": 1.0, ""delta_edge_precision"": 1.0, ""delta_edge_recall"": 1.0, ""delta_edge_f1"": 1.0, ""delta_topology_score"": 1.0}","{""class_match"": 0.0, ""properties"": 0.0}","{""per_pair"": [1.0], ""n_gt"": 1, ""n_matched"": 1}",12.16
ROM-DEL-TOP-R-003,delete,topological,0.0,1.0,0.0,0.3333333333333333,spec,False,,1,0,,2.290770689956844,"{""delta_node_precision"": 0.0, ""delta_node_recall"": 0.0, ""delta_node_f1"": 0.0, ""delta_edge_precision"": 0.0, ""delta_edge_recall"": 0.0, ""delta_edge_f1"": 0.0, ""delta_topology_score"": 0.0}","{""class_match"": 1.0, ""properties"": 1.0}","{""per_pair"": [0.0], ""n_gt"": 1, ""n_matched"": 0}",5.33
ROM-DEL-TOP-R-004,delete,topological,1.0,0.0,1.0,0.6666666666666666,spec,True,,1,1,,1.9468886028043926,"{""delta_node_precision"": 1.0, ""delta_node_recall"": 1.0, ""delta_node_f1"": 1.0, ""delta_edge_precision"": 1.0, ""delta_edge_recall"": 1.0, ""delta_edge_f1"": 1.0, ""delta_topology_score"": 1.0}","{""class_match"": 0.0, ""properties"": 0.0}","{""per_pair"": [1.0], ""n_gt"": 1, ""n_matched"": 1}",4.72
ROM-UPD-DIR-A-001,update,direct,0.9494026947404932,1.0,0.0,0.6498008982468311,spec,True,10VmbDUP13YPWiYkMLgRpN,1,1,,0.17749109165742993,"{""delta_node_precision"": 0.0, ""delta_node_recall"": 0.0, ""delta_node_f1"": 0.0, ""delta_edge_precision"": 0.0, ""delta_edge_recall"": 0.0, ""delta_edge_f1"": 0.0, ""delta_topology_score"": 0.0}","{""class_match"": 1.0, ""properties"": 1.0}","{""per_pair"": [0.9494026947404932], ""n_gt"": 1, ""n_matched"": 1}",0.13
ROM-UPD-DIR-A-002,update,direct,0.9595173982526359,1.0,0.6905895691609978,0.8833689891378779,spec,True,1BXMVsL3b4YOpeNFnqRn3h,1,1,,0.17708220006898046,"{""delta_node_precision"": 1.0, ""delta_node_recall"": 0.3333333333333333, ""delta_node_f1"": 0.5, ""delta_edge_precision"": 0.8888888888888888, ""delta_edge_recall"": 0.6666666666666666, ""delta_edge_f1"": 0.761904761904762, ""delta_topology_score"": 0.6833333333333333}","{""class_match"": 1.0, ""properties"": 1.0}","{""per_pair"": [0.9595173982526359], ""n_gt"": 1, ""n_matched"": 1}",0.15
ROM-UPD-DIR-A-003,update,direct,0.9504809759601774,1.0,0.0,0.6501603253200591,spec,True,0TdJ$TWoL2cAeMVD_4_n8b,1,1,,0.03627911116927862,"{""delta_node_precision"": 0.0, ""delta_node_recall"": 0.0, ""delta_node_f1"": 0.0, ""delta_edge_precision"": 0.0, ""delta_edge_recall"": 0.0, ""delta_edge_f1"": 0.0, ""delta_topology_score"": 0.0}","{""class_match"": 1.0, ""properties"": 1.0}","{""per_pair"": [0.9504809759601774], ""n_gt"": 1, ""n_matched"": 1}",0.16
ROM-UPD-DIR-A-004,update,direct,0.9063499175303481,1.0,0.4714285714285714,0.7925928296529733,spec,True,3wxyd75Er8HBGYGI9jDteL,1,1,,0.05088532669469714,"{""delta_node_precision"": 1.0, ""delta_node_recall"": 1.0, ""delta_node_f1"": 1.0, ""delta_edge_precision"": 0.0, ""delta_edge_recall"": 0.0, ""delta_edge_f1"": 0.0, ""delta_topology_score"": 0.3}","{""class_match"": 1.0, ""properties"": 1.0}","{""per_pair"": [0.9063499175303481], ""n_gt"": 1, ""n_matched"": 1}",0.27
ROM-UPD-DIR-R-001,update,direct,0.9524414738185032,1.0,0.0,0.6508138246061678,spec,True,2975y8FcXF2RDxYtSJf7rT,1,1,,72.62926636030897,"{""delta_node_precision"": 0.0, ""delta_node_recall"": 0.0, ""delta_node_f1"": 0.0, ""delta_edge_precision"": 0.0, ""delta_edge_recall"": 0.0, ""delta_edge_f1"": 0.0, ""delta_topology_score"": 0.0}","{""class_match"": 1.0, ""properties"": 1.0}","{""per_pair"": [0.9524414738185032], ""n_gt"": 1, ""n_matched"": 1}",148.92
ROM-UPD-DIR-R-002,update,direct,0.9589060783310778,1.0,0.0,0.652968692777026,spec,True,1fW7pzY$1E$uIfNS1NTuXH,1,1,,12.387728312984109,"{""delta_node_precision"": 0.0, ""delta_node_recall"": 0.0, ""delta_node_f1"": 0.0, ""delta_edge_precision"": 0.0, ""delta_edge_recall"": 0.0, ""delta_edge_f1"": 0.0, ""delta_topology_score"": 0.0}","{""class_match"": 1.0, ""properties"": 1.0}","{""per_pair"": [0.9589060783310778], ""n_gt"": 1, ""n_matched"": 1}",12.16
ROM-UPD-DIR-R-003,update,direct,0.9494915955314585,1.0,0.0,0.6498305318438194,spec,True,2pmk7OKR5DZuiLcSbvolRG,1,1,,4.516932379920036,"{""delta_node_precision"": 0.0, ""delta_node_recall"": 0.0, ""delta_node_f1"": 0.0, ""delta_edge_precision"": 0.0, ""delta_edge_recall"": 0.0, ""delta_edge_f1"": 0.0, ""delta_topology_score"": 0.0}","{""class_match"": 1.0, ""properties"": 1.0}","{""per_pair"": [0.9494915955314585], ""n_gt"": 1, ""n_matched"": 1}",5.33
ROM-UPD-DIR-R-004,update,direct,0.9141501085423765,1.0,1.0,0.9713833695141255,spec,True,1FTaCiZdnEZh_RpO3q0nGr,1,1,,4.199556219857186,"{""delta_node_precision"": 1.0, ""delta_node_recall"": 1.0, ""delta_node_f1"": 1.0, ""delta_edge_precision"": 1.0, ""delta_edge_recall"": 1.0, ""delta_edge_f1"": 1.0, ""delta_topology_score"": 1.0}","{""class_match"": 1.0, ""properties"": 1.0}","{""per_pair"": [0.9141501085423765], ""n_gt"": 1, ""n_matched"": 1}",4.72
ROM-UPD-SPA-A-001,update,spatial,0.9494026947404932,1.0,0.0,0.6498008982468311,spec,True,10VmbDUP13YPWiYkMLgRpN,1,1,,0.09951181430369616,"{""delta_node_precision"": 0.0, ""delta_node_recall"": 0.0, ""delta_node_f1"": 0.0, ""delta_edge_precision"": 0.0, ""delta_edge_recall"": 0.0, ""delta_edge_f1"": 0.0, ""delta_topology_score"": 0.0}","{""class_match"": 1.0, ""properties"": 1.0}","{""per_pair"": [0.9494026947404932], ""n_gt"": 1, ""n_matched"": 1}",0.13
ROM-UPD-SPA-A-002,update,spatial,0.9595173982526359,1.0,0.0,0.653172466084212,spec,True,1BXMVsL3b4YOpeNFnqRn3h,1,1,,0.13373411120846868,"{""delta_node_precision"": 0.0, ""delta_node_recall"": 0.0, ""delta_node_f1"": 0.0, ""delta_edge_precision"": 0.0, ""delta_edge_recall"": 0.0, ""delta_edge_f1"": 0.0, ""delta_topology_score"": 0.0}","{""class_match"": 1.0, ""properties"": 1.0}","{""per_pair"": [0.9595173982526359], ""n_gt"": 1, ""n_matched"": 1}",0.15
ROM-UPD-SPA-A-003,update,spatial,0.9504809759601774,1.0,0.0,0.6501603253200591,spec,True,0TdJ$TWoL2cAeMVD_4_n8b,1,1,,0.021741720847785473,"{""delta_node_precision"": 0.0, ""delta_node_recall"": 0.0, ""delta_node_f1"": 0.0, ""delta_edge_precision"": 0.0, ""delta_edge_recall"": 0.0, ""delta_edge_f1"": 0.0, ""delta_topology_score"": 0.0}","{""class_match"": 1.0, ""properties"": 1.0}","{""per_pair"": [0.9504809759601774], ""n_gt"": 1, ""n_matched"": 1}",0.16
ROM-UPD-SPA-A-004,update,spatial,0.9063499175303481,1.0,0.4714285714285714,0.7925928296529733,spec,True,3wxyd75Er8HBGYGI9jDteL,1,1,,0.02803991688415408,"{""delta_node_precision"": 1.0, ""delta_node_recall"": 1.0, ""delta_node_f1"": 1.0, ""delta_edge_precision"": 0.0, ""delta_edge_recall"": 0.0, ""delta_edge_f1"": 0.0, ""delta_topology_score"": 0.3}","{""class_match"": 1.0, ""properties"": 1.0}","{""per_pair"": [0.9063499175303481], ""n_gt"": 1, ""n_matched"": 1}",0.27
ROM-UPD-SPA-R-001,update,spatial,0.9524414738185032,1.0,0.1028269372265035,0.6850894703483356,spec,True,2975y8FcXF2RDxYtSJf7rT,1,1,,34.595538180787116,"{""delta_node_precision"": 0.0, ""delta_node_recall"": 0.0, ""delta_node_f1"": 0.0, ""delta_edge_precision"": 0.17647058823529413, ""delta_edge_recall"": 0.21428571428571427, ""delta_edge_f1"": 0.1935483870967742, ""delta_topology_score"": 0.13548387096774192}","{""class_match"": 1.0, ""properties"": 1.0}","{""per_pair"": [0.9524414738185032], ""n_gt"": 1, ""n_matched"": 1}",148.92
ROM-UPD-SPA-R-002,update,spatial,0.9589060783310778,1.0,0.4654421768707483,0.8081160850672754,spec,True,1fW7pzY$1E$uIfNS1NTuXH,1,1,,4.546556666959077,"{""delta_node_precision"": 0.4, ""delta_node_recall"": 0.4, ""delta_node_f1"": 0.4000000000000001, ""delta_edge_precision"": 0.5238095238095238, ""delta_edge_recall"": 0.5238095238095238, ""delta_edge_f1"": 0.5238095238095238, ""delta_topology_score"": 0.4866666666666667}","{""class_match"": 1.0, ""properties"": 1.0}","{""per_pair"": [0.9589060783310778], ""n_gt"": 1, ""n_matched"": 1}",12.16
ROM-UPD-SPA-R-003,update,spatial,0.9494915955314585,1.0,0.0,0.6498305318438194,spec,True,2pmk7OKR5DZuiLcSbvolRG,1,1,,2.2775919009000063,"{""delta_node_precision"": 0.0, ""delta_node_recall"": 0.0, ""delta_node_f1"": 0.0, ""delta_edge_precision"": 0.0, ""delta_edge_recall"": 0.0, ""delta_edge_f1"": 0.0, ""delta_topology_score"": 0.0}","{""class_match"": 1.0, ""properties"": 1.0}","{""per_pair"": [0.9494915955314585], ""n_gt"": 1, ""n_matched"": 1}",5.33
ROM-UPD-SPA-R-004,update,spatial,0.9141501085423765,1.0,1.0,0.9713833695141255,spec,True,1FTaCiZdnEZh_RpO3q0nGr,1,1,,1.8631290732882917,"{""delta_node_precision"": 1.0, ""delta_node_recall"": 1.0, ""delta_node_f1"": 1.0, ""delta_edge_precision"": 1.0, ""delta_edge_recall"": 1.0, ""delta_edge_f1"": 1.0, ""delta_topology_score"": 1.0}","{""class_match"": 1.0, ""properties"": 1.0}","{""per_pair"": [0.9141501085423765], ""n_gt"": 1, ""n_matched"": 1}",4.72
ROM-UPD-TOP-A-001,update,topological,0.0,0.0,0.0,0.0,spec,False,,1,0,,0.04999582841992378,"{""delta_node_precision"": 0.0, ""delta_node_recall"": 0.0, ""delta_node_f1"": 0.0, ""delta_edge_precision"": 0.0, ""delta_edge_recall"": 0.0, ""delta_edge_f1"": 0.0, ""delta_topology_score"": 0.0}","{""class_match"": 0.0, ""properties"": 0.0}","{""per_pair"": [0.0], ""n_gt"": 1, ""n_matched"": 0}",0.13
ROM-UPD-TOP-A-002,update,topological,0.9595173982526359,1.0,0.0,0.653172466084212,spec,True,1BXMVsL3b4YOpeNFnqRn3h,1,1,,0.12038712296634912,"{""delta_node_precision"": 0.0, ""delta_node_recall"": 0.0, ""delta_node_f1"": 0.0, ""delta_edge_precision"": 0.0, ""delta_edge_recall"": 0.0, ""delta_edge_f1"": 0.0, ""delta_topology_score"": 0.0}","{""class_match"": 1.0, ""properties"": 1.0}","{""per_pair"": [0.9595173982526359], ""n_gt"": 1, ""n_matched"": 1}",0.15
ROM-UPD-TOP-A-003,update,topological,0.9503776949812798,1.0,0.4714285714285714,0.8072687554699504,spec,True,0TdJ$TWoL2cAeMVD_4_n8b,1,1,,0.021611452102661133,"{""delta_node_precision"": 1.0, ""delta_node_recall"": 1.0, ""delta_node_f1"": 1.0, ""delta_edge_precision"": 0.0, ""delta_edge_recall"": 0.0, ""delta_edge_f1"": 0.0, ""delta_topology_score"": 0.3}","{""class_match"": 1.0, ""properties"": 1.0}","{""per_pair"": [0.9503776949812798], ""n_gt"": 1, ""n_matched"": 1}",0.16
ROM-UPD-TOP-A-004,update,topological,0.9375805700773098,1.0,0.0,0.64586019002577,spec,True,3wxyd75Er8HBGYGI9jDteL,1,1,,0.028275136835873127,"{""delta_node_precision"": 0.0, ""delta_node_recall"": 0.0, ""delta_node_f1"": 0.0, ""delta_edge_precision"": 0.0, ""delta_edge_recall"": 0.0, ""delta_edge_f1"": 0.0, ""delta_topology_score"": 0.0}","{""class_match"": 1.0, ""properties"": 1.0}","{""per_pair"": [0.9375805700773098], ""n_gt"": 1, ""n_matched"": 1}",0.27
ROM-UPD-TOP-R-001,update,topological,0.9524414738185032,1.0,0.6050304332259219,0.852490635681475,spec,True,2975y8FcXF2RDxYtSJf7rT,1,1,,35.24837576644495,"{""delta_node_precision"": 1.0, ""delta_node_recall"": 0.3333333333333333, ""delta_node_f1"": 0.5, ""delta_edge_precision"": 1.0, ""delta_edge_recall"": 0.35714285714285715, ""delta_edge_f1"": 0.5263157894736842, ""delta_topology_score"": 0.5184210526315789}","{""class_match"": 1.0, ""properties"": 1.0}","{""per_pair"": [0.9524414738185032], ""n_gt"": 1, ""n_matched"": 1}",148.92
ROM-UPD-TOP-R-002,update,topological,0.0,0.0,0.0,0.0,spec,False,,1,0,,4.560803509783,"{""delta_node_precision"": 0.0, ""delta_node_recall"": 0.0, ""delta_node_f1"": 0.0, ""delta_edge_precision"": 0.0, ""delta_edge_recall"": 0.0, ""delta_edge_f1"": 0.0, ""delta_topology_score"": 0.0}","{""class_match"": 0.0, ""properties"": 0.0}","{""per_pair"": [0.0], ""n_gt"": 1, ""n_matched"": 0}",12.16
ROM-UPD-TOP-R-003,update,topological,0.9494788729530956,1.0,0.4714285714285714,0.8069691481272224,spec,True,2pmk7OKR5DZuiLcSbvolRG,1,1,,2.2827396783977747,"{""delta_node_precision"": 1.0, ""delta_node_recall"": 1.0, ""delta_node_f1"": 1.0, ""delta_edge_precision"": 0.0, ""delta_edge_recall"": 0.0, ""delta_edge_f1"": 0.0, ""delta_topology_score"": 0.3}","{""class_match"": 1.0, ""properties"": 1.0}","{""per_pair"": [0.9494788729530956], ""n_gt"": 1, ""n_matched"": 1}",5.33
ROM-UPD-TOP-R-004,update,topological,0.9479787815855903,1.0,0.5285714285714286,0.8255167367190063,spec,True,1FTaCiZdnEZh_RpO3q0nGr,1,1,,1.8693261849693954,"{""delta_node_precision"": 0.0, ""delta_node_recall"": 0.0, ""delta_node_f1"": 0.0, ""delta_edge_precision"": 1.0, ""delta_edge_recall"": 1.0, ""delta_edge_f1"": 1.0, ""delta_topology_score"": 0.7}","{""class_match"": 1.0, ""properties"": 1.0}","{""per_pair"": [0.9479787815855903], ""n_gt"": 1, ""n_matched"": 1}",4.72
SLB-CRE-DIR-A-001,create,direct,0.9633329433329632,0.5,1.0,0.8211109811109877,diff,True,3Rjq1UFL945BlPy4pzj96o,1,1,,0.159983747638762,"{""delta_node_precision"": 1.0, ""delta_node_recall"": 1.0, ""delta_node_f1"": 1.0, ""delta_edge_precision"": 1.0, ""delta_edge_recall"": 1.0, ""delta_edge_f1"": 1.0, ""delta_topology_score"": 1.0}","{""class_match"": 1.0, ""properties"": 0.0}","{""per_pair"": [0.9633329433329632], ""n_gt"": 1, ""n_matched"": 1}",0.12
SLB-CRE-DIR-A-002,create,direct,0.9629497525246271,0.5,1.0,0.8209832508415423,diff,True,0_Bql8tOHAfvee97DEkFPt,1,1,,0.1909211492165923,"{""delta_node_precision"": 1.0, ""delta_node_recall"": 1.0, ""delta_node_f1"": 1.0, ""delta_edge_precision"": 1.0, ""delta_edge_recall"": 1.0, ""delta_edge_f1"": 1.0, ""delta_topology_score"": 1.0}","{""class_match"": 1.0, ""properties"": 0.0}","{""per_pair"": [0.9629497525246271], ""n_gt"": 1, ""n_matched"": 1}",0.4
SLB-CRE-DIR-A-003,create,direct,0.9625868337729887,0.5,0.42913832199546487,0.6305750519228179,diff,True,1lHMw7L1PEFu$C4Xg_UUDo,1,1,,0.1315492857247591,"{""delta_node_precision"": 0.3333333333333333, ""delta_node_recall"": 1.0, ""delta_node_f1"": 0.5, ""delta_edge_precision"": 0.14285714285714285, ""delta_edge_recall"": 0.5, ""delta_edge_f1"": 0.22222222222222224, ""delta_topology_score"": 0.3055555555555556}","{""class_match"": 1.0, ""properties"": 0.0}","{""per_pair"": [0.9625868337729887], ""n_gt"": 1, ""n_matched"": 1}",0.02
SLB-CRE-DIR-A-004,create,direct,0.9657275921442371,0.5,1.0,0.8219091973814123,diff,True,0Zfw9GkWD9wA0lWYQ7D3Z3,1,1,,0.03025962319225073,"{""delta_node_precision"": 1.0, ""delta_node_recall"": 1.0, ""delta_node_f1"": 1.0, ""delta_edge_precision"": 1.0, ""delta_edge_recall"": 1.0, ""delta_edge_f1"": 1.0, ""delta_topology_score"": 1.0}","{""class_match"": 1.0, ""properties"": 0.0}","{""per_pair"": [0.9657275921442371], ""n_gt"": 1, ""n_matched"": 1}",0.03
SLB-CRE-DIR-R-001,create,direct,0.9691851250211574,0.5,1.0,0.8230617083403858,diff,True,1jsWqMw4j5LQIfgnWi8kab,1,1,,15.870482379104942,"{""delta_node_precision"": 1.0, ""delta_node_recall"": 1.0, ""delta_node_f1"": 1.0, ""delta_edge_precision"": 1.0, ""delta_edge_recall"": 1.0, ""delta_edge_f1"": 1.0, ""delta_topology_score"": 1.0}","{""class_match"": 1.0, ""properties"": 0.0}","{""per_pair"": [0.9691851250211574], ""n_gt"": 1, ""n_matched"": 1}",21.45
SLB-CRE-DIR-R-002,create,direct,0.9653321732223116,0.5,1.0,0.8217773910741039,diff,True,2ZoKvHpkr9dvyAIgzzgTaQ,1,1,,100.6205640216358,"{""delta_node_precision"": 1.0, ""delta_node_recall"": 1.0, ""delta_node_f1"": 1.0, ""delta_edge_precision"": 1.0, ""delta_edge_recall"": 1.0, ""delta_edge_f1"": 1.0, ""delta_topology_score"": 1.0}","{""class_match"": 1.0, ""properties"": 0.0}","{""per_pair"": [0.9653321732223116], ""n_gt"": 1, ""n_matched"": 1}",154.67
SLB-CRE-DIR-R-003,create,direct,0.9631998671107888,0.5,1.0,0.821066622370263,diff,True,3qfSZhs7f0neqLgceKPOa9,1,1,,3.8264569770544767,"{""delta_node_precision"": 1.0, ""delta_node_recall"": 1.0, ""delta_node_f1"": 1.0, ""delta_edge_precision"": 1.0, ""delta_edge_recall"": 1.0, ""delta_edge_f1"": 1.0, ""delta_topology_score"": 1.0}","{""class_match"": 1.0, ""properties"": 0.0}","{""per_pair"": [0.9631998671107888], ""n_gt"": 1, ""n_matched"": 1}",5.33
SLB-CRE-DIR-R-004,create,direct,0.9656878094731517,0.5,1.0,0.8218959364910505,diff,True,1KqbwAmnP65x2f6lUEw0AV,1,1,,0.7579522146843374,"{""delta_node_precision"": 1.0, ""delta_node_recall"": 1.0, ""delta_node_f1"": 1.0, ""delta_edge_precision"": 1.0, ""delta_edge_recall"": 1.0, ""delta_edge_f1"": 1.0, ""delta_topology_score"": 1.0}","{""class_match"": 1.0, ""properties"": 0.0}","{""per_pair"": [0.9656878094731517], ""n_gt"": 1, ""n_matched"": 1}",4.73
SLB-CRE-SPA-A-001,create,spatial,0.0,0.0,0.0,0.0,diff,False,,1,0,,0.028838589321821928,"{""delta_node_precision"": 0.0, ""delta_node_recall"": 0.0, ""delta_node_f1"": 0.0, ""delta_edge_precision"": 0.0, ""delta_edge_recall"": 0.0, ""delta_edge_f1"": 0.0, ""delta_topology_score"": 0.0}","{""class_match"": 0.0, ""properties"": 0.0}","{""per_pair"": [0.0], ""n_gt"": 1, ""n_matched"": 0}",0.12
SLB-CRE-SPA-A-002,create,spatial,0.0,0.0,0.0,0.0,diff,False,,1,0,,0.14630690915510058,"{""delta_node_precision"": 0.0, ""delta_node_recall"": 0.0, ""delta_node_f1"": 0.0, ""delta_edge_precision"": 0.0, ""delta_edge_recall"": 0.0, ""delta_edge_f1"": 0.0, ""delta_topology_score"": 0.0}","{""class_match"": 0.0, ""properties"": 0.0}","{""per_pair"": [0.0], ""n_gt"": 1, ""n_matched"": 0}",0.4
SLB-CRE-SPA-A-003,create,spatial,0.0,0.0,0.0,0.0,diff,False,,1,0,,0.015511882957071066,"{""delta_node_precision"": 0.0, ""delta_node_recall"": 0.0, ""delta_node_f1"": 0.0, ""delta_edge_precision"": 0.0, ""delta_edge_recall"": 0.0, ""delta_edge_f1"": 0.0, ""delta_topology_score"": 0.0}","{""class_match"": 0.0, ""properties"": 0.0}","{""per_pair"": [0.0], ""n_gt"": 1, ""n_matched"": 0}",0.02
SLB-CRE-SPA-A-004,create,spatial,0.0,0.0,0.0,0.0,diff,False,,1,0,,0.004352026153355837,"{""delta_node_precision"": 0.0, ""delta_node_recall"": 0.0, ""delta_node_f1"": 0.0, ""delta_edge_precision"": 0.0, ""delta_edge_recall"": 0.0, ""delta_edge_f1"": 0.0, ""delta_topology_score"": 0.0}","{""class_match"": 0.0, ""properties"": 0.0}","{""per_pair"": [0.0], ""n_gt"": 1, ""n_matched"": 0}",0.03
SLB-CRE-SPA-R-001,create,spatial,0.0,0.0,0.0,0.0,diff,False,,1,0,,6.717662012204528,"{""delta_node_precision"": 0.0, ""delta_node_recall"": 0.0, ""delta_node_f1"": 0.0, ""delta_edge_precision"": 0.0, ""delta_edge_recall"": 0.0, ""delta_edge_f1"": 0.0, ""delta_topology_score"": 0.0}","{""class_match"": 0.0, ""properties"": 0.0}","{""per_pair"": [0.0], ""n_gt"": 1, ""n_matched"": 0}",21.45
SLB-CRE-SPA-R-002,create,spatial,0.0,0.0,0.0,0.0,diff,False,,1,0,,44.53167279204354,"{""delta_node_precision"": 0.0, ""delta_node_recall"": 0.0, ""delta_node_f1"": 0.0, ""delta_edge_precision"": 0.0, ""delta_edge_recall"": 0.0, ""delta_edge_f1"": 0.0, ""delta_topology_score"": 0.0}","{""class_match"": 0.0, ""properties"": 0.0}","{""per_pair"": [0.0], ""n_gt"": 1, ""n_matched"": 0}",154.67
SLB-CRE-SPA-R-003,create,spatial,0.0,0.0,0.0,0.0,diff,False,,1,0,,1.961491727270186,"{""delta_node_precision"": 0.0, ""delta_node_recall"": 0.0, ""delta_node_f1"": 0.0, ""delta_edge_precision"": 0.0, ""delta_edge_recall"": 0.0, ""delta_edge_f1"": 0.0, ""delta_topology_score"": 0.0}","{""class_match"": 0.0, ""properties"": 0.0}","{""per_pair"": [0.0], ""n_gt"": 1, ""n_matched"": 0}",5.33
SLB-CRE-SPA-R-004,create,spatial,0.0,0.0,0.0,0.0,diff,False,,1,0,,0.38615779718384147,"{""delta_node_precision"": 0.0, ""delta_node_recall"": 0.0, ""delta_node_f1"": 0.0, ""delta_edge_precision"": 0.0, ""delta_edge_recall"": 0.0, ""delta_edge_f1"": 0.0, ""delta_topology_score"": 0.0}","{""class_match"": 0.0, ""properties"": 0.0}","{""per_pair"": [0.0], ""n_gt"": 1, ""n_matched"": 0}",4.73
SLB-CRE-TOP-A-001,create,topological,0.0,0.0,0.0,0.0,diff,False,,1,0,,0.035273988265544176,"{""delta_node_precision"": 0.0, ""delta_node_recall"": 0.0, ""delta_node_f1"": 0.0, ""delta_edge_precision"": 0.0, ""delta_edge_recall"": 0.0, ""delta_edge_f1"": 0.0, ""delta_topology_score"": 0.0}","{""class_match"": 0.0, ""properties"": 0.0}","{""per_pair"": [0.0], ""n_gt"": 1, ""n_matched"": 0}",0.12
SLB-CRE-TOP-A-002,create,topological,0.0,0.0,0.0,0.0,diff,False,,1,0,,0.1657034452073276,"{""delta_node_precision"": 0.0, ""delta_node_recall"": 0.0, ""delta_node_f1"": 0.0, ""delta_edge_precision"": 0.0, ""delta_edge_recall"": 0.0, ""delta_edge_f1"": 0.0, ""delta_topology_score"": 0.0}","{""class_match"": 0.0, ""properties"": 0.0}","{""per_pair"": [0.0], ""n_gt"": 1, ""n_matched"": 0}",0.4
SLB-CRE-TOP-A-003,create,topological,0.0,0.0,0.0,0.0,diff,False,,1,0,,0.014877425041049719,"{""delta_node_precision"": 0.0, ""delta_node_recall"": 0.0, ""delta_node_f1"": 0.0, ""delta_edge_precision"": 0.0, ""delta_edge_recall"": 0.0, ""delta_edge_f1"": 0.0, ""delta_topology_score"": 0.0}","{""class_match"": 0.0, ""properties"": 0.0}","{""per_pair"": [0.0], ""n_gt"": 1, ""n_matched"": 0}",0.02
SLB-CRE-TOP-A-004,create,topological,0.9657275921442549,0.5,0.4714285714285714,0.6457187211909421,diff,True,2JlGhByvDELu1PcUIiOWkV,1,1,,0.01603776030242443,"{""delta_node_precision"": 1.0, ""delta_node_recall"": 1.0, ""delta_node_f1"": 1.0, ""delta_edge_precision"": 0.0, ""delta_edge_recall"": 0.0, ""delta_edge_f1"": 0.0, ""delta_topology_score"": 0.3}","{""class_match"": 1.0, ""properties"": 0.0}","{""per_pair"": [0.9657275921442549], ""n_gt"": 1, ""n_matched"": 1}",0.03
SLB-CRE-TOP-R-001,create,topological,0.0,0.0,0.0,0.0,diff,False,,1,0,,7.443803861737251,"{""delta_node_precision"": 0.0, ""delta_node_recall"": 0.0, ""delta_node_f1"": 0.0, ""delta_edge_precision"": 0.0, ""delta_edge_recall"": 0.0, ""delta_edge_f1"": 0.0, ""delta_topology_score"": 0.0}","{""class_match"": 0.0, ""properties"": 0.0}","{""per_pair"": [0.0], ""n_gt"": 1, ""n_matched"": 0}",21.45
SLB-CRE-TOP-R-002,create,topological,0.0,0.0,0.0,0.0,diff,False,,1,0,,49.856468975078315,"{""delta_node_precision"": 0.0, ""delta_node_recall"": 0.0, ""delta_node_f1"": 0.0, ""delta_edge_precision"": 0.0, ""delta_edge_recall"": 0.0, ""delta_edge_f1"": 0.0, ""delta_topology_score"": 0.0}","{""class_match"": 0.0, ""properties"": 0.0}","{""per_pair"": [0.0], ""n_gt"": 1, ""n_matched"": 0}",154.67
SLB-CRE-TOP-R-003,create,topological,0.0,0.0,0.0,0.0,diff,False,,1,0,,2.012957429047674,"{""delta_node_precision"": 0.0, ""delta_node_recall"": 0.0, ""delta_node_f1"": 0.0, ""delta_edge_precision"": 0.0, ""delta_edge_recall"": 0.0, ""delta_edge_f1"": 0.0, ""delta_topology_score"": 0.0}","{""class_match"": 0.0, ""properties"": 0.0}","{""per_pair"": [0.0], ""n_gt"": 1, ""n_matched"": 0}",5.33
SLB-CRE-TOP-R-004,create,topological,0.0,0.0,0.0,0.0,diff,False,,1,0,,0.4193451926112175,"{""delta_node_precision"": 0.0, ""delta_node_recall"": 0.0, ""delta_node_f1"": 0.0, ""delta_edge_precision"": 0.0, ""delta_edge_recall"": 0.0, ""delta_edge_f1"": 0.0, ""delta_topology_score"": 0.0}","{""class_match"": 0.0, ""properties"": 0.0}","{""per_pair"": [0.0], ""n_gt"": 1, ""n_matched"": 0}",4.73
SLB-DEL-DIR-A-001,delete,direct,1.0,0.0,1.0,0.6666666666666666,spec,True,,1,1,,0.21824075421318412,"{""delta_node_precision"": 1.0, ""delta_node_recall"": 1.0, ""delta_node_f1"": 1.0, ""delta_edge_precision"": 1.0, ""delta_edge_recall"": 1.0, ""delta_edge_f1"": 1.0, ""delta_topology_score"": 1.0}","{""class_match"": 0.0, ""properties"": 0.0}","{""per_pair"": [1.0], ""n_gt"": 1, ""n_matched"": 1}",0.12
SLB-DEL-DIR-A-002,delete,direct,1.0,0.0,1.0,0.6666666666666666,spec,True,,1,1,,0.35193537175655365,"{""delta_node_precision"": 1.0, ""delta_node_recall"": 1.0, ""delta_node_f1"": 1.0, ""delta_edge_precision"": 1.0, ""delta_edge_recall"": 1.0, ""delta_edge_f1"": 1.0, ""delta_topology_score"": 1.0}","{""class_match"": 0.0, ""properties"": 0.0}","{""per_pair"": [1.0], ""n_gt"": 1, ""n_matched"": 1}",0.4
SLB-DEL-DIR-A-003,delete,direct,1.0,0.0,0.5193877551020408,0.5064625850340136,spec,True,,1,1,,52.65341663407162,"{""delta_node_precision"": 0.3333333333333333, ""delta_node_recall"": 1.0, ""delta_node_f1"": 0.5, ""delta_edge_precision"": 0.16666666666666666, ""delta_edge_recall"": 1.0, ""delta_edge_f1"": 0.2857142857142857, ""delta_topology_score"": 0.35}","{""class_match"": 0.0, ""properties"": 0.0}","{""per_pair"": [1.0], ""n_gt"": 1, ""n_matched"": 1}",0.12
SLB-DEL-DIR-A-004,delete,direct,1.0,0.0,0.5157720057720058,0.5052573352573352,spec,True,,1,1,,0.009600340854376554,"{""delta_node_precision"": 0.25, ""delta_node_recall"": 1.0, ""delta_node_f1"": 0.4, ""delta_edge_precision"": 0.2222222222222222, ""delta_edge_recall"": 1.0, ""delta_edge_f1"": 0.3636363636363636, ""delta_topology_score"": 0.3745454545454545}","{""class_match"": 0.0, ""properties"": 0.0}","{""per_pair"": [1.0], ""n_gt"": 1, ""n_matched"": 1}",0.03
SLB-DEL-DIR-R-001,delete,direct,1.0,0.0,1.0,0.6666666666666666,spec,True,,1,1,,7.702133821323514,"{""delta_node_precision"": 1.0, ""delta_node_recall"": 1.0, ""delta_node_f1"": 1.0, ""delta_edge_precision"": 1.0, ""delta_edge_recall"": 1.0, ""delta_edge_f1"": 1.0, ""delta_topology_score"": 1.0}","{""class_match"": 0.0, ""properties"": 0.0}","{""per_pair"": [1.0], ""n_gt"": 1, ""n_matched"": 1}",21.45
SLB-DEL-DIR-R-002,delete,direct,1.0,0.0,1.0,0.6666666666666666,spec,True,,1,1,,99.02392317727208,"{""delta_node_precision"": 1.0, ""delta_node_recall"": 1.0, ""delta_node_f1"": 1.0, ""delta_edge_precision"": 1.0, ""delta_edge_recall"": 1.0, ""delta_edge_f1"": 1.0, ""delta_topology_score"": 1.0}","{""class_match"": 0.0, ""properties"": 0.0}","{""per_pair"": [1.0], ""n_gt"": 1, ""n_matched"": 1}",157.78
SLB-DEL-DIR-R-003,delete,direct,1.0,0.0,0.5741496598639456,0.5247165532879818,spec,True,,1,1,,4.428706269245595,"{""delta_node_precision"": 0.5, ""delta_node_recall"": 1.0, ""delta_node_f1"": 0.6666666666666666, ""delta_edge_precision"": 0.16666666666666666, ""delta_edge_recall"": 1.0, ""delta_edge_f1"": 0.2857142857142857, ""delta_topology_score"": 0.39999999999999997}","{""class_match"": 0.0, ""properties"": 0.0}","{""per_pair"": [1.0], ""n_gt"": 1, ""n_matched"": 1}",5.33
SLB-DEL-DIR-R-004,delete,direct,0.0,1.0,0.0,0.3333333333333333,spec,False,,1,0,,6.0567466099746525,"{""delta_node_precision"": 0.0, ""delta_node_recall"": 0.0, ""delta_node_f1"": 0.0, ""delta_edge_precision"": 0.0, ""delta_edge_recall"": 0.0, ""delta_edge_f1"": 0.0, ""delta_topology_score"": 0.0}","{""class_match"": 1.0, ""properties"": 1.0}","{""per_pair"": [0.0], ""n_gt"": 1, ""n_matched"": 0}",4.73
SLB-DEL-SPA-A-001,delete,spatial,0.0,1.0,0.0,0.3333333333333333,spec,False,,1,0,,0.04770335275679827,"{""delta_node_precision"": 0.0, ""delta_node_recall"": 0.0, ""delta_node_f1"": 0.0, ""delta_edge_precision"": 0.0, ""delta_edge_recall"": 0.0, ""delta_edge_f1"": 0.0, ""delta_topology_score"": 0.0}","{""class_match"": 1.0, ""properties"": 1.0}","{""per_pair"": [0.0], ""n_gt"": 1, ""n_matched"": 0}",0.12
SLB-DEL-SPA-A-002,delete,spatial,0.0,1.0,0.0,0.3333333333333333,spec,False,,1,0,,0.1637829691171646,"{""delta_node_precision"": 0.0, ""delta_node_recall"": 0.0, ""delta_node_f1"": 0.0, ""delta_edge_precision"": 0.0, ""delta_edge_recall"": 0.0, ""delta_edge_f1"": 0.0, ""delta_topology_score"": 0.0}","{""class_match"": 1.0, ""properties"": 1.0}","{""per_pair"": [0.0], ""n_gt"": 1, ""n_matched"": 0}",0.4
SLB-DEL-SPA-A-003,delete,spatial,0.0,1.0,0.0,0.3333333333333333,spec,False,,1,0,,0.22016831301152706,"{""delta_node_precision"": 0.0, ""delta_node_recall"": 0.0, ""delta_node_f1"": 0.0, ""delta_edge_precision"": 0.0, ""delta_edge_recall"": 0.0, ""delta_edge_f1"": 0.0, ""delta_topology_score"": 0.0}","{""class_match"": 1.0, ""properties"": 1.0}","{""per_pair"": [0.0], ""n_gt"": 1, ""n_matched"": 0}",0.12
SLB-DEL-SPA-A-004,delete,spatial,0.0,1.0,0.0,0.3333333333333333,spec,False,,1,0,,0.004378730896860361,"{""delta_node_precision"": 0.0, ""delta_node_recall"": 0.0, ""delta_node_f1"": 0.0, ""delta_edge_precision"": 0.0, ""delta_edge_recall"": 0.0, ""delta_edge_f1"": 0.0, ""delta_topology_score"": 0.0}","{""class_match"": 1.0, ""properties"": 1.0}","{""per_pair"": [0.0], ""n_gt"": 1, ""n_matched"": 0}",0.03
SLB-DEL-SPA-R-001,delete,spatial,1.0,0.0,1.0,0.6666666666666666,spec,True,,1,1,,7.975212679710239,"{""delta_node_precision"": 1.0, ""delta_node_recall"": 1.0, ""delta_node_f1"": 1.0, ""delta_edge_precision"": 1.0, ""delta_edge_recall"": 1.0, ""delta_edge_f1"": 1.0, ""delta_topology_score"": 1.0}","{""class_match"": 0.0, ""properties"": 0.0}","{""per_pair"": [1.0], ""n_gt"": 1, ""n_matched"": 1}",21.45
SLB-DEL-SPA-R-002,delete,spatial,0.0,1.0,0.0,0.3333333333333333,spec,False,,1,0,,55.33360512694344,"{""delta_node_precision"": 0.0, ""delta_node_recall"": 0.0, ""delta_node_f1"": 0.0, ""delta_edge_precision"": 0.0, ""delta_edge_recall"": 0.0, ""delta_edge_f1"": 0.0, ""delta_topology_score"": 0.0}","{""class_match"": 1.0, ""properties"": 1.0}","{""per_pair"": [0.0], ""n_gt"": 1, ""n_matched"": 0}",157.78
SLB-DEL-SPA-R-003,delete,spatial,0.0,1.0,0.0,0.3333333333333333,spec,False,,1,0,,2.2574843070469797,"{""delta_node_precision"": 0.0, ""delta_node_recall"": 0.0, ""delta_node_f1"": 0.0, ""delta_edge_precision"": 0.0, ""delta_edge_recall"": 0.0, ""delta_edge_f1"": 0.0, ""delta_topology_score"": 0.0}","{""class_match"": 1.0, ""properties"": 1.0}","{""per_pair"": [0.0], ""n_gt"": 1, ""n_matched"": 0}",5.33
SLB-DEL-SPA-R-004,delete,spatial,0.0,1.0,0.0,0.3333333333333333,spec,False,,1,0,,1.845840660855174,"{""delta_node_precision"": 0.0, ""delta_node_recall"": 0.0, ""delta_node_f1"": 0.0, ""delta_edge_precision"": 0.0, ""delta_edge_recall"": 0.0, ""delta_edge_f1"": 0.0, ""delta_topology_score"": 0.0}","{""class_match"": 1.0, ""properties"": 1.0}","{""per_pair"": [0.0], ""n_gt"": 1, ""n_matched"": 0}",4.73
SLB-DEL-TOP-A-001,delete,topological,1.0,0.0,1.0,0.6666666666666666,spec,True,,1,1,,0.0360435931943357,"{""delta_node_precision"": 1.0, ""delta_node_recall"": 1.0, ""delta_node_f1"": 1.0, ""delta_edge_precision"": 1.0, ""delta_edge_recall"": 1.0, ""delta_edge_f1"": 1.0, ""delta_topology_score"": 1.0}","{""class_match"": 0.0, ""properties"": 0.0}","{""per_pair"": [1.0], ""n_gt"": 1, ""n_matched"": 1}",0.12
SLB-DEL-TOP-A-002,delete,topological,1.0,0.0,1.0,0.6666666666666666,spec,True,,1,1,,0.1502130562439561,"{""delta_node_precision"": 1.0, ""delta_node_recall"": 1.0, ""delta_node_f1"": 1.0, ""delta_edge_precision"": 1.0, ""delta_edge_recall"": 1.0, ""delta_edge_f1"": 1.0, ""delta_topology_score"": 1.0}","{""class_match"": 0.0, ""properties"": 0.0}","{""per_pair"": [1.0], ""n_gt"": 1, ""n_matched"": 1}",0.4
SLB-DEL-TOP-A-003,delete,topological,0.0,1.0,0.0,0.3333333333333333,spec,False,,1,0,,0.021792884916067123,"{""delta_node_precision"": 0.0, ""delta_node_recall"": 0.0, ""delta_node_f1"": 0.0, ""delta_edge_precision"": 0.0, ""delta_edge_recall"": 0.0, ""delta_edge_f1"": 0.0, ""delta_topology_score"": 0.0}","{""class_match"": 1.0, ""properties"": 1.0}","{""per_pair"": [0.0], ""n_gt"": 1, ""n_matched"": 0}",0.12
SLB-DEL-TOP-A-004,delete,topological,1.0,0.0,1.0,0.6666666666666666,spec,True,,1,1,,0.0027763769030570984,"{""delta_node_precision"": 1.0, ""delta_node_recall"": 1.0, ""delta_node_f1"": 1.0, ""delta_edge_precision"": 1.0, ""delta_edge_recall"": 1.0, ""delta_edge_f1"": 1.0, ""delta_topology_score"": 1.0}","{""class_match"": 0.0, ""properties"": 0.0}","{""per_pair"": [1.0], ""n_gt"": 1, ""n_matched"": 1}",0.03
SLB-DEL-TOP-R-001,delete,topological,0.0,1.0,0.0,0.3333333333333333,spec,False,,1,0,,7.982287108898163,"{""delta_node_precision"": 0.0, ""delta_node_recall"": 0.0, ""delta_node_f1"": 0.0, ""delta_edge_precision"": 0.0, ""delta_edge_recall"": 0.0, ""delta_edge_f1"": 0.0, ""delta_topology_score"": 0.0}","{""class_match"": 1.0, ""properties"": 1.0}","{""per_pair"": [0.0], ""n_gt"": 1, ""n_matched"": 0}",21.45
SLB-DEL-TOP-R-002,delete,topological,0.0,1.0,0.0,0.3333333333333333,spec,False,,1,0,,44.29794959630817,"{""delta_node_precision"": 0.0, ""delta_node_recall"": 0.0, ""delta_node_f1"": 0.0, ""delta_edge_precision"": 0.0, ""delta_edge_recall"": 0.0, ""delta_edge_f1"": 0.0, ""delta_topology_score"": 0.0}","{""class_match"": 1.0, ""properties"": 1.0}","{""per_pair"": [0.0], ""n_gt"": 1, ""n_matched"": 0}",157.78
SLB-DEL-TOP-R-003,delete,topological,0.0,1.0,0.0,0.3333333333333333,spec,False,,1,0,,2.2577811991795897,"{""delta_node_precision"": 0.0, ""delta_node_recall"": 0.0, ""delta_node_f1"": 0.0, ""delta_edge_precision"": 0.0, ""delta_edge_recall"": 0.0, ""delta_edge_f1"": 0.0, ""delta_topology_score"": 0.0}","{""class_match"": 1.0, ""properties"": 1.0}","{""per_pair"": [0.0], ""n_gt"": 1, ""n_matched"": 0}",5.33
SLB-DEL-TOP-R-004,delete,topological,0.0,1.0,0.0,0.3333333333333333,spec,False,,1,0,,1.8201303440146148,"{""delta_node_precision"": 0.0, ""delta_node_recall"": 0.0, ""delta_node_f1"": 0.0, ""delta_edge_precision"": 0.0, ""delta_edge_recall"": 0.0, ""delta_edge_f1"": 0.0, ""delta_topology_score"": 0.0}","{""class_match"": 1.0, ""properties"": 1.0}","{""per_pair"": [0.0], ""n_gt"": 1, ""n_matched"": 0}",4.73
SLB-UPD-DIR-A-001,update,direct,0.0,0.0,0.0,0.0,spec,False,,1,0,,0.10808789310976863,"{""delta_node_precision"": 0.0, ""delta_node_recall"": 0.0, ""delta_node_f1"": 0.0, ""delta_edge_precision"": 0.0, ""delta_edge_recall"": 0.0, ""delta_edge_f1"": 0.0, ""delta_topology_score"": 0.0}","{""class_match"": 0.0, ""properties"": 0.0}","{""per_pair"": [0.0], ""n_gt"": 1, ""n_matched"": 0}",0.12
SLB-UPD-DIR-A-002,update,direct,0.9621596423866867,1.0,1.0,0.9873865474622289,spec,True,11kJIqz$n2Jf_DfJV1SCVP,1,1,,0.3780119461007416,"{""delta_node_precision"": 1.0, ""delta_node_recall"": 1.0, ""delta_node_f1"": 1.0, ""delta_edge_precision"": 1.0, ""delta_edge_recall"": 1.0, ""delta_edge_f1"": 1.0, ""delta_topology_score"": 1.0}","{""class_match"": 1.0, ""properties"": 1.0}","{""per_pair"": [0.9621596423866867], ""n_gt"": 1, ""n_matched"": 1}",0.4
SLB-UPD-DIR-A-003,update,direct,0.9115342587266977,0.7222222222222222,1.0,0.8779188269829733,spec,True,1YFesBujH2gOEC_rLPiADs,1,1,,0.09199586184695363,"{""delta_node_precision"": 1.0, ""delta_node_recall"": 1.0, ""delta_node_f1"": 1.0, ""delta_edge_precision"": 1.0, ""delta_edge_recall"": 1.0, ""delta_edge_f1"": 1.0, ""delta_topology_score"": 1.0}","{""class_match"": 1.0, ""properties"": 0.4444444444444444}","{""per_pair"": [0.9115342587266977], ""n_gt"": 1, ""n_matched"": 1}",0.04
SLB-UPD-DIR-A-004,update,direct,0.0,0.0,0.0,0.0,spec,False,,1,0,,0.2083643521182239,"{""delta_node_precision"": 0.0, ""delta_node_recall"": 0.0, ""delta_node_f1"": 0.0, ""delta_edge_precision"": 0.0, ""delta_edge_recall"": 0.0, ""delta_edge_f1"": 0.0, ""delta_topology_score"": 0.0}","{""class_match"": 0.0, ""properties"": 0.0}","{""per_pair"": [0.0], ""n_gt"": 1, ""n_matched"": 0}",0.05
SLB-UPD-DIR-R-001,update,direct,0.9689220489740428,1.0,1.0,0.9896406829913476,spec,True,0bqRrMdOXEnON1o90BM2ec,1,1,,15.215866589918733,"{""delta_node_precision"": 1.0, ""delta_node_recall"": 1.0, ""delta_node_f1"": 1.0, ""delta_edge_precision"": 1.0, ""delta_edge_recall"": 1.0, ""delta_edge_f1"": 1.0, ""delta_topology_score"": 1.0}","{""class_match"": 1.0, ""properties"": 1.0}","{""per_pair"": [0.9689220489740428], ""n_gt"": 1, ""n_matched"": 1}",21.45
SLB-UPD-DIR-R-002,update,direct,0.9627942520400206,1.0,1.0,0.9875980840133401,spec,True,3o2OEZ4R1CNe$4DSxkxEcZ,1,1,,85.3872490292415,"{""delta_node_precision"": 1.0, ""delta_node_recall"": 1.0, ""delta_node_f1"": 1.0, ""delta_edge_precision"": 1.0, ""delta_edge_recall"": 1.0, ""delta_edge_f1"": 1.0, ""delta_topology_score"": 1.0}","{""class_match"": 1.0, ""properties"": 1.0}","{""per_pair"": [0.9627942520400206], ""n_gt"": 1, ""n_matched"": 1}",154.68
SLB-UPD-DIR-R-003,update,direct,0.910810148646929,0.7,1.0,0.8702700495489762,spec,True,00yrLiRn90MQI8Q5LMWRQP,1,1,,4.502335533965379,"{""delta_node_precision"": 1.0, ""delta_node_recall"": 1.0, ""delta_node_f1"": 1.0, ""delta_edge_precision"": 1.0, ""delta_edge_recall"": 1.0, ""delta_edge_f1"": 1.0, ""delta_topology_score"": 1.0}","{""class_match"": 1.0, ""properties"": 0.4}","{""per_pair"": [0.910810148646929], ""n_gt"": 1, ""n_matched"": 1}",5.33
SLB-UPD-DIR-R-004,update,direct,1.0,1.0,0.9038095238095237,0.9679365079365079,spec,True,1NdPj2psv3Pg$6d7CB_VNd,1,1,,3.7149898456409574,"{""delta_node_precision"": 1.0, ""delta_node_recall"": 1.0, ""delta_node_f1"": 1.0, ""delta_edge_precision"": 1.0, ""delta_edge_recall"": 0.6666666666666666, ""delta_edge_f1"": 0.8, ""delta_topology_score"": 0.8599999999999999}","{""class_match"": 1.0, ""properties"": 1.0}","{""per_pair"": [1.0], ""n_gt"": 1, ""n_matched"": 1}",4.73
SLB-UPD-SPA-A-001,update,spatial,0.9606578587786939,1.0,0.5285714285714286,0.8297430957833741,spec,True,0okaGdY4n1xulccRQajp6C,1,1,,0.06354850623756647,"{""delta_node_precision"": 0.0, ""delta_node_recall"": 0.0, ""delta_node_f1"": 0.0, ""delta_edge_precision"": 1.0, ""delta_edge_recall"": 1.0, ""delta_edge_f1"": 1.0, ""delta_topology_score"": 0.7}","{""class_match"": 1.0, ""properties"": 1.0}","{""per_pair"": [0.9606578587786939], ""n_gt"": 1, ""n_matched"": 1}",0.12
SLB-UPD-SPA-A-002,update,spatial,0.9615854592465048,1.0,0.5285714285714286,0.8300522959393111,spec,True,11kJIqz$n2Jf_DfJV1SCVP,1,1,,0.22249357495456934,"{""delta_node_precision"": 0.0, ""delta_node_recall"": 0.0, ""delta_node_f1"": 0.0, ""delta_edge_precision"": 1.0, ""delta_edge_recall"": 1.0, ""delta_edge_f1"": 1.0, ""delta_topology_score"": 0.7}","{""class_match"": 1.0, ""properties"": 1.0}","{""per_pair"": [0.9615854592465048], ""n_gt"": 1, ""n_matched"": 1}",0.4
SLB-UPD-SPA-A-003,update,spatial,0.9115342587266977,0.7222222222222222,1.0,0.8779188269829733,spec,True,1YFesBujH2gOEC_rLPiADs,1,1,,0.06738309329375625,"{""delta_node_precision"": 1.0, ""delta_node_recall"": 1.0, ""delta_node_f1"": 1.0, ""delta_edge_precision"": 1.0, ""delta_edge_recall"": 1.0, ""delta_edge_f1"": 1.0, ""delta_topology_score"": 1.0}","{""class_match"": 1.0, ""properties"": 0.4444444444444444}","{""per_pair"": [0.9115342587266977], ""n_gt"": 1, ""n_matched"": 1}",0.04
SLB-UPD-SPA-A-004,update,spatial,0.0,0.0,0.0,0.0,spec,False,,1,0,,0.009165029041469097,"{""delta_node_precision"": 0.0, ""delta_node_recall"": 0.0, ""delta_node_f1"": 0.0, ""delta_edge_precision"": 0.0, ""delta_edge_recall"": 0.0, ""delta_edge_f1"": 0.0, ""delta_topology_score"": 0.0}","{""class_match"": 0.0, ""properties"": 0.0}","{""per_pair"": [0.0], ""n_gt"": 1, ""n_matched"": 0}",0.05
SLB-UPD-SPA-R-001,update,spatial,0.9686679144060178,1.0,0.5285714285714286,0.8324131143258154,spec,True,0bqRrMdOXEnON1o90BM2ec,1,1,,8.183420972898602,"{""delta_node_precision"": 0.0, ""delta_node_recall"": 0.0, ""delta_node_f1"": 0.0, ""delta_edge_precision"": 1.0, ""delta_edge_recall"": 1.0, ""delta_edge_f1"": 1.0, ""delta_topology_score"": 0.7}","{""class_match"": 1.0, ""properties"": 1.0}","{""per_pair"": [0.9686679144060178], ""n_gt"": 1, ""n_matched"": 1}",21.45
SLB-UPD-SPA-R-002,update,spatial,0.9637856463645916,1.0,0.5285714285714286,0.8307856916453401,spec,True,3o2OEZ4R1CNe$4DSxkxEcZ,1,1,,49.78001907095313,"{""delta_node_precision"": 0.0, ""delta_node_recall"": 0.0, ""delta_node_f1"": 0.0, ""delta_edge_precision"": 1.0, ""delta_edge_recall"": 1.0, ""delta_edge_f1"": 1.0, ""delta_topology_score"": 0.7}","{""class_match"": 1.0, ""properties"": 1.0}","{""per_pair"": [0.9637856463645916], ""n_gt"": 1, ""n_matched"": 1}",154.68
SLB-UPD-SPA-R-003,update,spatial,0.910810148646929,0.7,1.0,0.8702700495489762,spec,True,00yrLiRn90MQI8Q5LMWRQP,1,1,,2.3256804952397943,"{""delta_node_precision"": 1.0, ""delta_node_recall"": 1.0, ""delta_node_f1"": 1.0, ""delta_edge_precision"": 1.0, ""delta_edge_recall"": 1.0, ""delta_edge_f1"": 1.0, ""delta_topology_score"": 1.0}","{""class_match"": 1.0, ""properties"": 0.4}","{""per_pair"": [0.910810148646929], ""n_gt"": 1, ""n_matched"": 1}",5.33
SLB-UPD-SPA-R-004,update,spatial,0.0,0.0,0.0,0.0,spec,False,,1,0,,1.8191981590352952,"{""delta_node_precision"": 0.0, ""delta_node_recall"": 0.0, ""delta_node_f1"": 0.0, ""delta_edge_precision"": 0.0, ""delta_edge_recall"": 0.0, ""delta_edge_f1"": 0.0, ""delta_topology_score"": 0.0}","{""class_match"": 0.0, ""properties"": 0.0}","{""per_pair"": [0.0], ""n_gt"": 1, ""n_matched"": 0}",4.73
SLB-UPD-TOP-A-001,update,topological,0.9606578587786939,1.0,0.5285714285714286,0.8297430957833741,spec,True,0okaGdY4n1xulccRQajp6C,1,1,,0.05991431279107928,"{""delta_node_precision"": 0.0, ""delta_node_recall"": 0.0, ""delta_node_f1"": 0.0, ""delta_edge_precision"": 1.0, ""delta_edge_recall"": 1.0, ""delta_edge_f1"": 1.0, ""delta_topology_score"": 0.7}","{""class_match"": 1.0, ""properties"": 1.0}","{""per_pair"": [0.9606578587786939], ""n_gt"": 1, ""n_matched"": 1}",0.12
SLB-UPD-TOP-A-002,update,topological,0.9621596423866867,1.0,1.0,0.9873865474622289,spec,True,11kJIqz$n2Jf_DfJV1SCVP,1,1,,0.23330816207453609,"{""delta_node_precision"": 1.0, ""delta_node_recall"": 1.0, ""delta_node_f1"": 1.0, ""delta_edge_precision"": 1.0, ""delta_edge_recall"": 1.0, ""delta_edge_f1"": 1.0, ""delta_topology_score"": 1.0}","{""class_match"": 1.0, ""properties"": 1.0}","{""per_pair"": [0.9621596423866867], ""n_gt"": 1, ""n_matched"": 1}",0.4
SLB-UPD-TOP-A-003,update,topological,0.9559761301382973,0.7222222222222222,0.5285714285714286,0.735589926977316,spec,True,1YFesBujH2gOEC_rLPiADs,1,1,,0.07134735491126776,"{""delta_node_precision"": 0.0, ""delta_node_recall"": 0.0, ""delta_node_f1"": 0.0, ""delta_edge_precision"": 1.0, ""delta_edge_recall"": 1.0, ""delta_edge_f1"": 1.0, ""delta_topology_score"": 0.7}","{""class_match"": 1.0, ""properties"": 0.4444444444444444}","{""per_pair"": [0.9559761301382973], ""n_gt"": 1, ""n_matched"": 1}",0.04
SLB-UPD-TOP-A-004,update,topological,0.0,0.0,0.0,0.0,spec,False,,1,0,,0.008119414560496807,"{""delta_node_precision"": 0.0, ""delta_node_recall"": 0.0, ""delta_node_f1"": 0.0, ""delta_edge_precision"": 0.0, ""delta_edge_recall"": 0.0, ""delta_edge_f1"": 0.0, ""delta_topology_score"": 0.0}","{""class_match"": 0.0, ""properties"": 0.0}","{""per_pair"": [0.0], ""n_gt"": 1, ""n_matched"": 0}",0.05
SLB-UPD-TOP-R-001,update,topological,0.9687201824632978,1.0,1.0,0.9895733941544327,spec,True,0bqRrMdOXEnON1o90BM2ec,1,1,,8.437657764647156,"{""delta_node_precision"": 1.0, ""delta_node_recall"": 1.0, ""delta_node_f1"": 1.0, ""delta_edge_precision"": 1.0, ""delta_edge_recall"": 1.0, ""delta_edge_f1"": 1.0, ""delta_topology_score"": 1.0}","{""class_match"": 1.0, ""properties"": 1.0}","{""per_pair"": [0.9687201824632978], ""n_gt"": 1, ""n_matched"": 1}",21.45
SLB-UPD-TOP-R-002,update,topological,0.9637856463645916,1.0,0.5285714285714286,0.8307856916453401,spec,True,3o2OEZ4R1CNe$4DSxkxEcZ,1,1,,52.12616428313777,"{""delta_node_precision"": 0.0, ""delta_node_recall"": 0.0, ""delta_node_f1"": 0.0, ""delta_edge_precision"": 1.0, ""delta_edge_recall"": 1.0, ""delta_edge_f1"": 1.0, ""delta_topology_score"": 0.7}","{""class_match"": 1.0, ""properties"": 1.0}","{""per_pair"": [0.9637856463645916], ""n_gt"": 1, ""n_matched"": 1}",154.68
SLB-UPD-TOP-R-003,update,topological,0.957406241454486,0.7,0.5285714285714286,0.7286592233419715,spec,True,00yrLiRn90MQI8Q5LMWRQP,1,1,,2.350173892918974,"{""delta_node_precision"": 0.0, ""delta_node_recall"": 0.0, ""delta_node_f1"": 0.0, ""delta_edge_precision"": 1.0, ""delta_edge_recall"": 1.0, ""delta_edge_f1"": 1.0, ""delta_topology_score"": 0.7}","{""class_match"": 1.0, ""properties"": 0.4}","{""per_pair"": [0.957406241454486], ""n_gt"": 1, ""n_matched"": 1}",5.33
SLB-UPD-TOP-R-004,update,topological,0.0,0.0,0.0,0.0,spec,False,,1,0,,1.7616787482984364,"{""delta_node_precision"": 0.0, ""delta_node_recall"": 0.0, ""delta_node_f1"": 0.0, ""delta_edge_precision"": 0.0, ""delta_edge_recall"": 0.0, ""delta_edge_f1"": 0.0, ""delta_topology_score"": 0.0}","{""class_match"": 0.0, ""properties"": 0.0}","{""per_pair"": [0.0], ""n_gt"": 1, ""n_matched"": 0}",4.73
WAL-CRE-DIR-A-001,create,direct,0.0,0.0,0.0,0.0,diff,False,,1,0,,0.8689278406091034,"{""delta_node_precision"": 0.0, ""delta_node_recall"": 0.0, ""delta_node_f1"": 0.0, ""delta_edge_precision"": 0.0, ""delta_edge_recall"": 0.0, ""delta_edge_f1"": 0.0, ""delta_topology_score"": 0.0}","{""class_match"": 0.0, ""properties"": 0.0}","{""per_pair"": [0.0], ""n_gt"": 1, ""n_matched"": 0}",0.41
WAL-CRE-DIR-A-002,create,direct,0.9999999999999996,0.5,0.7885714285714285,0.7628571428571428,diff,True,3E4tqmIyT6ketut1Y0tZW2,1,1,,0.18291006376966834,"{""delta_node_precision"": 1.0, ""delta_node_recall"": 1.0, ""delta_node_f1"": 1.0, ""delta_edge_precision"": 0.6, ""delta_edge_recall"": 0.6, ""delta_edge_f1"": 0.6, ""delta_topology_score"": 0.72}","{""class_match"": 1.0, ""properties"": 0.0}","{""per_pair"": [0.9999999999999996], ""n_gt"": 1, ""n_matched"": 1}",0.4
WAL-CRE-DIR-A-003,create,direct,0.9999999999999991,0.5,0.7885714285714285,0.7628571428571425,diff,True,2Xb2RpIKXAhgm5StXUuiq0,1,1,,0.1459434158168733,"{""delta_node_precision"": 1.0, ""delta_node_recall"": 1.0, ""delta_node_f1"": 1.0, ""delta_edge_precision"": 0.6, ""delta_edge_recall"": 0.6, ""delta_edge_f1"": 0.6, ""delta_topology_score"": 0.72}","{""class_match"": 1.0, ""properties"": 0.0}","{""per_pair"": [0.9999999999999991], ""n_gt"": 1, ""n_matched"": 1}",0.11
WAL-CRE-DIR-A-004,create,direct,0.9619202608631288,0.5,0.4170068027210884,0.6263090211947391,diff,True,1hTGrt5D9A4uXR45weUU4K,1,1,,0.01999720325693488,"{""delta_node_precision"": 0.3333333333333333, ""delta_node_recall"": 1.0, ""delta_node_f1"": 0.5, ""delta_edge_precision"": 0.14285714285714285, ""delta_edge_recall"": 0.42857142857142855, ""delta_edge_f1"": 0.21428571428571427, ""delta_topology_score"": 0.3}","{""class_match"": 1.0, ""properties"": 0.0}","{""per_pair"": [0.9619202608631288], ""n_gt"": 1, ""n_matched"": 1}",0.03
WAL-CRE-DIR-R-001,create,direct,0.9614253334402157,0.5,0.8942857142857142,0.7852370159086433,diff,True,3ZS03FZwL4JvRyEkg5vI1g,1,1,,33.022213922813535,"{""delta_node_precision"": 1.0, ""delta_node_recall"": 1.0, ""delta_node_f1"": 1.0, ""delta_edge_precision"": 0.8, ""delta_edge_recall"": 0.8, ""delta_edge_f1"": 0.8000000000000002, ""delta_topology_score"": 0.8600000000000001}","{""class_match"": 1.0, ""properties"": 0.0}","{""per_pair"": [0.9614253334402157], ""n_gt"": 1, ""n_matched"": 1}",224.95
WAL-CRE-DIR-R-002,create,direct,0.0,0.0,0.0,0.0,diff,False,,1,0,,32.11387920519337,"{""delta_node_precision"": 0.0, ""delta_node_recall"": 0.0, ""delta_node_f1"": 0.0, ""delta_edge_precision"": 0.0, ""delta_edge_recall"": 0.0, ""delta_edge_f1"": 0.0, ""delta_topology_score"": 0.0}","{""class_match"": 0.0, ""properties"": 0.0}","{""per_pair"": [0.0], ""n_gt"": 1, ""n_matched"": 0}",47.02
WAL-CRE-DIR-R-003,create,direct,0.0,0.0,0.0,0.0,diff,False,,1,0,,4.0975853889249265,"{""delta_node_precision"": 0.0, ""delta_node_recall"": 0.0, ""delta_node_f1"": 0.0, ""delta_edge_precision"": 0.0, ""delta_edge_recall"": 0.0, ""delta_edge_f1"": 0.0, ""delta_topology_score"": 0.0}","{""class_match"": 0.0, ""properties"": 0.0}","{""per_pair"": [0.0], ""n_gt"": 1, ""n_matched"": 0}",5.25
WAL-CRE-DIR-R-004,create,direct,0.9619026030084409,0.5,0.44211502782931345,0.6346725436125847,diff,True,1Tz8OmDZX9WgvhOxTXb9U_,1,1,,11.929816317744553,"{""delta_node_precision"": 0.5, ""delta_node_recall"": 1.0, ""delta_node_f1"": 0.6666666666666666, ""delta_edge_precision"": 0.13333333333333333, ""delta_edge_recall"": 0.2857142857142857, ""delta_edge_f1"": 0.18181818181818182, ""delta_topology_score"": 0.32727272727272727}","{""class_match"": 1.0, ""properties"": 0.0}","{""per_pair"": [0.9619026030084409], ""n_gt"": 1, ""n_matched"": 1}",5.25
WAL-CRE-SPA-A-001,create,spatial,0.0,0.0,0.0,0.0,diff,False,,1,0,,0.15926032466813922,"{""delta_node_precision"": 0.0, ""delta_node_recall"": 0.0, ""delta_node_f1"": 0.0, ""delta_edge_precision"": 0.0, ""delta_edge_recall"": 0.0, ""delta_edge_f1"": 0.0, ""delta_topology_score"": 0.0}","{""class_match"": 0.0, ""properties"": 0.0}","{""per_pair"": [0.0], ""n_gt"": 1, ""n_matched"": 0}",0.41
WAL-CRE-SPA-A-002,create,spatial,0.0,0.0,0.0,0.0,diff,False,,1,0,,0.17619836004450917,"{""delta_node_precision"": 0.0, ""delta_node_recall"": 0.0, ""delta_node_f1"": 0.0, ""delta_edge_precision"": 0.0, ""delta_edge_recall"": 0.0, ""delta_edge_f1"": 0.0, ""delta_topology_score"": 0.0}","{""class_match"": 0.0, ""properties"": 0.0}","{""per_pair"": [0.0], ""n_gt"": 1, ""n_matched"": 0}",0.4
WAL-CRE-SPA-A-003,create,spatial,0.0,0.0,0.0,0.0,diff,False,,1,0,,0.03252891404554248,"{""delta_node_precision"": 0.0, ""delta_node_recall"": 0.0, ""delta_node_f1"": 0.0, ""delta_edge_precision"": 0.0, ""delta_edge_recall"": 0.0, ""delta_edge_f1"": 0.0, ""delta_topology_score"": 0.0}","{""class_match"": 0.0, ""properties"": 0.0}","{""per_pair"": [0.0], ""n_gt"": 1, ""n_matched"": 0}",0.11
WAL-CRE-SPA-A-004,create,spatial,0.0,0.0,0.0,0.0,diff,False,,1,0,,0.0043619172647595406,"{""delta_node_precision"": 0.0, ""delta_node_recall"": 0.0, ""delta_node_f1"": 0.0, ""delta_edge_precision"": 0.0, ""delta_edge_recall"": 0.0, ""delta_edge_f1"": 0.0, ""delta_topology_score"": 0.0}","{""class_match"": 0.0, ""properties"": 0.0}","{""per_pair"": [0.0], ""n_gt"": 1, ""n_matched"": 0}",0.03
WAL-CRE-SPA-R-001,create,spatial,0.0,0.0,0.0,0.0,diff,False,,1,0,,14.600985295139253,"{""delta_node_precision"": 0.0, ""delta_node_recall"": 0.0, ""delta_node_f1"": 0.0, ""delta_edge_precision"": 0.0, ""delta_edge_recall"": 0.0, ""delta_edge_f1"": 0.0, ""delta_topology_score"": 0.0}","{""class_match"": 0.0, ""properties"": 0.0}","{""per_pair"": [0.0], ""n_gt"": 1, ""n_matched"": 0}",224.95
WAL-CRE-SPA-R-002,create,spatial,0.0,0.0,0.0,0.0,diff,False,,1,0,,13.795239286031574,"{""delta_node_precision"": 0.0, ""delta_node_recall"": 0.0, ""delta_node_f1"": 0.0, ""delta_edge_precision"": 0.0, ""delta_edge_recall"": 0.0, ""delta_edge_f1"": 0.0, ""delta_topology_score"": 0.0}","{""class_match"": 0.0, ""properties"": 0.0}","{""per_pair"": [0.0], ""n_gt"": 1, ""n_matched"": 0}",47.02
WAL-CRE-SPA-R-003,create,spatial,0.0,0.0,0.0,0.0,diff,False,,1,0,,1.9258829560130835,"{""delta_node_precision"": 0.0, ""delta_node_recall"": 0.0, ""delta_node_f1"": 0.0, ""delta_edge_precision"": 0.0, ""delta_edge_recall"": 0.0, ""delta_edge_f1"": 0.0, ""delta_topology_score"": 0.0}","{""class_match"": 0.0, ""properties"": 0.0}","{""per_pair"": [0.0], ""n_gt"": 1, ""n_matched"": 0}",5.25
WAL-CRE-SPA-R-004,create,spatial,0.0,0.0,0.0,0.0,diff,False,,1,0,,2.8579639410600066,"{""delta_node_precision"": 0.0, ""delta_node_recall"": 0.0, ""delta_node_f1"": 0.0, ""delta_edge_precision"": 0.0, ""delta_edge_recall"": 0.0, ""delta_edge_f1"": 0.0, ""delta_topology_score"": 0.0}","{""class_match"": 0.0, ""properties"": 0.0}","{""per_pair"": [0.0], ""n_gt"": 1, ""n_matched"": 0}",5.25
WAL-CRE-TOP-A-001,create,topological,0.0,0.0,0.0,0.0,diff,False,,1,0,,0.15318351984024048,"{""delta_node_precision"": 0.0, ""delta_node_recall"": 0.0, ""delta_node_f1"": 0.0, ""delta_edge_precision"": 0.0, ""delta_edge_recall"": 0.0, ""delta_edge_f1"": 0.0, ""delta_topology_score"": 0.0}","{""class_match"": 0.0, ""properties"": 0.0}","{""per_pair"": [0.0], ""n_gt"": 1, ""n_matched"": 0}",0.41
WAL-CRE-TOP-A-002,create,topological,0.0,0.0,0.0,0.0,diff,False,,1,0,,0.1667052418924868,"{""delta_node_precision"": 0.0, ""delta_node_recall"": 0.0, ""delta_node_f1"": 0.0, ""delta_edge_precision"": 0.0, ""delta_edge_recall"": 0.0, ""delta_edge_f1"": 0.0, ""delta_topology_score"": 0.0}","{""class_match"": 0.0, ""properties"": 0.0}","{""per_pair"": [0.0], ""n_gt"": 1, ""n_matched"": 0}",0.4
WAL-CRE-TOP-A-003,create,topological,0.0,0.0,0.0,0.0,diff,False,,1,0,,0.03370931698009372,"{""delta_node_precision"": 0.0, ""delta_node_recall"": 0.0, ""delta_node_f1"": 0.0, ""delta_edge_precision"": 0.0, ""delta_edge_recall"": 0.0, ""delta_edge_f1"": 0.0, ""delta_topology_score"": 0.0}","{""class_match"": 0.0, ""properties"": 0.0}","{""per_pair"": [0.0], ""n_gt"": 1, ""n_matched"": 0}",0.11
WAL-CRE-TOP-A-004,create,topological,0.0,0.0,0.0,0.0,diff,False,,1,0,,0.0037385346367955208,"{""delta_node_precision"": 0.0, ""delta_node_recall"": 0.0, ""delta_node_f1"": 0.0, ""delta_edge_precision"": 0.0, ""delta_edge_recall"": 0.0, ""delta_edge_f1"": 0.0, ""delta_topology_score"": 0.0}","{""class_match"": 0.0, ""properties"": 0.0}","{""per_pair"": [0.0], ""n_gt"": 1, ""n_matched"": 0}",0.03
WAL-CRE-TOP-R-001,create,topological,0.0,0.0,0.0,0.0,diff,False,,1,0,,18.982323375996202,"{""delta_node_precision"": 0.0, ""delta_node_recall"": 0.0, ""delta_node_f1"": 0.0, ""delta_edge_precision"": 0.0, ""delta_edge_recall"": 0.0, ""delta_edge_f1"": 0.0, ""delta_topology_score"": 0.0}","{""class_match"": 0.0, ""properties"": 0.0}","{""per_pair"": [0.0], ""n_gt"": 1, ""n_matched"": 0}",224.95
WAL-CRE-TOP-R-002,create,topological,0.0,0.0,0.0,0.0,diff,False,,1,0,,15.424326311796904,"{""delta_node_precision"": 0.0, ""delta_node_recall"": 0.0, ""delta_node_f1"": 0.0, ""delta_edge_precision"": 0.0, ""delta_edge_recall"": 0.0, ""delta_edge_f1"": 0.0, ""delta_topology_score"": 0.0}","{""class_match"": 0.0, ""properties"": 0.0}","{""per_pair"": [0.0], ""n_gt"": 1, ""n_matched"": 0}",47.02
WAL-CRE-TOP-R-003,create,topological,0.0,0.0,0.0,0.0,diff,False,,1,0,,2.0731073450297117,"{""delta_node_precision"": 0.0, ""delta_node_recall"": 0.0, ""delta_node_f1"": 0.0, ""delta_edge_precision"": 0.0, ""delta_edge_recall"": 0.0, ""delta_edge_f1"": 0.0, ""delta_topology_score"": 0.0}","{""class_match"": 0.0, ""properties"": 0.0}","{""per_pair"": [0.0], ""n_gt"": 1, ""n_matched"": 0}",5.25
WAL-CRE-TOP-R-004,create,topological,0.0,0.0,0.0,0.0,diff,False,,1,0,,2.8780184546485543,"{""delta_node_precision"": 0.0, ""delta_node_recall"": 0.0, ""delta_node_f1"": 0.0, ""delta_edge_precision"": 0.0, ""delta_edge_recall"": 0.0, ""delta_edge_f1"": 0.0, ""delta_topology_score"": 0.0}","{""class_match"": 0.0, ""properties"": 0.0}","{""per_pair"": [0.0], ""n_gt"": 1, ""n_matched"": 0}",5.25
WAL-DEL-DIR-A-001,delete,direct,1.0,0.0,1.0,0.6666666666666666,spec,True,,1,1,,2.6529023847542703,"{""delta_node_precision"": 1.0, ""delta_node_recall"": 1.0, ""delta_node_f1"": 1.0, ""delta_edge_precision"": 1.0, ""delta_edge_recall"": 1.0, ""delta_edge_f1"": 1.0, ""delta_topology_score"": 1.0}","{""class_match"": 0.0, ""properties"": 0.0}","{""per_pair"": [1.0], ""n_gt"": 1, ""n_matched"": 1}",0.41
WAL-DEL-DIR-A-002,delete,direct,1.0,0.0,1.0,0.6666666666666666,spec,True,,1,1,,0.34886424895375967,"{""delta_node_precision"": 1.0, ""delta_node_recall"": 1.0, ""delta_node_f1"": 1.0, ""delta_edge_precision"": 1.0, ""delta_edge_recall"": 1.0, ""delta_edge_f1"": 1.0, ""delta_topology_score"": 1.0}","{""class_match"": 0.0, ""properties"": 0.0}","{""per_pair"": [1.0], ""n_gt"": 1, ""n_matched"": 1}",0.41
WAL-DEL-DIR-A-003,delete,direct,0.0,1.0,0.0,0.3333333333333333,spec,False,,1,0,,0.1197358351200819,"{""delta_node_precision"": 0.0, ""delta_node_recall"": 0.0, ""delta_node_f1"": 0.0, ""delta_edge_precision"": 0.0, ""delta_edge_recall"": 0.0, ""delta_edge_f1"": 0.0, ""delta_topology_score"": 0.0}","{""class_match"": 1.0, ""properties"": 1.0}","{""per_pair"": [0.0], ""n_gt"": 1, ""n_matched"": 0}",0.11
WAL-DEL-DIR-A-004,delete,direct,0.0,1.0,0.0,0.3333333333333333,spec,False,,1,0,,0.035858053248375654,"{""delta_node_precision"": 0.0, ""delta_node_recall"": 0.0, ""delta_node_f1"": 0.0, ""delta_edge_precision"": 0.0, ""delta_edge_recall"": 0.0, ""delta_edge_f1"": 0.0, ""delta_topology_score"": 0.0}","{""class_match"": 1.0, ""properties"": 1.0}","{""per_pair"": [0.0], ""n_gt"": 1, ""n_matched"": 0}",0.17
WAL-DEL-DIR-R-001,delete,direct,1.0,0.0,1.0,0.6666666666666666,spec,True,,1,1,,39.1886959108524,"{""delta_node_precision"": 1.0, ""delta_node_recall"": 1.0, ""delta_node_f1"": 1.0, ""delta_edge_precision"": 1.0, ""delta_edge_recall"": 1.0, ""delta_edge_f1"": 1.0, ""delta_topology_score"": 1.0}","{""class_match"": 0.0, ""properties"": 0.0}","{""per_pair"": [1.0], ""n_gt"": 1, ""n_matched"": 1}",224.95
WAL-DEL-DIR-R-002,delete,direct,1.0,0.0,0.47187336473050756,0.4906244549101692,spec,True,,1,1,,16.32607901841402,"{""delta_node_precision"": 0.3333333333333333, ""delta_node_recall"": 1.0, ""delta_node_f1"": 0.5, ""delta_edge_precision"": 0.07692307692307693, ""delta_edge_recall"": 1.0, ""delta_edge_f1"": 0.14285714285714288, ""delta_topology_score"": 0.25}","{""class_match"": 0.0, ""properties"": 0.0}","{""per_pair"": [1.0], ""n_gt"": 1, ""n_matched"": 1}",47.02
WAL-DEL-DIR-R-003,delete,direct,1.0,0.0,0.5399918769255154,0.5133306256418385,spec,True,,1,1,,4.472584609873593,"{""delta_node_precision"": 0.36363636363636365, ""delta_node_recall"": 1.0, ""delta_node_f1"": 0.5333333333333333, ""delta_edge_precision"": 0.21739130434782608, ""delta_edge_recall"": 0.9090909090909091, ""delta_edge_f1"": 0.3508771929824562, ""delta_topology_score"": 0.4056140350877193}","{""class_match"": 0.0, ""properties"": 0.0}","{""per_pair"": [1.0], ""n_gt"": 1, ""n_matched"": 1}",5.33
WAL-DEL-DIR-R-004,delete,direct,0.0,1.0,0.0,0.3333333333333333,spec,False,,1,0,,7.134187035262585,"{""delta_node_precision"": 0.0, ""delta_node_recall"": 0.0, ""delta_node_f1"": 0.0, ""delta_edge_precision"": 0.0, ""delta_edge_recall"": 0.0, ""delta_edge_f1"": 0.0, ""delta_topology_score"": 0.0}","{""class_match"": 1.0, ""properties"": 1.0}","{""per_pair"": [0.0], ""n_gt"": 1, ""n_matched"": 0}",5.26
WAL-DEL-SPA-A-001,delete,spatial,1.0,0.0,1.0,0.6666666666666666,spec,True,,1,1,,0.2200798257254064,"{""delta_node_precision"": 1.0, ""delta_node_recall"": 1.0, ""delta_node_f1"": 1.0, ""delta_edge_precision"": 1.0, ""delta_edge_recall"": 1.0, ""delta_edge_f1"": 1.0, ""delta_topology_score"": 1.0}","{""class_match"": 0.0, ""properties"": 0.0}","{""per_pair"": [1.0], ""n_gt"": 1, ""n_matched"": 1}",0.41
WAL-DEL-SPA-A-002,delete,spatial,1.0,0.0,0.5149749373433583,0.5049916457811194,spec,True,,1,1,,0.14034569496288896,"{""delta_node_precision"": 0.2, ""delta_node_recall"": 1.0, ""delta_node_f1"": 0.33333333333333337, ""delta_edge_precision"": 0.2631578947368421, ""delta_edge_recall"": 1.0, ""delta_edge_f1"": 0.4166666666666667, ""delta_topology_score"": 0.3916666666666667}","{""class_match"": 0.0, ""properties"": 0.0}","{""per_pair"": [1.0], ""n_gt"": 1, ""n_matched"": 1}",0.41
WAL-DEL-SPA-A-003,delete,spatial,0.0,1.0,0.0,0.3333333333333333,spec,False,,1,0,,0.04489726712927222,"{""delta_node_precision"": 0.0, ""delta_node_recall"": 0.0, ""delta_node_f1"": 0.0, ""delta_edge_precision"": 0.0, ""delta_edge_recall"": 0.0, ""delta_edge_f1"": 0.0, ""delta_topology_score"": 0.0}","{""class_match"": 1.0, ""properties"": 1.0}","{""per_pair"": [0.0], ""n_gt"": 1, ""n_matched"": 0}",0.11
WAL-DEL-SPA-A-004,delete,spatial,0.0,1.0,0.0,0.3333333333333333,spec,False,,1,0,,0.014046883676201105,"{""delta_node_precision"": 0.0, ""delta_node_recall"": 0.0, ""delta_node_f1"": 0.0, ""delta_edge_precision"": 0.0, ""delta_edge_recall"": 0.0, ""delta_edge_f1"": 0.0, ""delta_topology_score"": 0.0}","{""class_match"": 1.0, ""properties"": 1.0}","{""per_pair"": [0.0], ""n_gt"": 1, ""n_matched"": 0}",0.17
WAL-DEL-SPA-R-001,delete,spatial,0.0,1.0,0.0,0.3333333333333333,spec,False,,1,0,,20.42378225782886,"{""delta_node_precision"": 0.0, ""delta_node_recall"": 0.0, ""delta_node_f1"": 0.0, ""delta_edge_precision"": 0.0, ""delta_edge_recall"": 0.0, ""delta_edge_f1"": 0.0, ""delta_topology_score"": 0.0}","{""class_match"": 1.0, ""properties"": 1.0}","{""per_pair"": [0.0], ""n_gt"": 1, ""n_matched"": 0}",224.95
WAL-DEL-SPA-R-002,delete,spatial,0.0,1.0,0.0,0.3333333333333333,spec,False,,1,0,,17.175752927083522,"{""delta_node_precision"": 0.0, ""delta_node_recall"": 0.0, ""delta_node_f1"": 0.0, ""delta_edge_precision"": 0.0, ""delta_edge_recall"": 0.0, ""delta_edge_f1"": 0.0, ""delta_topology_score"": 0.0}","{""class_match"": 1.0, ""properties"": 1.0}","{""per_pair"": [0.0], ""n_gt"": 1, ""n_matched"": 0}",47.02
WAL-DEL-SPA-R-003,delete,spatial,0.0,1.0,0.0,0.3333333333333333,spec,False,,1,0,,2.2580119227059186,"{""delta_node_precision"": 0.0, ""delta_node_recall"": 0.0, ""delta_node_f1"": 0.0, ""delta_edge_precision"": 0.0, ""delta_edge_recall"": 0.0, ""delta_edge_f1"": 0.0, ""delta_topology_score"": 0.0}","{""class_match"": 1.0, ""properties"": 1.0}","{""per_pair"": [0.0], ""n_gt"": 1, ""n_matched"": 0}",5.33
WAL-DEL-SPA-R-004,delete,spatial,0.0,1.0,0.0,0.3333333333333333,spec,False,,1,0,,1.866298328153789,"{""delta_node_precision"": 0.0, ""delta_node_recall"": 0.0, ""delta_node_f1"": 0.0, ""delta_edge_precision"": 0.0, ""delta_edge_recall"": 0.0, ""delta_edge_f1"": 0.0, ""delta_topology_score"": 0.0}","{""class_match"": 1.0, ""properties"": 1.0}","{""per_pair"": [0.0], ""n_gt"": 1, ""n_matched"": 0}",5.26
WAL-DEL-TOP-A-001,delete,topological,1.0,0.0,0.537874686716792,0.512624895572264,spec,True,,1,1,,0.32138272281736135,"{""delta_node_precision"": 0.2, ""delta_node_recall"": 1.0, ""delta_node_f1"": 0.33333333333333337, ""delta_edge_precision"": 0.3157894736842105, ""delta_edge_recall"": 1.0, ""delta_edge_f1"": 0.4799999999999999, ""delta_topology_score"": 0.43599999999999994}","{""class_match"": 0.0, ""properties"": 0.0}","{""per_pair"": [1.0], ""n_gt"": 1, ""n_matched"": 1}",0.41
WAL-DEL-TOP-A-002,delete,topological,1.0,0.0,0.5149749373433583,0.5049916457811194,spec,True,,1,1,,0.14748186012730002,"{""delta_node_precision"": 0.2, ""delta_node_recall"": 1.0, ""delta_node_f1"": 0.33333333333333337, ""delta_edge_precision"": 0.2631578947368421, ""delta_edge_recall"": 1.0, ""delta_edge_f1"": 0.4166666666666667, ""delta_topology_score"": 0.3916666666666667}","{""class_match"": 0.0, ""properties"": 0.0}","{""per_pair"": [1.0], ""n_gt"": 1, ""n_matched"": 1}",0.41
WAL-DEL-TOP-A-003,delete,topological,1.0,0.0,0.5149749373433583,0.5049916457811194,spec,True,,1,1,,0.034933183807879686,"{""delta_node_precision"": 0.2, ""delta_node_recall"": 1.0, ""delta_node_f1"": 0.33333333333333337, ""delta_edge_precision"": 0.2631578947368421, ""delta_edge_recall"": 1.0, ""delta_edge_f1"": 0.4166666666666667, ""delta_topology_score"": 0.3916666666666667}","{""class_match"": 0.0, ""properties"": 0.0}","{""per_pair"": [1.0], ""n_gt"": 1, ""n_matched"": 1}",0.11
WAL-DEL-TOP-A-004,delete,topological,1.0,0.0,1.0,0.6666666666666666,spec,True,,1,1,,0.011454943101853132,"{""delta_node_precision"": 1.0, ""delta_node_recall"": 1.0, ""delta_node_f1"": 1.0, ""delta_edge_precision"": 1.0, ""delta_edge_recall"": 1.0, ""delta_edge_f1"": 1.0, ""delta_topology_score"": 1.0}","{""class_match"": 0.0, ""properties"": 0.0}","{""per_pair"": [1.0], ""n_gt"": 1, ""n_matched"": 1}",0.17
WAL-DEL-TOP-R-001,delete,topological,0.0,1.0,0.0,0.3333333333333333,spec,False,,1,0,,23.87312675686553,"{""delta_node_precision"": 0.0, ""delta_node_recall"": 0.0, ""delta_node_f1"": 0.0, ""delta_edge_precision"": 0.0, ""delta_edge_recall"": 0.0, ""delta_edge_f1"": 0.0, ""delta_topology_score"": 0.0}","{""class_match"": 1.0, ""properties"": 1.0}","{""per_pair"": [0.0], ""n_gt"": 1, ""n_matched"": 0}",224.95
WAL-DEL-TOP-R-002,delete,topological,0.0,1.0,0.0,0.3333333333333333,spec,False,,1,0,,17.29869204061106,"{""delta_node_precision"": 0.0, ""delta_node_recall"": 0.0, ""delta_node_f1"": 0.0, ""delta_edge_precision"": 0.0, ""delta_edge_recall"": 0.0, ""delta_edge_f1"": 0.0, ""delta_topology_score"": 0.0}","{""class_match"": 1.0, ""properties"": 1.0}","{""per_pair"": [0.0], ""n_gt"": 1, ""n_matched"": 0}",47.02
WAL-DEL-TOP-R-003,delete,topological,0.0,1.0,0.0,0.3333333333333333,spec,False,,1,0,,2.2655429621227086,"{""delta_node_precision"": 0.0, ""delta_node_recall"": 0.0, ""delta_node_f1"": 0.0, ""delta_edge_precision"": 0.0, ""delta_edge_recall"": 0.0, ""delta_edge_f1"": 0.0, ""delta_topology_score"": 0.0}","{""class_match"": 1.0, ""properties"": 1.0}","{""per_pair"": [0.0], ""n_gt"": 1, ""n_matched"": 0}",5.33
WAL-DEL-TOP-R-004,delete,topological,1.0,0.0,0.7142857142857143,0.5714285714285715,spec,True,,1,1,,1.8459853241220117,"{""delta_node_precision"": 1.0, ""delta_node_recall"": 0.5, ""delta_node_f1"": 0.6666666666666666, ""delta_edge_precision"": 1.0, ""delta_edge_recall"": 0.5, ""delta_edge_f1"": 0.6666666666666666, ""delta_topology_score"": 0.6666666666666666}","{""class_match"": 0.0, ""properties"": 0.0}","{""per_pair"": [1.0], ""n_gt"": 1, ""n_matched"": 1}",5.26
WAL-UPD-DIR-A-001,update,direct,0.0,0.0,0.0,0.0,spec,False,,1,0,,0.7249489650130272,"{""delta_node_precision"": 0.0, ""delta_node_recall"": 0.0, ""delta_node_f1"": 0.0, ""delta_edge_precision"": 0.0, ""delta_edge_recall"": 0.0, ""delta_edge_f1"": 0.0, ""delta_topology_score"": 0.0}","{""class_match"": 0.0, ""properties"": 0.0}","{""per_pair"": [0.0], ""n_gt"": 1, ""n_matched"": 0}",0.41
WAL-UPD-DIR-A-002,update,direct,0.9624347278054668,1.0,1.0,0.9874782426018222,spec,True,0JseLab3T6bx_3inDW04pz,1,1,,0.28259367076680064,"{""delta_node_precision"": 1.0, ""delta_node_recall"": 1.0, ""delta_node_f1"": 1.0, ""delta_edge_precision"": 1.0, ""delta_edge_recall"": 1.0, ""delta_edge_f1"": 1.0, ""delta_topology_score"": 1.0}","{""class_match"": 1.0, ""properties"": 1.0}","{""per_pair"": [0.9624347278054668], ""n_gt"": 1, ""n_matched"": 1}",0.14
WAL-UPD-DIR-A-003,update,direct,0.9696053666254084,0.7222222222222222,1.0,0.8972758629492102,spec,True,000irGlVjApOlI2apOJp9x,1,1,,0.15104878600686789,"{""delta_node_precision"": 1.0, ""delta_node_recall"": 1.0, ""delta_node_f1"": 1.0, ""delta_edge_precision"": 1.0, ""delta_edge_recall"": 1.0, ""delta_edge_f1"": 1.0, ""delta_topology_score"": 1.0}","{""class_match"": 1.0, ""properties"": 0.4444444444444444}","{""per_pair"": [0.9696053666254084], ""n_gt"": 1, ""n_matched"": 1}",0.11
WAL-UPD-DIR-A-004,update,direct,0.9741743195677616,1.0,0.4714285714285714,0.8152009636654444,spec,True,0SW1L9fQP9xeGsED2XHlvo,1,1,,0.014844652730971575,"{""delta_node_precision"": 1.0, ""delta_node_recall"": 1.0, ""delta_node_f1"": 1.0, ""delta_edge_precision"": 0.0, ""delta_edge_recall"": 0.0, ""delta_edge_f1"": 0.0, ""delta_topology_score"": 0.3}","{""class_match"": 1.0, ""properties"": 1.0}","{""per_pair"": [0.9741743195677616], ""n_gt"": 1, ""n_matched"": 1}",0.02
WAL-UPD-DIR-R-001,update,direct,0.0,0.0,0.0,0.0,spec,False,,1,0,,47.74908920796588,"{""delta_node_precision"": 0.0, ""delta_node_recall"": 0.0, ""delta_node_f1"": 0.0, ""delta_edge_precision"": 0.0, ""delta_edge_recall"": 0.0, ""delta_edge_f1"": 0.0, ""delta_topology_score"": 0.0}","{""class_match"": 0.0, ""properties"": 0.0}","{""per_pair"": [0.0], ""n_gt"": 1, ""n_matched"": 0}",224.95
WAL-UPD-DIR-R-002,update,direct,0.0,0.0,0.0,0.0,spec,False,,1,0,,33.183202248997986,"{""delta_node_precision"": 0.0, ""delta_node_recall"": 0.0, ""delta_node_f1"": 0.0, ""delta_edge_precision"": 0.0, ""delta_edge_recall"": 0.0, ""delta_edge_f1"": 0.0, ""delta_topology_score"": 0.0}","{""class_match"": 0.0, ""properties"": 0.0}","{""per_pair"": [0.0], ""n_gt"": 1, ""n_matched"": 0}",47.02
WAL-UPD-DIR-R-003,update,direct,0.9597184300044257,0.75,0.5285714285714286,0.7460966195252848,spec,True,2QS621lD51vfaO5mAA7tdk,1,1,,4.583905382081866,"{""delta_node_precision"": 0.0, ""delta_node_recall"": 0.0, ""delta_node_f1"": 0.0, ""delta_edge_precision"": 1.0, ""delta_edge_recall"": 1.0, ""delta_edge_f1"": 1.0, ""delta_topology_score"": 0.7}","{""class_match"": 1.0, ""properties"": 0.5}","{""per_pair"": [0.9597184300044257], ""n_gt"": 1, ""n_matched"": 1}",5.33
WAL-UPD-DIR-R-004,update,direct,0.9728820590017805,1.0,0.4714285714285714,0.8147702101434507,spec,True,2Nq3EKEYP8kfBFwGBhtRhO,1,1,,6.699491843115538,"{""delta_node_precision"": 1.0, ""delta_node_recall"": 1.0, ""delta_node_f1"": 1.0, ""delta_edge_precision"": 0.0, ""delta_edge_recall"": 0.0, ""delta_edge_f1"": 0.0, ""delta_topology_score"": 0.3}","{""class_match"": 1.0, ""properties"": 1.0}","{""per_pair"": [0.9728820590017805], ""n_gt"": 1, ""n_matched"": 1}",5.26
WAL-UPD-SPA-A-001,update,spatial,0.9597131741164641,1.0,0.4714285714285714,0.8103805818483453,spec,True,0okaGdY4n1xulccRQajpx9,1,1,,0.20884642796590924,"{""delta_node_precision"": 1.0, ""delta_node_recall"": 1.0, ""delta_node_f1"": 1.0, ""delta_edge_precision"": 0.0, ""delta_edge_recall"": 0.0, ""delta_edge_f1"": 0.0, ""delta_topology_score"": 0.3}","{""class_match"": 1.0, ""properties"": 1.0}","{""per_pair"": [0.9597131741164641], ""n_gt"": 1, ""n_matched"": 1}",0.41
WAL-UPD-SPA-A-002,update,spatial,0.0,0.0,0.0,0.0,spec,False,,1,0,,0.09336353791877627,"{""delta_node_precision"": 0.0, ""delta_node_recall"": 0.0, ""delta_node_f1"": 0.0, ""delta_edge_precision"": 0.0, ""delta_edge_recall"": 0.0, ""delta_edge_f1"": 0.0, ""delta_topology_score"": 0.0}","{""class_match"": 0.0, ""properties"": 0.0}","{""per_pair"": [0.0], ""n_gt"": 1, ""n_matched"": 0}",0.14
WAL-UPD-SPA-A-003,update,spatial,0.9589843174143203,0.7222222222222222,0.5285714285714286,0.7365926560693237,spec,True,000irGlVjApOlI2apOJp9x,1,1,,0.08760616276413202,"{""delta_node_precision"": 0.0, ""delta_node_recall"": 0.0, ""delta_node_f1"": 0.0, ""delta_edge_precision"": 1.0, ""delta_edge_recall"": 1.0, ""delta_edge_f1"": 1.0, ""delta_topology_score"": 0.7}","{""class_match"": 1.0, ""properties"": 0.4444444444444444}","{""per_pair"": [0.9589843174143203], ""n_gt"": 1, ""n_matched"": 1}",0.11
WAL-UPD-SPA-A-004,update,spatial,0.9739871773407663,1.0,0.0,0.6579957257802554,spec,True,0SW1L9fQP9xeGsED2XHlvo,1,1,,0.011890812311321497,"{""delta_node_precision"": 0.0, ""delta_node_recall"": 0.0, ""delta_node_f1"": 0.0, ""delta_edge_precision"": 0.0, ""delta_edge_recall"": 0.0, ""delta_edge_f1"": 0.0, ""delta_topology_score"": 0.0}","{""class_match"": 1.0, ""properties"": 1.0}","{""per_pair"": [0.9739871773407663], ""n_gt"": 1, ""n_matched"": 1}",0.02
WAL-UPD-SPA-R-001,update,spatial,0.0,0.0,0.0,0.0,spec,False,,1,0,,24.054004644975066,"{""delta_node_precision"": 0.0, ""delta_node_recall"": 0.0, ""delta_node_f1"": 0.0, ""delta_edge_precision"": 0.0, ""delta_edge_recall"": 0.0, ""delta_edge_f1"": 0.0, ""delta_topology_score"": 0.0}","{""class_match"": 0.0, ""properties"": 0.0}","{""per_pair"": [0.0], ""n_gt"": 1, ""n_matched"": 0}",224.95
WAL-UPD-SPA-R-002,update,spatial,0.0,0.0,0.0,0.0,spec,False,,1,0,,17.897246363107115,"{""delta_node_precision"": 0.0, ""delta_node_recall"": 0.0, ""delta_node_f1"": 0.0, ""delta_edge_precision"": 0.0, ""delta_edge_recall"": 0.0, ""delta_edge_f1"": 0.0, ""delta_topology_score"": 0.0}","{""class_match"": 0.0, ""properties"": 0.0}","{""per_pair"": [0.0], ""n_gt"": 1, ""n_matched"": 0}",47.02
WAL-UPD-SPA-R-003,update,spatial,0.9597184300044257,0.75,0.5285714285714286,0.7460966195252848,spec,True,2QS621lD51vfaO5mAA7tdk,1,1,,2.3183412863872945,"{""delta_node_precision"": 0.0, ""delta_node_recall"": 0.0, ""delta_node_f1"": 0.0, ""delta_edge_precision"": 1.0, ""delta_edge_recall"": 1.0, ""delta_edge_f1"": 1.0, ""delta_topology_score"": 0.7}","{""class_match"": 1.0, ""properties"": 0.5}","{""per_pair"": [0.9597184300044257], ""n_gt"": 1, ""n_matched"": 1}",5.33
WAL-UPD-SPA-R-004,update,spatial,0.9722730729410084,1.0,0.0,0.6574243576470028,spec,True,2Nq3EKEYP8kfBFwGBhtRhO,1,1,,2.3462716839276254,"{""delta_node_precision"": 0.0, ""delta_node_recall"": 0.0, ""delta_node_f1"": 0.0, ""delta_edge_precision"": 0.0, ""delta_edge_recall"": 0.0, ""delta_edge_f1"": 0.0, ""delta_topology_score"": 0.0}","{""class_match"": 1.0, ""properties"": 1.0}","{""per_pair"": [0.9722730729410084], ""n_gt"": 1, ""n_matched"": 1}",5.26
WAL-UPD-TOP-A-001,update,topological,0.9685521809381098,1.0,0.0,0.6561840603127033,spec,True,0okaGdY4n1xulccRQajpx9,1,1,,0.17348749609664083,"{""delta_node_precision"": 0.0, ""delta_node_recall"": 0.0, ""delta_node_f1"": 0.0, ""delta_edge_precision"": 0.0, ""delta_edge_recall"": 0.0, ""delta_edge_f1"": 0.0, ""delta_topology_score"": 0.0}","{""class_match"": 1.0, ""properties"": 1.0}","{""per_pair"": [0.9685521809381098], ""n_gt"": 1, ""n_matched"": 1}",0.41
WAL-UPD-TOP-A-002,update,topological,0.0,0.0,0.0,0.0,spec,False,,1,0,,0.0893102209083736,"{""delta_node_precision"": 0.0, ""delta_node_recall"": 0.0, ""delta_node_f1"": 0.0, ""delta_edge_precision"": 0.0, ""delta_edge_recall"": 0.0, ""delta_edge_f1"": 0.0, ""delta_topology_score"": 0.0}","{""class_match"": 0.0, ""properties"": 0.0}","{""per_pair"": [0.0], ""n_gt"": 1, ""n_matched"": 0}",0.14
WAL-UPD-TOP-A-003,update,topological,0.9696053666254084,0.7222222222222222,1.0,0.8972758629492102,spec,True,000irGlVjApOlI2apOJp9x,1,1,,0.10011302679777145,"{""delta_node_precision"": 1.0, ""delta_node_recall"": 1.0, ""delta_node_f1"": 1.0, ""delta_edge_precision"": 1.0, ""delta_edge_recall"": 1.0, ""delta_edge_f1"": 1.0, ""delta_topology_score"": 1.0}","{""class_match"": 1.0, ""properties"": 0.4444444444444444}","{""per_pair"": [0.9696053666254084], ""n_gt"": 1, ""n_matched"": 1}",0.11
WAL-UPD-TOP-A-004,update,topological,0.9739871773407663,1.0,0.0,0.6579957257802554,spec,True,0SW1L9fQP9xeGsED2XHlvo,1,1,,0.011909340042620897,"{""delta_node_precision"": 0.0, ""delta_node_recall"": 0.0, ""delta_node_f1"": 0.0, ""delta_edge_precision"": 0.0, ""delta_edge_recall"": 0.0, ""delta_edge_f1"": 0.0, ""delta_topology_score"": 0.0}","{""class_match"": 1.0, ""properties"": 1.0}","{""per_pair"": [0.9739871773407663], ""n_gt"": 1, ""n_matched"": 1}",0.02
WAL-UPD-TOP-R-001,update,topological,0.9627294136176816,1.0,0.4714285714285714,0.8113859950154176,spec,True,30a7nM35T5pgZzaItbPb1c,1,1,,27.368094097822905,"{""delta_node_precision"": 1.0, ""delta_node_recall"": 1.0, ""delta_node_f1"": 1.0, ""delta_edge_precision"": 0.0, ""delta_edge_recall"": 0.0, ""delta_edge_f1"": 0.0, ""delta_topology_score"": 0.3}","{""class_match"": 1.0, ""properties"": 1.0}","{""per_pair"": [0.9627294136176816], ""n_gt"": 1, ""n_matched"": 1}",224.95
WAL-UPD-TOP-R-002,update,topological,0.0,0.0,0.0,0.0,spec,False,,1,0,,18.425060956273228,"{""delta_node_precision"": 0.0, ""delta_node_recall"": 0.0, ""delta_node_f1"": 0.0, ""delta_edge_precision"": 0.0, ""delta_edge_recall"": 0.0, ""delta_edge_f1"": 0.0, ""delta_topology_score"": 0.0}","{""class_match"": 0.0, ""properties"": 0.0}","{""per_pair"": [0.0], ""n_gt"": 1, ""n_matched"": 0}",47.02
WAL-UPD-TOP-R-003,update,topological,0.9597184300044257,0.75,0.5285714285714286,0.7460966195252848,spec,True,2QS621lD51vfaO5mAA7tdk,1,1,,2.3027340988628566,"{""delta_node_precision"": 0.0, ""delta_node_recall"": 0.0, ""delta_node_f1"": 0.0, ""delta_edge_precision"": 1.0, ""delta_edge_recall"": 1.0, ""delta_edge_f1"": 1.0, ""delta_topology_score"": 0.7}","{""class_match"": 1.0, ""properties"": 0.5}","{""per_pair"": [0.9597184300044257], ""n_gt"": 1, ""n_matched"": 1}",5.33
WAL-UPD-TOP-R-004,update,topological,0.9722730729410084,1.0,0.0,0.6574243576470028,spec,True,2Nq3EKEYP8kfBFwGBhtRhO,1,1,,2.332917283754796,"{""delta_node_precision"": 0.0, ""delta_node_recall"": 0.0, ""delta_node_f1"": 0.0, ""delta_edge_precision"": 0.0, ""delta_edge_recall"": 0.0, ""delta_edge_f1"": 0.0, ""delta_topology_score"": 0.0}","{""class_match"": 1.0, ""properties"": 1.0}","{""per_pair"": [0.9722730729410084], ""n_gt"": 1, ""n_matched"": 1}",5.26
WIN-CRE-DIR-A-001,create,direct,0.0,0.0,0.0,0.0,diff,False,,1,0,,0.07356674876064062,"{""delta_node_precision"": 0.0, ""delta_node_recall"": 0.0, ""delta_node_f1"": 0.0, ""delta_edge_precision"": 0.0, ""delta_edge_recall"": 0.0, ""delta_edge_f1"": 0.0, ""delta_topology_score"": 0.0}","{""class_match"": 0.0, ""properties"": 0.0}","{""per_pair"": [0.0], ""n_gt"": 1, ""n_matched"": 0}",0.14
WIN-CRE-DIR-R-001,create,direct,0.0,0.0,0.0,0.0,diff,False,,1,0,,100.64350357186049,"{""delta_node_precision"": 0.0, ""delta_node_recall"": 0.0, ""delta_node_f1"": 0.0, ""delta_edge_precision"": 0.0, ""delta_edge_recall"": 0.0, ""delta_edge_f1"": 0.0, ""delta_topology_score"": 0.0}","{""class_match"": 0.0, ""properties"": 0.0}","{""per_pair"": [0.0], ""n_gt"": 1, ""n_matched"": 0}",161.25
WIN-CRE-SPA-A-001,create,spatial,0.0,0.0,0.0,0.0,diff,False,,1,0,,0.07144582085311413,"{""delta_node_precision"": 0.0, ""delta_node_recall"": 0.0, ""delta_node_f1"": 0.0, ""delta_edge_precision"": 0.0, ""delta_edge_recall"": 0.0, ""delta_edge_f1"": 0.0, ""delta_topology_score"": 0.0}","{""class_match"": 0.0, ""properties"": 0.0}","{""per_pair"": [0.0], ""n_gt"": 1, ""n_matched"": 0}",0.14
WIN-CRE-SPA-R-001,create,spatial,0.0,0.0,0.0,0.0,diff,False,,1,0,,47.080560290720314,"{""delta_node_precision"": 0.0, ""delta_node_recall"": 0.0, ""delta_node_f1"": 0.0, ""delta_edge_precision"": 0.0, ""delta_edge_recall"": 0.0, ""delta_edge_f1"": 0.0, ""delta_topology_score"": 0.0}","{""class_match"": 0.0, ""properties"": 0.0}","{""per_pair"": [0.0], ""n_gt"": 1, ""n_matched"": 0}",161.25
WIN-CRE-TOP-A-001,create,topological,0.0,0.0,0.0,0.0,diff,False,,1,0,,0.0770852449350059,"{""delta_node_precision"": 0.0, ""delta_node_recall"": 0.0, ""delta_node_f1"": 0.0, ""delta_edge_precision"": 0.0, ""delta_edge_recall"": 0.0, ""delta_edge_f1"": 0.0, ""delta_topology_score"": 0.0}","{""class_match"": 0.0, ""properties"": 0.0}","{""per_pair"": [0.0], ""n_gt"": 1, ""n_matched"": 0}",0.14
WIN-CRE-TOP-R-001,create,topological,0.0,0.0,0.0,0.0,diff,False,,1,0,,52.16953370301053,"{""delta_node_precision"": 0.0, ""delta_node_recall"": 0.0, ""delta_node_f1"": 0.0, ""delta_edge_precision"": 0.0, ""delta_edge_recall"": 0.0, ""delta_edge_f1"": 0.0, ""delta_topology_score"": 0.0}","{""class_match"": 0.0, ""properties"": 0.0}","{""per_pair"": [0.0], ""n_gt"": 1, ""n_matched"": 0}",161.25
WIN-DEL-DIR-A-001,delete,direct,1.0,0.0,0.8725417439703155,0.6241805813234386,spec,True,,1,1,,0.22618836304172873,"{""delta_node_precision"": 1.0, ""delta_node_recall"": 1.0, ""delta_node_f1"": 1.0, ""delta_edge_precision"": 1.0, ""delta_edge_recall"": 0.5714285714285714, ""delta_edge_f1"": 0.7272727272727273, ""delta_topology_score"": 0.8090909090909091}","{""class_match"": 0.0, ""properties"": 0.0}","{""per_pair"": [1.0], ""n_gt"": 1, ""n_matched"": 1}",0.15
WIN-DEL-DIR-A-002,delete,direct,1.0,0.0,1.0,0.6666666666666666,spec,True,,1,1,,0.32132858084514737,"{""delta_node_precision"": 1.0, ""delta_node_recall"": 1.0, ""delta_node_f1"": 1.0, ""delta_edge_precision"": 1.0, ""delta_edge_recall"": 1.0, ""delta_edge_f1"": 1.0, ""delta_topology_score"": 1.0}","{""class_match"": 0.0, ""properties"": 0.0}","{""per_pair"": [1.0], ""n_gt"": 1, ""n_matched"": 1}",0.24
WIN-DEL-DIR-R-001,delete,direct,1.0,0.0,0.5031292517006803,0.5010430839002268,spec,True,,1,1,,59.16347684990615,"{""delta_node_precision"": 0.6666666666666666, ""delta_node_recall"": 0.6666666666666666, ""delta_node_f1"": 0.6666666666666666, ""delta_edge_precision"": 0.13333333333333333, ""delta_edge_recall"": 0.8, ""delta_edge_f1"": 0.2285714285714286, ""delta_topology_score"": 0.36}","{""class_match"": 0.0, ""properties"": 0.0}","{""per_pair"": [1.0], ""n_gt"": 1, ""n_matched"": 1}",161.43
WIN-DEL-DIR-R-002,delete,direct,1.0,0.0,1.0,0.6666666666666666,spec,True,,1,1,,4.649733653757721,"{""delta_node_precision"": 1.0, ""delta_node_recall"": 1.0, ""delta_node_f1"": 1.0, ""delta_edge_precision"": 1.0, ""delta_edge_recall"": 1.0, ""delta_edge_f1"": 1.0, ""delta_topology_score"": 1.0}","{""class_match"": 0.0, ""properties"": 0.0}","{""per_pair"": [1.0], ""n_gt"": 1, ""n_matched"": 1}",5.33
WIN-DEL-SPA-A-001,delete,spatial,1.0,0.0,0.8725417439703155,0.6241805813234386,spec,True,,1,1,,0.06537722097709775,"{""delta_node_precision"": 1.0, ""delta_node_recall"": 1.0, ""delta_node_f1"": 1.0, ""delta_edge_precision"": 1.0, ""delta_edge_recall"": 0.5714285714285714, ""delta_edge_f1"": 0.7272727272727273, ""delta_topology_score"": 0.8090909090909091}","{""class_match"": 0.0, ""properties"": 0.0}","{""per_pair"": [1.0], ""n_gt"": 1, ""n_matched"": 1}",0.15
WIN-DEL-SPA-A-002,delete,spatial,0.0,1.0,0.0,0.3333333333333333,spec,False,,1,0,,0.14888669131323695,"{""delta_node_precision"": 0.0, ""delta_node_recall"": 0.0, ""delta_node_f1"": 0.0, ""delta_edge_precision"": 0.0, ""delta_edge_recall"": 0.0, ""delta_edge_f1"": 0.0, ""delta_topology_score"": 0.0}","{""class_match"": 1.0, ""properties"": 1.0}","{""per_pair"": [0.0], ""n_gt"": 1, ""n_matched"": 0}",0.24
WIN-DEL-SPA-R-001,delete,spatial,1.0,0.0,0.8596825396825397,0.6198941798941799,spec,True,,1,1,,65.83749784901738,"{""delta_node_precision"": 1.0, ""delta_node_recall"": 0.6666666666666666, ""delta_node_f1"": 0.8, ""delta_edge_precision"": 1.0, ""delta_edge_recall"": 0.8, ""delta_edge_f1"": 0.888888888888889, ""delta_topology_score"": 0.8622222222222222}","{""class_match"": 0.0, ""properties"": 0.0}","{""per_pair"": [1.0], ""n_gt"": 1, ""n_matched"": 1}",161.43
WIN-DEL-SPA-R-002,delete,spatial,0.0,1.0,0.0,0.3333333333333333,spec,False,,1,0,,2.4486332559026778,"{""delta_node_precision"": 0.0, ""delta_node_recall"": 0.0, ""delta_node_f1"": 0.0, ""delta_edge_precision"": 0.0, ""delta_edge_recall"": 0.0, ""delta_edge_f1"": 0.0, ""delta_topology_score"": 0.0}","{""class_match"": 1.0, ""properties"": 1.0}","{""per_pair"": [0.0], ""n_gt"": 1, ""n_matched"": 0}",5.33
WIN-DEL-TOP-A-001,delete,topological,1.0,0.0,0.8725417439703155,0.6241805813234386,spec,True,,1,1,,0.06120807584375143,"{""delta_node_precision"": 1.0, ""delta_node_recall"": 1.0, ""delta_node_f1"": 1.0, ""delta_edge_precision"": 1.0, ""delta_edge_recall"": 0.5714285714285714, ""delta_edge_f1"": 0.7272727272727273, ""delta_topology_score"": 0.8090909090909091}","{""class_match"": 0.0, ""properties"": 0.0}","{""per_pair"": [1.0], ""n_gt"": 1, ""n_matched"": 1}",0.15
WIN-DEL-TOP-A-002,delete,topological,1.0,0.0,0.5952380952380951,0.5317460317460317,spec,True,,1,1,,0.09076846018433571,"{""delta_node_precision"": 0.3333333333333333, ""delta_node_recall"": 1.0, ""delta_node_f1"": 0.5, ""delta_edge_precision"": 0.3333333333333333, ""delta_edge_recall"": 1.0, ""delta_edge_f1"": 0.5, ""delta_topology_score"": 0.5}","{""class_match"": 0.0, ""properties"": 0.0}","{""per_pair"": [1.0], ""n_gt"": 1, ""n_matched"": 1}",0.24
WIN-DEL-TOP-R-001,delete,topological,1.0,0.0,0.8596825396825397,0.6198941798941799,spec,True,,1,1,,58.66012504091486,"{""delta_node_precision"": 1.0, ""delta_node_recall"": 0.6666666666666666, ""delta_node_f1"": 0.8, ""delta_edge_precision"": 1.0, ""delta_edge_recall"": 0.8, ""delta_edge_f1"": 0.888888888888889, ""delta_topology_score"": 0.8622222222222222}","{""class_match"": 0.0, ""properties"": 0.0}","{""per_pair"": [1.0], ""n_gt"": 1, ""n_matched"": 1}",161.43
WIN-DEL-TOP-R-002,delete,topological,0.0,1.0,0.0,0.3333333333333333,spec,False,,1,0,,2.4491514316760004,"{""delta_node_precision"": 0.0, ""delta_node_recall"": 0.0, ""delta_node_f1"": 0.0, ""delta_edge_precision"": 0.0, ""delta_edge_recall"": 0.0, ""delta_edge_f1"": 0.0, ""delta_topology_score"": 0.0}","{""class_match"": 1.0, ""properties"": 1.0}","{""per_pair"": [0.0], ""n_gt"": 1, ""n_matched"": 0}",5.33
WIN-UPD-DIR-A-001,update,direct,0.0,0.0,0.0,0.0,spec,False,,1,0,,0.5243540280498564,"{""delta_node_precision"": 0.0, ""delta_node_recall"": 0.0, ""delta_node_f1"": 0.0, ""delta_edge_precision"": 0.0, ""delta_edge_recall"": 0.0, ""delta_edge_f1"": 0.0, ""delta_topology_score"": 0.0}","{""class_match"": 0.0, ""properties"": 0.0}","{""per_pair"": [0.0], ""n_gt"": 1, ""n_matched"": 0}",0.45
WIN-UPD-DIR-A-002,update,direct,1.0,1.0,1.0,1.0,spec,True,0okaGdY4n1xulccRQajpyj,1,1,,0.3316231658682227,"{""delta_node_precision"": 1.0, ""delta_node_recall"": 1.0, ""delta_node_f1"": 1.0, ""delta_edge_precision"": 1.0, ""delta_edge_recall"": 1.0, ""delta_edge_f1"": 1.0, ""delta_topology_score"": 1.0}","{""class_match"": 1.0, ""properties"": 1.0}","{""per_pair"": [1.0], ""n_gt"": 1, ""n_matched"": 1}",0.15
WIN-UPD-DIR-A-003,update,direct,0.9573368998403592,0.7222222222222222,0.5285714285714286,0.7360435168780034,spec,True,00Q96FYDLC7A$JCmG1v0oW,1,1,,0.484364764764905,"{""delta_node_precision"": 0.0, ""delta_node_recall"": 0.0, ""delta_node_f1"": 0.0, ""delta_edge_precision"": 1.0, ""delta_edge_recall"": 1.0, ""delta_edge_f1"": 1.0, ""delta_topology_score"": 0.7}","{""class_match"": 1.0, ""properties"": 0.4444444444444444}","{""per_pair"": [0.9573368998403592], ""n_gt"": 1, ""n_matched"": 1}",0.23
WIN-UPD-DIR-R-001,update,direct,0.0,0.0,0.0,0.0,spec,False,,1,0,,3.8093702336773276,"{""delta_node_precision"": 0.0, ""delta_node_recall"": 0.0, ""delta_node_f1"": 0.0, ""delta_edge_precision"": 0.0, ""delta_edge_recall"": 0.0, ""delta_edge_f1"": 0.0, ""delta_topology_score"": 0.0}","{""class_match"": 0.0, ""properties"": 0.0}","{""per_pair"": [0.0], ""n_gt"": 1, ""n_matched"": 0}",16.1
WIN-UPD-DIR-R-002,update,direct,0.7467425032093806,1.0,0.0,0.5822475010697935,spec,True,3nIe_FFgf4Vg9OnX4KtvkQ,1,1,,138.43815965624526,"{""delta_node_precision"": 0.0, ""delta_node_recall"": 0.0, ""delta_node_f1"": 0.0, ""delta_edge_precision"": 0.0, ""delta_edge_recall"": 0.0, ""delta_edge_f1"": 0.0, ""delta_topology_score"": 0.0}","{""class_match"": 1.0, ""properties"": 1.0}","{""per_pair"": [0.7467425032093806], ""n_gt"": 1, ""n_matched"": 1}",161.43
WIN-UPD-DIR-R-003,update,direct,0.9585829075409844,0.6875,0.5285714285714286,0.7248847787041376,spec,True,2JsRSBbh53LeGcXsUnFg8G,1,1,,5.374535301234573,"{""delta_node_precision"": 0.0, ""delta_node_recall"": 0.0, ""delta_node_f1"": 0.0, ""delta_edge_precision"": 1.0, ""delta_edge_recall"": 1.0, ""delta_edge_f1"": 1.0, ""delta_topology_score"": 0.7}","{""class_match"": 1.0, ""properties"": 0.375}","{""per_pair"": [0.9585829075409844], ""n_gt"": 1, ""n_matched"": 1}",5.33
WIN-UPD-SPA-A-001,update,spatial,0.0,0.0,0.0,0.0,spec,False,,1,0,,0.21757138473913074,"{""delta_node_precision"": 0.0, ""delta_node_recall"": 0.0, ""delta_node_f1"": 0.0, ""delta_edge_precision"": 0.0, ""delta_edge_recall"": 0.0, ""delta_edge_f1"": 0.0, ""delta_topology_score"": 0.0}","{""class_match"": 0.0, ""properties"": 0.0}","{""per_pair"": [0.0], ""n_gt"": 1, ""n_matched"": 0}",0.45
WIN-UPD-SPA-A-002,update,spatial,0.0,0.0,0.0,0.0,spec,False,,1,0,,0.23923740535974503,"{""delta_node_precision"": 0.0, ""delta_node_recall"": 0.0, ""delta_node_f1"": 0.0, ""delta_edge_precision"": 0.0, ""delta_edge_recall"": 0.0, ""delta_edge_f1"": 0.0, ""delta_topology_score"": 0.0}","{""class_match"": 0.0, ""properties"": 0.0}","{""per_pair"": [0.0], ""n_gt"": 1, ""n_matched"": 0}",0.15
WIN-UPD-SPA-A-003,update,spatial,0.9573368998403592,0.7222222222222222,0.5285714285714286,0.7360435168780034,spec,True,00Q96FYDLC7A$JCmG1v0oW,1,1,,0.29287589993327856,"{""delta_node_precision"": 0.0, ""delta_node_recall"": 0.0, ""delta_node_f1"": 0.0, ""delta_edge_precision"": 1.0, ""delta_edge_recall"": 1.0, ""delta_edge_f1"": 1.0, ""delta_topology_score"": 0.7}","{""class_match"": 1.0, ""properties"": 0.4444444444444444}","{""per_pair"": [0.9573368998403592], ""n_gt"": 1, ""n_matched"": 1}",0.23
WIN-UPD-SPA-R-001,update,spatial,0.0,0.0,0.0,0.0,spec,False,,1,0,,1.5422454411163926,"{""delta_node_precision"": 0.0, ""delta_node_recall"": 0.0, ""delta_node_f1"": 0.0, ""delta_edge_precision"": 0.0, ""delta_edge_recall"": 0.0, ""delta_edge_f1"": 0.0, ""delta_topology_score"": 0.0}","{""class_match"": 0.0, ""properties"": 0.0}","{""per_pair"": [0.0], ""n_gt"": 1, ""n_matched"": 0}",16.1
WIN-UPD-SPA-R-002,update,spatial,0.7467425032093806,1.0,0.0,0.5822475010697935,spec,True,3nIe_FFgf4Vg9OnX4KtvkQ,1,1,,52.92755439970642,"{""delta_node_precision"": 0.0, ""delta_node_recall"": 0.0, ""delta_node_f1"": 0.0, ""delta_edge_precision"": 0.0, ""delta_edge_recall"": 0.0, ""delta_edge_f1"": 0.0, ""delta_topology_score"": 0.0}","{""class_match"": 1.0, ""properties"": 1.0}","{""per_pair"": [0.7467425032093806], ""n_gt"": 1, ""n_matched"": 1}",161.43
WIN-UPD-SPA-R-003,update,spatial,0.9585829075409844,0.6875,0.0,0.5486943025136615,spec,True,2JsRSBbh53LeGcXsUnFg8G,1,1,,2.9277948290109634,"{""delta_node_precision"": 0.0, ""delta_node_recall"": 0.0, ""delta_node_f1"": 0.0, ""delta_edge_precision"": 0.0, ""delta_edge_recall"": 0.0, ""delta_edge_f1"": 0.0, ""delta_topology_score"": 0.0}","{""class_match"": 1.0, ""properties"": 0.375}","{""per_pair"": [0.9585829075409844], ""n_gt"": 1, ""n_matched"": 1}",5.33
WIN-UPD-TOP-A-001,update,topological,0.0,0.0,0.0,0.0,spec,False,,1,0,,0.2174653522670269,"{""delta_node_precision"": 0.0, ""delta_node_recall"": 0.0, ""delta_node_f1"": 0.0, ""delta_edge_precision"": 0.0, ""delta_edge_recall"": 0.0, ""delta_edge_f1"": 0.0, ""delta_topology_score"": 0.0}","{""class_match"": 0.0, ""properties"": 0.0}","{""per_pair"": [0.0], ""n_gt"": 1, ""n_matched"": 0}",0.45
WIN-UPD-TOP-A-002,update,topological,0.0,0.0,0.0,0.0,spec,False,,1,0,,0.24152335384860635,"{""delta_node_precision"": 0.0, ""delta_node_recall"": 0.0, ""delta_node_f1"": 0.0, ""delta_edge_precision"": 0.0, ""delta_edge_recall"": 0.0, ""delta_edge_f1"": 0.0, ""delta_topology_score"": 0.0}","{""class_match"": 0.0, ""properties"": 0.0}","{""per_pair"": [0.0], ""n_gt"": 1, ""n_matched"": 0}",0.15
WIN-UPD-TOP-A-003,update,topological,0.9573368998403592,0.7222222222222222,0.5285714285714286,0.7360435168780034,spec,True,00Q96FYDLC7A$JCmG1v0oW,1,1,,0.3026913646608591,"{""delta_node_precision"": 0.0, ""delta_node_recall"": 0.0, ""delta_node_f1"": 0.0, ""delta_edge_precision"": 1.0, ""delta_edge_recall"": 1.0, ""delta_edge_f1"": 1.0, ""delta_topology_score"": 0.7}","{""class_match"": 1.0, ""properties"": 0.4444444444444444}","{""per_pair"": [0.9573368998403592], ""n_gt"": 1, ""n_matched"": 1}",0.23
WIN-UPD-TOP-R-001,update,topological,0.0,0.0,0.0,0.0,spec,False,,1,0,,1.5818119840696454,"{""delta_node_precision"": 0.0, ""delta_node_recall"": 0.0, ""delta_node_f1"": 0.0, ""delta_edge_precision"": 0.0, ""delta_edge_recall"": 0.0, ""delta_edge_f1"": 0.0, ""delta_topology_score"": 0.0}","{""class_match"": 0.0, ""properties"": 0.0}","{""per_pair"": [0.0], ""n_gt"": 1, ""n_matched"": 0}",16.1
WIN-UPD-TOP-R-002,update,topological,0.7467425032093806,1.0,0.0,0.5822475010697935,spec,True,3nIe_FFgf4Vg9OnX4KtvkQ,1,1,,56.605173867661506,"{""delta_node_precision"": 0.0, ""delta_node_recall"": 0.0, ""delta_node_f1"": 0.0, ""delta_edge_precision"": 0.0, ""delta_edge_recall"": 0.0, ""delta_edge_f1"": 0.0, ""delta_topology_score"": 0.0}","{""class_match"": 1.0, ""properties"": 1.0}","{""per_pair"": [0.7467425032093806], ""n_gt"": 1, ""n_matched"": 1}",161.43
WIN-UPD-TOP-R-003,update,topological,0.9585829075409844,0.6875,0.0,0.5486943025136615,spec,True,2JsRSBbh53LeGcXsUnFg8G,1,1,,2.934626385103911,"{""delta_node_precision"": 0.0, ""delta_node_recall"": 0.0, ""delta_node_f1"": 0.0, ""delta_edge_precision"": 0.0, ""delta_edge_recall"": 0.0, ""delta_edge_f1"": 0.0, ""delta_topology_score"": 0.0}","{""class_match"": 1.0, ""properties"": 0.375}","{""per_pair"": [0.9585829075409844], ""n_gt"": 1, ""n_matched"": 1}",5.33
