task_id,operation,category,geometry,semantics,topology,final_score,gt_source,class_match,best_match_guid,n_reference,n_matched,error,seconds,topology_breakdown,semantics_breakdown,geometry_breakdown,input_mb
COL-CRE-DIR-A-001,create,direct,0.0,0.0,0.0,0.0,diff,False,,1,0,,0.008318572006828617,"{""delta_node_precision"": 0.0, ""delta_node_recall"": 0.0, ""delta_node_f1"": 0.0, ""delta_edge_precision"": 0.0, ""delta_edge_recall"": 0.0, ""delta_edge_f1"": 0.0, ""delta_topology_score"": 0.0}","{""class_match"": 0.0, ""properties"": 0.0}","{""per_pair"": [0.0], ""n_gt"": 1, ""n_matched"": 0}",0.13
COL-CRE-DIR-A-002,create,direct,0.0,0.0,0.0,0.0,diff,False,,1,0,,15.680508385994472,"{""delta_node_precision"": 0.0, ""delta_node_recall"": 0.0, ""delta_node_f1"": 0.0, ""delta_edge_precision"": 0.0, ""delta_edge_recall"": 0.0, ""delta_edge_f1"": 0.0, ""delta_topology_score"": 0.0}","{""class_match"": 0.0, ""properties"": 0.0}","{""per_pair"": [0.0], ""n_gt"": 1, ""n_matched"": 0}",0.12
COL-CRE-DIR-R-001,create,direct,0.0,0.0,0.0,0.0,diff,False,,1,0,,54.78412293200381,"{""delta_node_precision"": 0.0, ""delta_node_recall"": 0.0, ""delta_node_f1"": 0.0, ""delta_edge_precision"": 0.0, ""delta_edge_recall"": 0.0, ""delta_edge_f1"": 0.0, ""delta_topology_score"": 0.0}","{""class_match"": 0.0, ""properties"": 0.0}","{""per_pair"": [0.0], ""n_gt"": 1, ""n_matched"": 0}",348.96
COL-CRE-DIR-R-002,create,direct,0.0,0.0,0.0,0.0,diff,False,,1,0,,1.2109617739988607,"{""delta_node_precision"": 0.0, ""delta_node_recall"": 0.0, ""delta_node_f1"": 0.0, ""delta_edge_precision"": 0.0, ""delta_edge_recall"": 0.0, ""delta_edge_f1"": 0.0, ""delta_topology_score"": 0.0}","{""class_match"": 0.0, ""properties"": 0.0}","{""per_pair"": [0.0], ""n_gt"": 1, ""n_matched"": 0}",5.33
COL-CRE-SPA-A-001,create,spatial,0.0,0.0,0.0,0.0,diff,False,,1,0,,0.008481959994242061,"{""delta_node_precision"": 0.0, ""delta_node_recall"": 0.0, ""delta_node_f1"": 0.0, ""delta_edge_precision"": 0.0, ""delta_edge_recall"": 0.0, ""delta_edge_f1"": 0.0, ""delta_topology_score"": 0.0}","{""class_match"": 0.0, ""properties"": 0.0}","{""per_pair"": [0.0], ""n_gt"": 1, ""n_matched"": 0}",0.13
COL-CRE-SPA-A-002,create,spatial,0.0,0.0,0.0,0.0,diff,False,,1,0,,0.2004339990016888,"{""delta_node_precision"": 0.0, ""delta_node_recall"": 0.0, ""delta_node_f1"": 0.0, ""delta_edge_precision"": 0.0, ""delta_edge_recall"": 0.0, ""delta_edge_f1"": 0.0, ""delta_topology_score"": 0.0}","{""class_match"": 0.0, ""properties"": 0.0}","{""per_pair"": [0.0], ""n_gt"": 1, ""n_matched"": 0}",0.12
COL-CRE-SPA-R-001,create,spatial,0.0,0.0,0.0,0.0,diff,False,,1,0,,24.057277530002466,"{""delta_node_precision"": 0.0, ""delta_node_recall"": 0.0, ""delta_node_f1"": 0.0, ""delta_edge_precision"": 0.0, ""delta_edge_recall"": 0.0, ""delta_edge_f1"": 0.0, ""delta_topology_score"": 0.0}","{""class_match"": 0.0, ""properties"": 0.0}","{""per_pair"": [0.0], ""n_gt"": 1, ""n_matched"": 0}",348.96
COL-CRE-SPA-R-002,create,spatial,0.0,0.0,0.0,0.0,diff,False,,1,0,,0.47766209399560466,"{""delta_node_precision"": 0.0, ""delta_node_recall"": 0.0, ""delta_node_f1"": 0.0, ""delta_edge_precision"": 0.0, ""delta_edge_recall"": 0.0, ""delta_edge_f1"": 0.0, ""delta_topology_score"": 0.0}","{""class_match"": 0.0, ""properties"": 0.0}","{""per_pair"": [0.0], ""n_gt"": 1, ""n_matched"": 0}",5.33
COL-CRE-TOP-A-001,create,topological,0.0,0.0,0.0,0.0,diff,False,,1,0,,0.008450073000858538,"{""delta_node_precision"": 0.0, ""delta_node_recall"": 0.0, ""delta_node_f1"": 0.0, ""delta_edge_precision"": 0.0, ""delta_edge_recall"": 0.0, ""delta_edge_f1"": 0.0, ""delta_topology_score"": 0.0}","{""class_match"": 0.0, ""properties"": 0.0}","{""per_pair"": [0.0], ""n_gt"": 1, ""n_matched"": 0}",0.13
COL-CRE-TOP-A-002,create,topological,0.0,0.0,0.0,0.0,diff,False,,1,0,,0.02133861599577358,"{""delta_node_precision"": 0.0, ""delta_node_recall"": 0.0, ""delta_node_f1"": 0.0, ""delta_edge_precision"": 0.0, ""delta_edge_recall"": 0.0, ""delta_edge_f1"": 0.0, ""delta_topology_score"": 0.0}","{""class_match"": 0.0, ""properties"": 0.0}","{""per_pair"": [0.0], ""n_gt"": 1, ""n_matched"": 0}",0.12
COL-CRE-TOP-R-001,create,topological,0.0,0.0,0.0,0.0,diff,False,,1,0,,29.417631528995116,"{""delta_node_precision"": 0.0, ""delta_node_recall"": 0.0, ""delta_node_f1"": 0.0, ""delta_edge_precision"": 0.0, ""delta_edge_recall"": 0.0, ""delta_edge_f1"": 0.0, ""delta_topology_score"": 0.0}","{""class_match"": 0.0, ""properties"": 0.0}","{""per_pair"": [0.0], ""n_gt"": 1, ""n_matched"": 0}",348.96
COL-CRE-TOP-R-002,create,topological,0.0,0.0,0.0,0.0,diff,False,,1,0,,0.4950375010012067,"{""delta_node_precision"": 0.0, ""delta_node_recall"": 0.0, ""delta_node_f1"": 0.0, ""delta_edge_precision"": 0.0, ""delta_edge_recall"": 0.0, ""delta_edge_f1"": 0.0, ""delta_topology_score"": 0.0}","{""class_match"": 0.0, ""properties"": 0.0}","{""per_pair"": [0.0], ""n_gt"": 1, ""n_matched"": 0}",5.33
COL-DEL-DIR-A-001,delete,direct,0.0,1.0,0.0,0.3333333333333333,spec,False,,1,0,,0.02366734699899098,"{""delta_node_precision"": 0.0, ""delta_node_recall"": 0.0, ""delta_node_f1"": 0.0, ""delta_edge_precision"": 0.0, ""delta_edge_recall"": 0.0, ""delta_edge_f1"": 0.0, ""delta_topology_score"": 0.0}","{""class_match"": 1.0, ""properties"": 1.0}","{""per_pair"": [0.0], ""n_gt"": 1, ""n_matched"": 0}",0.13
COL-DEL-DIR-A-002,delete,direct,0.0,1.0,0.0,0.3333333333333333,spec,False,,1,0,,0.04417604199989,"{""delta_node_precision"": 0.0, ""delta_node_recall"": 0.0, ""delta_node_f1"": 0.0, ""delta_edge_precision"": 0.0, ""delta_edge_recall"": 0.0, ""delta_edge_f1"": 0.0, ""delta_topology_score"": 0.0}","{""class_match"": 1.0, ""properties"": 1.0}","{""per_pair"": [0.0], ""n_gt"": 1, ""n_matched"": 0}",0.14
COL-DEL-DIR-R-001,delete,direct,0.0,1.0,0.0,0.3333333333333333,spec,False,,1,0,,73.3801578010025,"{""delta_node_precision"": 0.0, ""delta_node_recall"": 0.0, ""delta_node_f1"": 0.0, ""delta_edge_precision"": 0.0, ""delta_edge_recall"": 0.0, ""delta_edge_f1"": 0.0, ""delta_topology_score"": 0.0}","{""class_match"": 1.0, ""properties"": 1.0}","{""per_pair"": [0.0], ""n_gt"": 1, ""n_matched"": 0}",349.08
COL-DEL-DIR-R-002,delete,direct,0.0,1.0,0.0,0.3333333333333333,spec,False,,1,0,,2.1843175619942485,"{""delta_node_precision"": 0.0, ""delta_node_recall"": 0.0, ""delta_node_f1"": 0.0, ""delta_edge_precision"": 0.0, ""delta_edge_recall"": 0.0, ""delta_edge_f1"": 0.0, ""delta_topology_score"": 0.0}","{""class_match"": 1.0, ""properties"": 1.0}","{""per_pair"": [0.0], ""n_gt"": 1, ""n_matched"": 0}",5.33
COL-DEL-SPA-A-001,delete,spatial,0.0,1.0,0.0,0.3333333333333333,spec,False,,1,0,,0.010277624001901131,"{""delta_node_precision"": 0.0, ""delta_node_recall"": 0.0, ""delta_node_f1"": 0.0, ""delta_edge_precision"": 0.0, ""delta_edge_recall"": 0.0, ""delta_edge_f1"": 0.0, ""delta_topology_score"": 0.0}","{""class_match"": 1.0, ""properties"": 1.0}","{""per_pair"": [0.0], ""n_gt"": 1, ""n_matched"": 0}",0.13
COL-DEL-SPA-A-002,delete,spatial,0.0,1.0,0.0,0.3333333333333333,spec,False,,1,0,,0.013118594004481565,"{""delta_node_precision"": 0.0, ""delta_node_recall"": 0.0, ""delta_node_f1"": 0.0, ""delta_edge_precision"": 0.0, ""delta_edge_recall"": 0.0, ""delta_edge_f1"": 0.0, ""delta_topology_score"": 0.0}","{""class_match"": 1.0, ""properties"": 1.0}","{""per_pair"": [0.0], ""n_gt"": 1, ""n_matched"": 0}",0.14
COL-DEL-SPA-R-001,delete,spatial,0.0,1.0,0.0,0.3333333333333333,spec,False,,1,0,,41.37541213100485,"{""delta_node_precision"": 0.0, ""delta_node_recall"": 0.0, ""delta_node_f1"": 0.0, ""delta_edge_precision"": 0.0, ""delta_edge_recall"": 0.0, ""delta_edge_f1"": 0.0, ""delta_topology_score"": 0.0}","{""class_match"": 1.0, ""properties"": 1.0}","{""per_pair"": [0.0], ""n_gt"": 1, ""n_matched"": 0}",349.08
COL-DEL-SPA-R-002,delete,spatial,0.0,1.0,0.0,0.3333333333333333,spec,False,,1,0,,0.6458538229999249,"{""delta_node_precision"": 0.0, ""delta_node_recall"": 0.0, ""delta_node_f1"": 0.0, ""delta_edge_precision"": 0.0, ""delta_edge_recall"": 0.0, ""delta_edge_f1"": 0.0, ""delta_topology_score"": 0.0}","{""class_match"": 1.0, ""properties"": 1.0}","{""per_pair"": [0.0], ""n_gt"": 1, ""n_matched"": 0}",5.33
COL-DEL-TOP-A-001,delete,topological,0.0,1.0,0.0,0.3333333333333333,spec,False,,1,0,,0.010157982003875077,"{""delta_node_precision"": 0.0, ""delta_node_recall"": 0.0, ""delta_node_f1"": 0.0, ""delta_edge_precision"": 0.0, ""delta_edge_recall"": 0.0, ""delta_edge_f1"": 0.0, ""delta_topology_score"": 0.0}","{""class_match"": 1.0, ""properties"": 1.0}","{""per_pair"": [0.0], ""n_gt"": 1, ""n_matched"": 0}",0.13
COL-DEL-TOP-A-002,delete,topological,0.0,1.0,0.0,0.3333333333333333,spec,False,,1,0,,0.011985953002294991,"{""delta_node_precision"": 0.0, ""delta_node_recall"": 0.0, ""delta_node_f1"": 0.0, ""delta_edge_precision"": 0.0, ""delta_edge_recall"": 0.0, ""delta_edge_f1"": 0.0, ""delta_topology_score"": 0.0}","{""class_match"": 1.0, ""properties"": 1.0}","{""per_pair"": [0.0], ""n_gt"": 1, ""n_matched"": 0}",0.14
COL-DEL-TOP-R-001,delete,topological,0.0,1.0,0.0,0.3333333333333333,spec,False,,1,0,,41.47792751600355,"{""delta_node_precision"": 0.0, ""delta_node_recall"": 0.0, ""delta_node_f1"": 0.0, ""delta_edge_precision"": 0.0, ""delta_edge_recall"": 0.0, ""delta_edge_f1"": 0.0, ""delta_topology_score"": 0.0}","{""class_match"": 1.0, ""properties"": 1.0}","{""per_pair"": [0.0], ""n_gt"": 1, ""n_matched"": 0}",349.08
COL-DEL-TOP-R-002,delete,topological,0.0,1.0,0.0,0.3333333333333333,spec,False,,1,0,,0.6035833630012348,"{""delta_node_precision"": 0.0, ""delta_node_recall"": 0.0, ""delta_node_f1"": 0.0, ""delta_edge_precision"": 0.0, ""delta_edge_recall"": 0.0, ""delta_edge_f1"": 0.0, ""delta_topology_score"": 0.0}","{""class_match"": 1.0, ""properties"": 1.0}","{""per_pair"": [0.0], ""n_gt"": 1, ""n_matched"": 0}",5.33
COL-UPD-DIR-A-001,update,direct,0.0,0.0,0.0,0.0,spec,False,,1,0,,0.0197701959987171,"{""delta_node_precision"": 0.0, ""delta_node_recall"": 0.0, ""delta_node_f1"": 0.0, ""delta_edge_precision"": 0.0, ""delta_edge_recall"": 0.0, ""delta_edge_f1"": 0.0, ""delta_topology_score"": 0.0}","{""class_match"": 0.0, ""properties"": 0.0}","{""per_pair"": [0.0], ""n_gt"": 1, ""n_matched"": 0}",0.14
COL-UPD-DIR-A-002,update,direct,0.0,0.0,0.0,0.0,spec,False,,1,0,,0.15406093800265808,"{""delta_node_precision"": 0.0, ""delta_node_recall"": 0.0, ""delta_node_f1"": 0.0, ""delta_edge_precision"": 0.0, ""delta_edge_recall"": 0.0, ""delta_edge_f1"": 0.0, ""delta_topology_score"": 0.0}","{""class_match"": 0.0, ""properties"": 0.0}","{""per_pair"": [0.0], ""n_gt"": 1, ""n_matched"": 0}",0.22
COL-UPD-DIR-R-001,update,direct,0.7561368534483742,1.0,0.5285714285714286,0.7615694273399343,spec,True,16lgaIqan5BeMYyMYTHdSc,1,1,,65.01501859400014,"{""delta_node_precision"": 0.0, ""delta_node_recall"": 0.0, ""delta_node_f1"": 0.0, ""delta_edge_precision"": 1.0, ""delta_edge_recall"": 1.0, ""delta_edge_f1"": 1.0, ""delta_topology_score"": 0.7}","{""class_match"": 1.0, ""properties"": 1.0}","{""per_pair"": [0.7561368534483742], ""n_gt"": 1, ""n_matched"": 1}",349.08
COL-UPD-DIR-R-002,update,direct,0.0,0.0,0.0,0.0,spec,False,,1,0,,1.221617873001378,"{""delta_node_precision"": 0.0, ""delta_node_recall"": 0.0, ""delta_node_f1"": 0.0, ""delta_edge_precision"": 0.0, ""delta_edge_recall"": 0.0, ""delta_edge_f1"": 0.0, ""delta_topology_score"": 0.0}","{""class_match"": 0.0, ""properties"": 0.0}","{""per_pair"": [0.0], ""n_gt"": 1, ""n_matched"": 0}",5.33
COL-UPD-SPA-A-001,update,spatial,0.0,0.0,0.0,0.0,spec,False,,1,0,,0.013659677999385167,"{""delta_node_precision"": 0.0, ""delta_node_recall"": 0.0, ""delta_node_f1"": 0.0, ""delta_edge_precision"": 0.0, ""delta_edge_recall"": 0.0, ""delta_edge_f1"": 0.0, ""delta_topology_score"": 0.0}","{""class_match"": 0.0, ""properties"": 0.0}","{""per_pair"": [0.0], ""n_gt"": 1, ""n_matched"": 0}",0.14
COL-UPD-SPA-A-002,update,spatial,0.0,0.0,0.0,0.0,spec,False,,1,0,,0.017881431995192543,"{""delta_node_precision"": 0.0, ""delta_node_recall"": 0.0, ""delta_node_f1"": 0.0, ""delta_edge_precision"": 0.0, ""delta_edge_recall"": 0.0, ""delta_edge_f1"": 0.0, ""delta_topology_score"": 0.0}","{""class_match"": 0.0, ""properties"": 0.0}","{""per_pair"": [0.0], ""n_gt"": 1, ""n_matched"": 0}",0.22
COL-UPD-SPA-R-001,update,spatial,0.7561368534483742,1.0,0.5285714285714286,0.7615694273399343,spec,True,16lgaIqan5BeMYyMYTHdSc,1,1,,36.7931127280026,"{""delta_node_precision"": 0.0, ""delta_node_recall"": 0.0, ""delta_node_f1"": 0.0, ""delta_edge_precision"": 1.0, ""delta_edge_recall"": 1.0, ""delta_edge_f1"": 1.0, ""delta_topology_score"": 0.7}","{""class_match"": 1.0, ""properties"": 1.0}","{""per_pair"": [0.7561368534483742], ""n_gt"": 1, ""n_matched"": 1}",349.08
COL-UPD-SPA-R-002,update,spatial,0.0,0.0,0.0,0.0,spec,False,,1,0,,0.600168909993954,"{""delta_node_precision"": 0.0, ""delta_node_recall"": 0.0, ""delta_node_f1"": 0.0, ""delta_edge_precision"": 0.0, ""delta_edge_recall"": 0.0, ""delta_edge_f1"": 0.0, ""delta_topology_score"": 0.0}","{""class_match"": 0.0, ""properties"": 0.0}","{""per_pair"": [0.0], ""n_gt"": 1, ""n_matched"": 0}",5.33
COL-UPD-TOP-A-001,update,topological,0.0,0.0,0.0,0.0,spec,False,,1,0,,0.01415825099684298,"{""delta_node_precision"": 0.0, ""delta_node_recall"": 0.0, ""delta_node_f1"": 0.0, ""delta_edge_precision"": 0.0, ""delta_edge_recall"": 0.0, ""delta_edge_f1"": 0.0, ""delta_topology_score"": 0.0}","{""class_match"": 0.0, ""properties"": 0.0}","{""per_pair"": [0.0], ""n_gt"": 1, ""n_matched"": 0}",0.14
COL-UPD-TOP-A-002,update,topological,0.0,0.0,0.0,0.0,spec,False,,1,0,,0.017517388994747307,"{""delta_node_precision"": 0.0, ""delta_node_recall"": 0.0, ""delta_node_f1"": 0.0, ""delta_edge_precision"": 0.0, ""delta_edge_recall"": 0.0, ""delta_edge_f1"": 0.0, ""delta_topology_score"": 0.0}","{""class_match"": 0.0, ""properties"": 0.0}","{""per_pair"": [0.0], ""n_gt"": 1, ""n_matched"": 0}",0.22
COL-UPD-TOP-R-001,update,topological,0.7561368534483742,1.0,0.5285714285714286,0.7615694273399343,spec,True,16lgaIqan5BeMYyMYTHdSc,1,1,,39.34304790999886,"{""delta_node_precision"": 0.0, ""delta_node_recall"": 0.0, ""delta_node_f1"": 0.0, ""delta_edge_precision"": 1.0, ""delta_edge_recall"": 1.0, ""delta_edge_f1"": 1.0, ""delta_topology_score"": 0.7}","{""class_match"": 1.0, ""properties"": 1.0}","{""per_pair"": [0.7561368534483742], ""n_gt"": 1, ""n_matched"": 1}",349.08
COL-UPD-TOP-R-002,update,topological,0.0,0.0,0.0,0.0,spec,False,,1,0,,0.6063373970027897,"{""delta_node_precision"": 0.0, ""delta_node_recall"": 0.0, ""delta_node_f1"": 0.0, ""delta_edge_precision"": 0.0, ""delta_edge_recall"": 0.0, ""delta_edge_f1"": 0.0, ""delta_topology_score"": 0.0}","{""class_match"": 0.0, ""properties"": 0.0}","{""per_pair"": [0.0], ""n_gt"": 1, ""n_matched"": 0}",5.33
DOR-CRE-DIR-A-001,create,direct,0.0,0.0,0.0,0.0,diff,False,,1,0,,0.20920733499951893,"{""delta_node_precision"": 0.0, ""delta_node_recall"": 0.0, ""delta_node_f1"": 0.0, ""delta_edge_precision"": 0.0, ""delta_edge_recall"": 0.0, ""delta_edge_f1"": 0.0, ""delta_topology_score"": 0.0}","{""class_match"": 0.0, ""properties"": 0.0}","{""per_pair"": [0.0], ""n_gt"": 1, ""n_matched"": 0}",0.41
DOR-CRE-DIR-A-002,create,direct,0.0,0.0,0.0,0.0,diff,False,,1,0,,0.09560327700455673,"{""delta_node_precision"": 0.0, ""delta_node_recall"": 0.0, ""delta_node_f1"": 0.0, ""delta_edge_precision"": 0.0, ""delta_edge_recall"": 0.0, ""delta_edge_f1"": 0.0, ""delta_topology_score"": 0.0}","{""class_match"": 0.0, ""properties"": 0.0}","{""per_pair"": [0.0], ""n_gt"": 1, ""n_matched"": 0}",0.2
DOR-CRE-DIR-A-003,create,direct,0.0,0.0,0.0,0.0,diff,False,,1,0,,0.08785509700101102,"{""delta_node_precision"": 0.0, ""delta_node_recall"": 0.0, ""delta_node_f1"": 0.0, ""delta_edge_precision"": 0.0, ""delta_edge_recall"": 0.0, ""delta_edge_f1"": 0.0, ""delta_topology_score"": 0.0}","{""class_match"": 0.0, ""properties"": 0.0}","{""per_pair"": [0.0], ""n_gt"": 1, ""n_matched"": 0}",0.14
DOR-CRE-DIR-R-001,create,direct,0.0,0.0,0.0,0.0,diff,False,,1,0,,2.6476769379951293,"{""delta_node_precision"": 0.0, ""delta_node_recall"": 0.0, ""delta_node_f1"": 0.0, ""delta_edge_precision"": 0.0, ""delta_edge_recall"": 0.0, ""delta_edge_f1"": 0.0, ""delta_topology_score"": 0.0}","{""class_match"": 0.0, ""properties"": 0.0}","{""per_pair"": [0.0], ""n_gt"": 1, ""n_matched"": 0}",16.1
DOR-CRE-DIR-R-002,create,direct,0.0,0.0,0.0,0.0,diff,False,,1,0,,0.963022253003146,"{""delta_node_precision"": 0.0, ""delta_node_recall"": 0.0, ""delta_node_f1"": 0.0, ""delta_edge_precision"": 0.0, ""delta_edge_recall"": 0.0, ""delta_edge_f1"": 0.0, ""delta_topology_score"": 0.0}","{""class_match"": 0.0, ""properties"": 0.0}","{""per_pair"": [0.0], ""n_gt"": 1, ""n_matched"": 0}",5.32
DOR-CRE-DIR-R-003,create,direct,0.0,0.0,0.0,0.0,diff,False,,1,0,,15.095843756003887,"{""delta_node_precision"": 0.0, ""delta_node_recall"": 0.0, ""delta_node_f1"": 0.0, ""delta_edge_precision"": 0.0, ""delta_edge_recall"": 0.0, ""delta_edge_f1"": 0.0, ""delta_topology_score"": 0.0}","{""class_match"": 0.0, ""properties"": 0.0}","{""per_pair"": [0.0], ""n_gt"": 1, ""n_matched"": 0}",5.26
DOR-CRE-SPA-A-001,create,spatial,0.0,0.0,0.0,0.0,diff,False,,1,0,,0.043137771004694514,"{""delta_node_precision"": 0.0, ""delta_node_recall"": 0.0, ""delta_node_f1"": 0.0, ""delta_edge_precision"": 0.0, ""delta_edge_recall"": 0.0, ""delta_edge_f1"": 0.0, ""delta_topology_score"": 0.0}","{""class_match"": 0.0, ""properties"": 0.0}","{""per_pair"": [0.0], ""n_gt"": 1, ""n_matched"": 0}",0.41
DOR-CRE-SPA-A-002,create,spatial,0.0,0.0,0.0,0.0,diff,False,,1,0,,0.011460359004558995,"{""delta_node_precision"": 0.0, ""delta_node_recall"": 0.0, ""delta_node_f1"": 0.0, ""delta_edge_precision"": 0.0, ""delta_edge_recall"": 0.0, ""delta_edge_f1"": 0.0, ""delta_topology_score"": 0.0}","{""class_match"": 0.0, ""properties"": 0.0}","{""per_pair"": [0.0], ""n_gt"": 1, ""n_matched"": 0}",0.2
DOR-CRE-SPA-A-003,create,spatial,0.0,0.0,0.0,0.0,diff,False,,1,0,,0.009942928998498246,"{""delta_node_precision"": 0.0, ""delta_node_recall"": 0.0, ""delta_node_f1"": 0.0, ""delta_edge_precision"": 0.0, ""delta_edge_recall"": 0.0, ""delta_edge_f1"": 0.0, ""delta_topology_score"": 0.0}","{""class_match"": 0.0, ""properties"": 0.0}","{""per_pair"": [0.0], ""n_gt"": 1, ""n_matched"": 0}",0.14
DOR-CRE-SPA-R-001,create,spatial,0.0,0.0,0.0,0.0,diff,False,,1,0,,1.1827434099977836,"{""delta_node_precision"": 0.0, ""delta_node_recall"": 0.0, ""delta_node_f1"": 0.0, ""delta_edge_precision"": 0.0, ""delta_edge_recall"": 0.0, ""delta_edge_f1"": 0.0, ""delta_topology_score"": 0.0}","{""class_match"": 0.0, ""properties"": 0.0}","{""per_pair"": [0.0], ""n_gt"": 1, ""n_matched"": 0}",16.1
DOR-CRE-SPA-R-002,create,spatial,0.0,0.0,0.0,0.0,diff,False,,1,0,,0.41015992799657397,"{""delta_node_precision"": 0.0, ""delta_node_recall"": 0.0, ""delta_node_f1"": 0.0, ""delta_edge_precision"": 0.0, ""delta_edge_recall"": 0.0, ""delta_edge_f1"": 0.0, ""delta_topology_score"": 0.0}","{""class_match"": 0.0, ""properties"": 0.0}","{""per_pair"": [0.0], ""n_gt"": 1, ""n_matched"": 0}",5.32
DOR-CRE-SPA-R-003,create,spatial,0.0,0.0,0.0,0.0,diff,False,,1,0,,0.8057019930056413,"{""delta_node_precision"": 0.0, ""delta_node_recall"": 0.0, ""delta_node_f1"": 0.0, ""delta_edge_precision"": 0.0, ""delta_edge_recall"": 0.0, ""delta_edge_f1"": 0.0, ""delta_topology_score"": 0.0}","{""class_match"": 0.0, ""properties"": 0.0}","{""per_pair"": [0.0], ""n_gt"": 1, ""n_matched"": 0}",5.26
DOR-CRE-TOP-A-001,create,topological,0.0,0.0,0.0,0.0,diff,False,,1,0,,0.03459287500299979,"{""delta_node_precision"": 0.0, ""delta_node_recall"": 0.0, ""delta_node_f1"": 0.0, ""delta_edge_precision"": 0.0, ""delta_edge_recall"": 0.0, ""delta_edge_f1"": 0.0, ""delta_topology_score"": 0.0}","{""class_match"": 0.0, ""properties"": 0.0}","{""per_pair"": [0.0], ""n_gt"": 1, ""n_matched"": 0}",0.41
DOR-CRE-TOP-A-002,create,topological,0.0,0.0,0.0,0.0,diff,False,,1,0,,0.011002192994055804,"{""delta_node_precision"": 0.0, ""delta_node_recall"": 0.0, ""delta_node_f1"": 0.0, ""delta_edge_precision"": 0.0, ""delta_edge_recall"": 0.0, ""delta_edge_f1"": 0.0, ""delta_topology_score"": 0.0}","{""class_match"": 0.0, ""properties"": 0.0}","{""per_pair"": [0.0], ""n_gt"": 1, ""n_matched"": 0}",0.2
DOR-CRE-TOP-A-003,create,topological,0.0,0.0,0.0,0.0,diff,False,,1,0,,0.00970567799959099,"{""delta_node_precision"": 0.0, ""delta_node_recall"": 0.0, ""delta_node_f1"": 0.0, ""delta_edge_precision"": 0.0, ""delta_edge_recall"": 0.0, ""delta_edge_f1"": 0.0, ""delta_topology_score"": 0.0}","{""class_match"": 0.0, ""properties"": 0.0}","{""per_pair"": [0.0], ""n_gt"": 1, ""n_matched"": 0}",0.14
DOR-CRE-TOP-R-001,create,topological,0.0,0.0,0.0,0.0,diff,False,,1,0,,1.2672412030005944,"{""delta_node_precision"": 0.0, ""delta_node_recall"": 0.0, ""delta_node_f1"": 0.0, ""delta_edge_precision"": 0.0, ""delta_edge_recall"": 0.0, ""delta_edge_f1"": 0.0, ""delta_topology_score"": 0.0}","{""class_match"": 0.0, ""properties"": 0.0}","{""per_pair"": [0.0], ""n_gt"": 1, ""n_matched"": 0}",16.1
DOR-CRE-TOP-R-002,create,topological,0.0,0.0,0.0,0.0,diff,False,,1,0,,0.41605750800226815,"{""delta_node_precision"": 0.0, ""delta_node_recall"": 0.0, ""delta_node_f1"": 0.0, ""delta_edge_precision"": 0.0, ""delta_edge_recall"": 0.0, ""delta_edge_f1"": 0.0, ""delta_topology_score"": 0.0}","{""class_match"": 0.0, ""properties"": 0.0}","{""per_pair"": [0.0], ""n_gt"": 1, ""n_matched"": 0}",5.32
DOR-CRE-TOP-R-003,create,topological,0.0,0.0,0.0,0.0,diff,False,,1,0,,0.6920106059988029,"{""delta_node_precision"": 0.0, ""delta_node_recall"": 0.0, ""delta_node_f1"": 0.0, ""delta_edge_precision"": 0.0, ""delta_edge_recall"": 0.0, ""delta_edge_f1"": 0.0, ""delta_topology_score"": 0.0}","{""class_match"": 0.0, ""properties"": 0.0}","{""per_pair"": [0.0], ""n_gt"": 1, ""n_matched"": 0}",5.26
DOR-DEL-DIR-A-001,delete,direct,0.0,1.0,0.0,0.3333333333333333,spec,False,,1,0,,0.18927852799970424,"{""delta_node_precision"": 0.0, ""delta_node_recall"": 0.0, ""delta_node_f1"": 0.0, ""delta_edge_precision"": 0.0, ""delta_edge_recall"": 0.0, ""delta_edge_f1"": 0.0, ""delta_topology_score"": 0.0}","{""class_match"": 1.0, ""properties"": 1.0}","{""per_pair"": [0.0], ""n_gt"": 1, ""n_matched"": 0}",0.14
DOR-DEL-DIR-A-002,delete,direct,0.0,1.0,0.0,0.3333333333333333,spec,False,,1,0,,0.22359895499539562,"{""delta_node_precision"": 0.0, ""delta_node_recall"": 0.0, ""delta_node_f1"": 0.0, ""delta_edge_precision"": 0.0, ""delta_edge_recall"": 0.0, ""delta_edge_f1"": 0.0, ""delta_topology_score"": 0.0}","{""class_match"": 1.0, ""properties"": 1.0}","{""per_pair"": [0.0], ""n_gt"": 1, ""n_matched"": 0}",0.22
DOR-DEL-DIR-R-001,delete,direct,0.0,1.0,0.0,0.3333333333333333,spec,False,,1,0,,6.01389864399971,"{""delta_node_precision"": 0.0, ""delta_node_recall"": 0.0, ""delta_node_f1"": 0.0, ""delta_edge_precision"": 0.0, ""delta_edge_recall"": 0.0, ""delta_edge_f1"": 0.0, ""delta_topology_score"": 0.0}","{""class_match"": 1.0, ""properties"": 1.0}","{""per_pair"": [0.0], ""n_gt"": 1, ""n_matched"": 0}",16.92
DOR-DEL-DIR-R-002,delete,direct,0.0,1.0,0.0,0.3333333333333333,spec,False,,1,0,,2.1603722410000046,"{""delta_node_precision"": 0.0, ""delta_node_recall"": 0.0, ""delta_node_f1"": 0.0, ""delta_edge_precision"": 0.0, ""delta_edge_recall"": 0.0, ""delta_edge_f1"": 0.0, ""delta_topology_score"": 0.0}","{""class_match"": 1.0, ""properties"": 1.0}","{""per_pair"": [0.0], ""n_gt"": 1, ""n_matched"": 0}",5.26
DOR-DEL-SPA-A-001,delete,spatial,0.0,1.0,0.0,0.3333333333333333,spec,False,,1,0,,0.08844026099541225,"{""delta_node_precision"": 0.0, ""delta_node_recall"": 0.0, ""delta_node_f1"": 0.0, ""delta_edge_precision"": 0.0, ""delta_edge_recall"": 0.0, ""delta_edge_f1"": 0.0, ""delta_topology_score"": 0.0}","{""class_match"": 1.0, ""properties"": 1.0}","{""per_pair"": [0.0], ""n_gt"": 1, ""n_matched"": 0}",0.14
DOR-DEL-SPA-A-002,delete,spatial,0.0,1.0,0.0,0.3333333333333333,spec,False,,1,0,,0.0817989480055985,"{""delta_node_precision"": 0.0, ""delta_node_recall"": 0.0, ""delta_node_f1"": 0.0, ""delta_edge_precision"": 0.0, ""delta_edge_recall"": 0.0, ""delta_edge_f1"": 0.0, ""delta_topology_score"": 0.0}","{""class_match"": 1.0, ""properties"": 1.0}","{""per_pair"": [0.0], ""n_gt"": 1, ""n_matched"": 0}",0.22
DOR-DEL-SPA-R-001,delete,spatial,0.0,1.0,0.0,0.3333333333333333,spec,False,,1,0,,2.276433701001224,"{""delta_node_precision"": 0.0, ""delta_node_recall"": 0.0, ""delta_node_f1"": 0.0, ""delta_edge_precision"": 0.0, ""delta_edge_recall"": 0.0, ""delta_edge_f1"": 0.0, ""delta_topology_score"": 0.0}","{""class_match"": 1.0, ""properties"": 1.0}","{""per_pair"": [0.0], ""n_gt"": 1, ""n_matched"": 0}",16.92
DOR-DEL-SPA-R-002,delete,spatial,0.0,1.0,0.0,0.3333333333333333,spec,False,,1,0,,0.7018115379978553,"{""delta_node_precision"": 0.0, ""delta_node_recall"": 0.0, ""delta_node_f1"": 0.0, ""delta_edge_precision"": 0.0, ""delta_edge_recall"": 0.0, ""delta_edge_f1"": 0.0, ""delta_topology_score"": 0.0}","{""class_match"": 1.0, ""properties"": 1.0}","{""per_pair"": [0.0], ""n_gt"": 1, ""n_matched"": 0}",5.26
DOR-DEL-TOP-A-001,delete,topological,0.0,1.0,0.0,0.3333333333333333,spec,False,,1,0,,0.08457242800068343,"{""delta_node_precision"": 0.0, ""delta_node_recall"": 0.0, ""delta_node_f1"": 0.0, ""delta_edge_precision"": 0.0, ""delta_edge_recall"": 0.0, ""delta_edge_f1"": 0.0, ""delta_topology_score"": 0.0}","{""class_match"": 1.0, ""properties"": 1.0}","{""per_pair"": [0.0], ""n_gt"": 1, ""n_matched"": 0}",0.14
DOR-DEL-TOP-A-002,delete,topological,0.0,1.0,0.0,0.3333333333333333,spec,False,,1,0,,0.08232730500458274,"{""delta_node_precision"": 0.0, ""delta_node_recall"": 0.0, ""delta_node_f1"": 0.0, ""delta_edge_precision"": 0.0, ""delta_edge_recall"": 0.0, ""delta_edge_f1"": 0.0, ""delta_topology_score"": 0.0}","{""class_match"": 1.0, ""properties"": 1.0}","{""per_pair"": [0.0], ""n_gt"": 1, ""n_matched"": 0}",0.22
DOR-DEL-TOP-R-001,delete,topological,0.0,1.0,0.0,0.3333333333333333,spec,False,,1,0,,2.2663556289990083,"{""delta_node_precision"": 0.0, ""delta_node_recall"": 0.0, ""delta_node_f1"": 0.0, ""delta_edge_precision"": 0.0, ""delta_edge_recall"": 0.0, ""delta_edge_f1"": 0.0, ""delta_topology_score"": 0.0}","{""class_match"": 1.0, ""properties"": 1.0}","{""per_pair"": [0.0], ""n_gt"": 1, ""n_matched"": 0}",16.92
DOR-DEL-TOP-R-002,delete,topological,0.0,1.0,0.0,0.3333333333333333,spec,False,,1,0,,0.687516982005036,"{""delta_node_precision"": 0.0, ""delta_node_recall"": 0.0, ""delta_node_f1"": 0.0, ""delta_edge_precision"": 0.0, ""delta_edge_recall"": 0.0, ""delta_edge_f1"": 0.0, ""delta_topology_score"": 0.0}","{""class_match"": 1.0, ""properties"": 1.0}","{""per_pair"": [0.0], ""n_gt"": 1, ""n_matched"": 0}",5.26
DOR-UPD-DIR-A-001,update,direct,0.8890910286697021,1.0,0.5285714285714286,0.8058874857470436,spec,True,3weZ9R4j52LPSdY$3bzEMo,1,1,,1.503210103001038,"{""delta_node_precision"": 0.0, ""delta_node_recall"": 0.0, ""delta_node_f1"": 0.0, ""delta_edge_precision"": 1.0, ""delta_edge_recall"": 1.0, ""delta_edge_f1"": 1.0, ""delta_topology_score"": 0.7}","{""class_match"": 1.0, ""properties"": 1.0}","{""per_pair"": [0.8890910286697021], ""n_gt"": 1, ""n_matched"": 1}",0.22
DOR-UPD-DIR-R-001,update,direct,0.4289472292437037,1.0,1.0,0.809649076414568,spec,True,2AGvcvmtT5tuw78WQbzQMZ,1,1,,1.5322166810001363,"{""delta_node_precision"": 1.0, ""delta_node_recall"": 1.0, ""delta_node_f1"": 1.0, ""delta_edge_precision"": 1.0, ""delta_edge_recall"": 1.0, ""delta_edge_f1"": 1.0, ""delta_topology_score"": 1.0}","{""class_match"": 1.0, ""properties"": 1.0}","{""per_pair"": [0.4289472292437037], ""n_gt"": 1, ""n_matched"": 1}",5.26
DOR-UPD-SPA-A-001,update,spatial,0.8890910286697021,1.0,0.5285714285714286,0.8058874857470436,spec,True,3weZ9R4j52LPSdY$3bzEMo,1,1,,0.22634529800416203,"{""delta_node_precision"": 0.0, ""delta_node_recall"": 0.0, ""delta_node_f1"": 0.0, ""delta_edge_precision"": 1.0, ""delta_edge_recall"": 1.0, ""delta_edge_f1"": 1.0, ""delta_topology_score"": 0.7}","{""class_match"": 1.0, ""properties"": 1.0}","{""per_pair"": [0.8890910286697021], ""n_gt"": 1, ""n_matched"": 1}",0.22
DOR-UPD-SPA-R-001,update,spatial,0.9353446244965221,1.0,0.5285714285714286,0.8213053510226502,spec,True,2AGvcvmtT5tuw78WQbzQMZ,1,1,,0.8786741639996762,"{""delta_node_precision"": 0.0, ""delta_node_recall"": 0.0, ""delta_node_f1"": 0.0, ""delta_edge_precision"": 1.0, ""delta_edge_recall"": 1.0, ""delta_edge_f1"": 1.0, ""delta_topology_score"": 0.7}","{""class_match"": 1.0, ""properties"": 1.0}","{""per_pair"": [0.9353446244965221], ""n_gt"": 1, ""n_matched"": 1}",5.26
DOR-UPD-TOP-A-001,update,topological,0.8890910286697021,1.0,0.5285714285714286,0.8058874857470436,spec,True,3weZ9R4j52LPSdY$3bzEMo,1,1,,0.22211303700169083,"{""delta_node_precision"": 0.0, ""delta_node_recall"": 0.0, ""delta_node_f1"": 0.0, ""delta_edge_precision"": 1.0, ""delta_edge_recall"": 1.0, ""delta_edge_f1"": 1.0, ""delta_topology_score"": 0.7}","{""class_match"": 1.0, ""properties"": 1.0}","{""per_pair"": [0.8890910286697021], ""n_gt"": 1, ""n_matched"": 1}",0.22
DOR-UPD-TOP-R-001,update,topological,0.9353446244965221,1.0,0.5285714285714286,0.8213053510226502,spec,True,2AGvcvmtT5tuw78WQbzQMZ,1,1,,0.8831439310015412,"{""delta_node_precision"": 0.0, ""delta_node_recall"": 0.0, ""delta_node_f1"": 0.0, ""delta_edge_precision"": 1.0, ""delta_edge_recall"": 1.0, ""delta_edge_f1"": 1.0, ""delta_topology_score"": 0.7}","{""class_match"": 1.0, ""properties"": 1.0}","{""per_pair"": [0.9353446244965221], ""n_gt"": 1, ""n_matched"": 1}",5.26
ROM-CRE-DIR-A-001,create,direct,0.0,0.0,0.0,0.0,diff,False,,1,0,,0.021041109997895546,"{""delta_node_precision"": 0.0, ""delta_node_recall"": 0.0, ""delta_node_f1"": 0.0, ""delta_edge_precision"": 0.0, ""delta_edge_recall"": 0.0, ""delta_edge_f1"": 0.0, ""delta_topology_score"": 0.0}","{""class_match"": 0.0, ""properties"": 0.0}","{""per_pair"": [0.0], ""n_gt"": 1, ""n_matched"": 0}",0.13
ROM-CRE-DIR-A-002,create,direct,0.0,0.0,0.0,0.0,diff,False,,1,0,,0.03439526700094575,"{""delta_node_precision"": 0.0, ""delta_node_recall"": 0.0, ""delta_node_f1"": 0.0, ""delta_edge_precision"": 0.0, ""delta_edge_recall"": 0.0, ""delta_edge_f1"": 0.0, ""delta_topology_score"": 0.0}","{""class_match"": 0.0, ""properties"": 0.0}","{""per_pair"": [0.0], ""n_gt"": 1, ""n_matched"": 0}",0.14
ROM-CRE-DIR-A-003,create,direct,0.0,0.0,0.0,0.0,diff,False,,1,0,,0.02632927400554763,"{""delta_node_precision"": 0.0, ""delta_node_recall"": 0.0, ""delta_node_f1"": 0.0, ""delta_edge_precision"": 0.0, ""delta_edge_recall"": 0.0, ""delta_edge_f1"": 0.0, ""delta_topology_score"": 0.0}","{""class_match"": 0.0, ""properties"": 0.0}","{""per_pair"": [0.0], ""n_gt"": 1, ""n_matched"": 0}",0.17
ROM-CRE-DIR-A-004,create,direct,0.0,0.0,0.0,0.0,diff,False,,1,0,,0.02314452800055733,"{""delta_node_precision"": 0.0, ""delta_node_recall"": 0.0, ""delta_node_f1"": 0.0, ""delta_edge_precision"": 0.0, ""delta_edge_recall"": 0.0, ""delta_edge_f1"": 0.0, ""delta_topology_score"": 0.0}","{""class_match"": 0.0, ""properties"": 0.0}","{""per_pair"": [0.0], ""n_gt"": 1, ""n_matched"": 0}",0.15
ROM-CRE-DIR-R-001,create,direct,0.0,0.0,0.0,0.0,diff,False,,1,0,,45.846114038999076,"{""delta_node_precision"": 0.0, ""delta_node_recall"": 0.0, ""delta_node_f1"": 0.0, ""delta_edge_precision"": 0.0, ""delta_edge_recall"": 0.0, ""delta_edge_f1"": 0.0, ""delta_topology_score"": 0.0}","{""class_match"": 0.0, ""properties"": 0.0}","{""per_pair"": [0.0], ""n_gt"": 1, ""n_matched"": 0}",148.91
ROM-CRE-DIR-R-002,create,direct,0.0,0.0,0.0,0.0,diff,False,,1,0,,1.0784239349959535,"{""delta_node_precision"": 0.0, ""delta_node_recall"": 0.0, ""delta_node_f1"": 0.0, ""delta_edge_precision"": 0.0, ""delta_edge_recall"": 0.0, ""delta_edge_f1"": 0.0, ""delta_topology_score"": 0.0}","{""class_match"": 0.0, ""properties"": 0.0}","{""per_pair"": [0.0], ""n_gt"": 1, ""n_matched"": 0}",12.15
ROM-CRE-DIR-R-003,create,direct,0.0,0.0,0.0,0.0,diff,False,,1,0,,0.8218059360006009,"{""delta_node_precision"": 0.0, ""delta_node_recall"": 0.0, ""delta_node_f1"": 0.0, ""delta_edge_precision"": 0.0, ""delta_edge_recall"": 0.0, ""delta_edge_f1"": 0.0, ""delta_topology_score"": 0.0}","{""class_match"": 0.0, ""properties"": 0.0}","{""per_pair"": [0.0], ""n_gt"": 1, ""n_matched"": 0}",5.32
ROM-CRE-DIR-R-004,create,direct,0.0,0.0,0.0,0.0,diff,False,,1,0,,1.423648319003405,"{""delta_node_precision"": 0.0, ""delta_node_recall"": 0.0, ""delta_node_f1"": 0.0, ""delta_edge_precision"": 0.0, ""delta_edge_recall"": 0.0, ""delta_edge_f1"": 0.0, ""delta_topology_score"": 0.0}","{""class_match"": 0.0, ""properties"": 0.0}","{""per_pair"": [0.0], ""n_gt"": 1, ""n_matched"": 0}",4.71
ROM-CRE-SPA-A-001,create,spatial,0.0,0.0,0.0,0.0,diff,False,,1,0,,0.007971345003170427,"{""delta_node_precision"": 0.0, ""delta_node_recall"": 0.0, ""delta_node_f1"": 0.0, ""delta_edge_precision"": 0.0, ""delta_edge_recall"": 0.0, ""delta_edge_f1"": 0.0, ""delta_topology_score"": 0.0}","{""class_match"": 0.0, ""properties"": 0.0}","{""per_pair"": [0.0], ""n_gt"": 1, ""n_matched"": 0}",0.13
ROM-CRE-SPA-A-002,create,spatial,0.0,0.0,0.0,0.0,diff,False,,1,0,,0.011530773001140915,"{""delta_node_precision"": 0.0, ""delta_node_recall"": 0.0, ""delta_node_f1"": 0.0, ""delta_edge_precision"": 0.0, ""delta_edge_recall"": 0.0, ""delta_edge_f1"": 0.0, ""delta_topology_score"": 0.0}","{""class_match"": 0.0, ""properties"": 0.0}","{""per_pair"": [0.0], ""n_gt"": 1, ""n_matched"": 0}",0.14
ROM-CRE-SPA-A-003,create,spatial,0.0,0.0,0.0,0.0,diff,False,,1,0,,0.012188765002065338,"{""delta_node_precision"": 0.0, ""delta_node_recall"": 0.0, ""delta_node_f1"": 0.0, ""delta_edge_precision"": 0.0, ""delta_edge_recall"": 0.0, ""delta_edge_f1"": 0.0, ""delta_topology_score"": 0.0}","{""class_match"": 0.0, ""properties"": 0.0}","{""per_pair"": [0.0], ""n_gt"": 1, ""n_matched"": 0}",0.17
ROM-CRE-SPA-A-004,create,spatial,0.0,0.0,0.0,0.0,diff,False,,1,0,,0.010255127999698743,"{""delta_node_precision"": 0.0, ""delta_node_recall"": 0.0, ""delta_node_f1"": 0.0, ""delta_edge_precision"": 0.0, ""delta_edge_recall"": 0.0, ""delta_edge_f1"": 0.0, ""delta_topology_score"": 0.0}","{""class_match"": 0.0, ""properties"": 0.0}","{""per_pair"": [0.0], ""n_gt"": 1, ""n_matched"": 0}",0.15
ROM-CRE-SPA-R-001,create,spatial,0.0,0.0,0.0,0.0,diff,False,,1,0,,15.675819857999159,"{""delta_node_precision"": 0.0, ""delta_node_recall"": 0.0, ""delta_node_f1"": 0.0, ""delta_edge_precision"": 0.0, ""delta_edge_recall"": 0.0, ""delta_edge_f1"": 0.0, ""delta_topology_score"": 0.0}","{""class_match"": 0.0, ""properties"": 0.0}","{""per_pair"": [0.0], ""n_gt"": 1, ""n_matched"": 0}",148.91
ROM-CRE-SPA-R-002,create,spatial,0.0,0.0,0.0,0.0,diff,False,,1,0,,1.086952632998873,"{""delta_node_precision"": 0.0, ""delta_node_recall"": 0.0, ""delta_node_f1"": 0.0, ""delta_edge_precision"": 0.0, ""delta_edge_recall"": 0.0, ""delta_edge_f1"": 0.0, ""delta_topology_score"": 0.0}","{""class_match"": 0.0, ""properties"": 0.0}","{""per_pair"": [0.0], ""n_gt"": 1, ""n_matched"": 0}",12.15
ROM-CRE-SPA-R-003,create,spatial,0.0,0.0,0.0,0.0,diff,False,,1,0,,0.47655084599682596,"{""delta_node_precision"": 0.0, ""delta_node_recall"": 0.0, ""delta_node_f1"": 0.0, ""delta_edge_precision"": 0.0, ""delta_edge_recall"": 0.0, ""delta_edge_f1"": 0.0, ""delta_topology_score"": 0.0}","{""class_match"": 0.0, ""properties"": 0.0}","{""per_pair"": [0.0], ""n_gt"": 1, ""n_matched"": 0}",5.32
ROM-CRE-SPA-R-004,create,spatial,0.0,0.0,0.0,0.0,diff,False,,1,0,,0.510657822000212,"{""delta_node_precision"": 0.0, ""delta_node_recall"": 0.0, ""delta_node_f1"": 0.0, ""delta_edge_precision"": 0.0, ""delta_edge_recall"": 0.0, ""delta_edge_f1"": 0.0, ""delta_topology_score"": 0.0}","{""class_match"": 0.0, ""properties"": 0.0}","{""per_pair"": [0.0], ""n_gt"": 1, ""n_matched"": 0}",4.71
ROM-CRE-TOP-A-001,create,topological,0.0,0.0,0.0,0.0,diff,False,,1,0,,0.00795011000445811,"{""delta_node_precision"": 0.0, ""delta_node_recall"": 0.0, ""delta_node_f1"": 0.0, ""delta_edge_precision"": 0.0, ""delta_edge_recall"": 0.0, ""delta_edge_f1"": 0.0, ""delta_topology_score"": 0.0}","{""class_match"": 0.0, ""properties"": 0.0}","{""per_pair"": [0.0], ""n_gt"": 1, ""n_matched"": 0}",0.13
ROM-CRE-TOP-A-002,create,topological,0.0,0.0,0.0,0.0,diff,False,,1,0,,0.011144103002152406,"{""delta_node_precision"": 0.0, ""delta_node_recall"": 0.0, ""delta_node_f1"": 0.0, ""delta_edge_precision"": 0.0, ""delta_edge_recall"": 0.0, ""delta_edge_f1"": 0.0, ""delta_topology_score"": 0.0}","{""class_match"": 0.0, ""properties"": 0.0}","{""per_pair"": [0.0], ""n_gt"": 1, ""n_matched"": 0}",0.14
ROM-CRE-TOP-A-003,create,topological,0.0,0.0,0.0,0.0,diff,False,,1,0,,0.011861518003570382,"{""delta_node_precision"": 0.0, ""delta_node_recall"": 0.0, ""delta_node_f1"": 0.0, ""delta_edge_precision"": 0.0, ""delta_edge_recall"": 0.0, ""delta_edge_f1"": 0.0, ""delta_topology_score"": 0.0}","{""class_match"": 0.0, ""properties"": 0.0}","{""per_pair"": [0.0], ""n_gt"": 1, ""n_matched"": 0}",0.17
ROM-CRE-TOP-A-004,create,topological,0.0,0.0,0.0,0.0,diff,False,,1,0,,0.010344752998207696,"{""delta_node_precision"": 0.0, ""delta_node_recall"": 0.0, ""delta_node_f1"": 0.0, ""delta_edge_precision"": 0.0, ""delta_edge_recall"": 0.0, ""delta_edge_f1"": 0.0, ""delta_topology_score"": 0.0}","{""class_match"": 0.0, ""properties"": 0.0}","{""per_pair"": [0.0], ""n_gt"": 1, ""n_matched"": 0}",0.15
ROM-CRE-TOP-R-001,create,topological,0.0,0.0,0.0,0.0,diff,False,,1,0,,16.073350327998924,"{""delta_node_precision"": 0.0, ""delta_node_recall"": 0.0, ""delta_node_f1"": 0.0, ""delta_edge_precision"": 0.0, ""delta_edge_recall"": 0.0, ""delta_edge_f1"": 0.0, ""delta_topology_score"": 0.0}","{""class_match"": 0.0, ""properties"": 0.0}","{""per_pair"": [0.0], ""n_gt"": 1, ""n_matched"": 0}",148.91
ROM-CRE-TOP-R-002,create,topological,0.0,0.0,0.0,0.0,diff,False,,1,0,,1.097693308001908,"{""delta_node_precision"": 0.0, ""delta_node_recall"": 0.0, ""delta_node_f1"": 0.0, ""delta_edge_precision"": 0.0, ""delta_edge_recall"": 0.0, ""delta_edge_f1"": 0.0, ""delta_topology_score"": 0.0}","{""class_match"": 0.0, ""properties"": 0.0}","{""per_pair"": [0.0], ""n_gt"": 1, ""n_matched"": 0}",12.15
ROM-CRE-TOP-R-003,create,topological,0.0,0.0,0.0,0.0,diff,False,,1,0,,0.4850336579984287,"{""delta_node_precision"": 0.0, ""delta_node_recall"": 0.0, ""delta_node_f1"": 0.0, ""delta_edge_precision"": 0.0, ""delta_edge_recall"": 0.0, ""delta_edge_f1"": 0.0, ""delta_topology_score"": 0.0}","{""class_match"": 0.0, ""properties"": 0.0}","{""per_pair"": [0.0], ""n_gt"": 1, ""n_matched"": 0}",5.32
ROM-CRE-TOP-R-004,create,topological,0.0,0.0,0.0,0.0,diff,False,,1,0,,0.5162936810011161,"{""delta_node_precision"": 0.0, ""delta_node_recall"": 0.0, ""delta_node_f1"": 0.0, ""delta_edge_precision"": 0.0, ""delta_edge_recall"": 0.0, ""delta_edge_f1"": 0.0, ""delta_topology_score"": 0.0}","{""class_match"": 0.0, ""properties"": 0.0}","{""per_pair"": [0.0], ""n_gt"": 1, ""n_matched"": 0}",4.71
ROM-DEL-DIR-A-001,delete,direct,0.0,1.0,0.0,0.3333333333333333,spec,False,,1,0,,0.034054850999382325,"{""delta_node_precision"": 0.0, ""delta_node_recall"": 0.0, ""delta_node_f1"": 0.0, ""delta_edge_precision"": 0.0, ""delta_edge_recall"": 0.0, ""delta_edge_f1"": 0.0, ""delta_topology_score"": 0.0}","{""class_match"": 1.0, ""properties"": 1.0}","{""per_pair"": [0.0], ""n_gt"": 1, ""n_matched"": 0}",0.13
ROM-DEL-DIR-A-002,delete,direct,0.0,1.0,0.0,0.3333333333333333,spec,False,,1,0,,0.04204500799824018,"{""delta_node_precision"": 0.0, ""delta_node_recall"": 0.0, ""delta_node_f1"": 0.0, ""delta_edge_precision"": 0.0, ""delta_edge_recall"": 0.0, ""delta_edge_f1"": 0.0, ""delta_topology_score"": 0.0}","{""class_match"": 1.0, ""properties"": 1.0}","{""per_pair"": [0.0], ""n_gt"": 1, ""n_matched"": 0}",0.15
ROM-DEL-DIR-A-003,delete,direct,0.0,1.0,0.0,0.3333333333333333,spec,False,,1,0,,0.027275980995909777,"{""delta_node_precision"": 0.0, ""delta_node_recall"": 0.0, ""delta_node_f1"": 0.0, ""delta_edge_precision"": 0.0, ""delta_edge_recall"": 0.0, ""delta_edge_f1"": 0.0, ""delta_topology_score"": 0.0}","{""class_match"": 1.0, ""properties"": 1.0}","{""per_pair"": [0.0], ""n_gt"": 1, ""n_matched"": 0}",0.15
ROM-DEL-DIR-A-004,delete,direct,0.0,1.0,0.0,0.3333333333333333,spec,False,,1,0,,0.03320395899936557,"{""delta_node_precision"": 0.0, ""delta_node_recall"": 0.0, ""delta_node_f1"": 0.0, ""delta_edge_precision"": 0.0, ""delta_edge_recall"": 0.0, ""delta_edge_f1"": 0.0, ""delta_topology_score"": 0.0}","{""class_match"": 1.0, ""properties"": 1.0}","{""per_pair"": [0.0], ""n_gt"": 1, ""n_matched"": 0}",0.14
ROM-DEL-DIR-R-001,delete,direct,0.0,1.0,0.0,0.3333333333333333,spec,False,,1,0,,16.133495860995026,"{""delta_node_precision"": 0.0, ""delta_node_recall"": 0.0, ""delta_node_f1"": 0.0, ""delta_edge_precision"": 0.0, ""delta_edge_recall"": 0.0, ""delta_edge_f1"": 0.0, ""delta_topology_score"": 0.0}","{""class_match"": 1.0, ""properties"": 1.0}","{""per_pair"": [0.0], ""n_gt"": 1, ""n_matched"": 0}",148.92
ROM-DEL-DIR-R-002,delete,direct,1.0,0.0,0.45025811743136973,0.48341937247712324,spec,True,,1,1,,2.5077086180026527,"{""delta_node_precision"": 0.125, ""delta_node_recall"": 1.0, ""delta_node_f1"": 0.2222222222222222, ""delta_edge_precision"": 0.19148936170212766, ""delta_edge_recall"": 1.0, ""delta_edge_f1"": 0.32142857142857145, ""delta_topology_score"": 0.2916666666666667}","{""class_match"": 0.0, ""properties"": 0.0}","{""per_pair"": [1.0], ""n_gt"": 1, ""n_matched"": 1}",12.16
ROM-DEL-DIR-R-003,delete,direct,0.0,1.0,0.0,0.3333333333333333,spec,False,,1,0,,1.2092404319992056,"{""delta_node_precision"": 0.0, ""delta_node_recall"": 0.0, ""delta_node_f1"": 0.0, ""delta_edge_precision"": 0.0, ""delta_edge_recall"": 0.0, ""delta_edge_f1"": 0.0, ""delta_topology_score"": 0.0}","{""class_match"": 1.0, ""properties"": 1.0}","{""per_pair"": [0.0], ""n_gt"": 1, ""n_matched"": 0}",5.33
ROM-DEL-DIR-R-004,delete,direct,0.0,1.0,0.0,0.3333333333333333,spec,False,,1,0,,2.0754465840000194,"{""delta_node_precision"": 0.0, ""delta_node_recall"": 0.0, ""delta_node_f1"": 0.0, ""delta_edge_precision"": 0.0, ""delta_edge_recall"": 0.0, ""delta_edge_f1"": 0.0, ""delta_topology_score"": 0.0}","{""class_match"": 1.0, ""properties"": 1.0}","{""per_pair"": [0.0], ""n_gt"": 1, ""n_matched"": 0}",4.72
ROM-DEL-SPA-A-001,delete,spatial,0.0,1.0,0.0,0.3333333333333333,spec,False,,1,0,,0.011111004001577385,"{""delta_node_precision"": 0.0, ""delta_node_recall"": 0.0, ""delta_node_f1"": 0.0, ""delta_edge_precision"": 0.0, ""delta_edge_recall"": 0.0, ""delta_edge_f1"": 0.0, ""delta_topology_score"": 0.0}","{""class_match"": 1.0, ""properties"": 1.0}","{""per_pair"": [0.0], ""n_gt"": 1, ""n_matched"": 0}",0.13
ROM-DEL-SPA-A-002,delete,spatial,0.0,1.0,0.0,0.3333333333333333,spec,False,,1,0,,0.013158232999558095,"{""delta_node_precision"": 0.0, ""delta_node_recall"": 0.0, ""delta_node_f1"": 0.0, ""delta_edge_precision"": 0.0, ""delta_edge_recall"": 0.0, ""delta_edge_f1"": 0.0, ""delta_topology_score"": 0.0}","{""class_match"": 1.0, ""properties"": 1.0}","{""per_pair"": [0.0], ""n_gt"": 1, ""n_matched"": 0}",0.15
ROM-DEL-SPA-A-003,delete,spatial,0.0,1.0,0.0,0.3333333333333333,spec,False,,1,0,,0.011595461000979412,"{""delta_node_precision"": 0.0, ""delta_node_recall"": 0.0, ""delta_node_f1"": 0.0, ""delta_edge_precision"": 0.0, ""delta_edge_recall"": 0.0, ""delta_edge_f1"": 0.0, ""delta_topology_score"": 0.0}","{""class_match"": 1.0, ""properties"": 1.0}","{""per_pair"": [0.0], ""n_gt"": 1, ""n_matched"": 0}",0.15
ROM-DEL-SPA-A-004,delete,spatial,0.0,1.0,0.0,0.3333333333333333,spec,False,,1,0,,0.015098189003765583,"{""delta_node_precision"": 0.0, ""delta_node_recall"": 0.0, ""delta_node_f1"": 0.0, ""delta_edge_precision"": 0.0, ""delta_edge_recall"": 0.0, ""delta_edge_f1"": 0.0, ""delta_topology_score"": 0.0}","{""class_match"": 1.0, ""properties"": 1.0}","{""per_pair"": [0.0], ""n_gt"": 1, ""n_matched"": 0}",0.14
ROM-DEL-SPA-R-001,delete,spatial,0.0,1.0,0.0,0.3333333333333333,spec,False,,1,0,,16.228597856003034,"{""delta_node_precision"": 0.0, ""delta_node_recall"": 0.0, ""delta_node_f1"": 0.0, ""delta_edge_precision"": 0.0, ""delta_edge_recall"": 0.0, ""delta_edge_f1"": 0.0, ""delta_topology_score"": 0.0}","{""class_match"": 1.0, ""properties"": 1.0}","{""per_pair"": [0.0], ""n_gt"": 1, ""n_matched"": 0}",148.92
ROM-DEL-SPA-R-002,delete,spatial,0.0,1.0,0.0,0.3333333333333333,spec,False,,1,0,,1.035640219997731,"{""delta_node_precision"": 0.0, ""delta_node_recall"": 0.0, ""delta_node_f1"": 0.0, ""delta_edge_precision"": 0.0, ""delta_edge_recall"": 0.0, ""delta_edge_f1"": 0.0, ""delta_topology_score"": 0.0}","{""class_match"": 1.0, ""properties"": 1.0}","{""per_pair"": [0.0], ""n_gt"": 1, ""n_matched"": 0}",12.16
ROM-DEL-SPA-R-003,delete,spatial,0.0,1.0,0.0,0.3333333333333333,spec,False,,1,0,,0.5881797719994211,"{""delta_node_precision"": 0.0, ""delta_node_recall"": 0.0, ""delta_node_f1"": 0.0, ""delta_edge_precision"": 0.0, ""delta_edge_recall"": 0.0, ""delta_edge_f1"": 0.0, ""delta_topology_score"": 0.0}","{""class_match"": 1.0, ""properties"": 1.0}","{""per_pair"": [0.0], ""n_gt"": 1, ""n_matched"": 0}",5.33
ROM-DEL-SPA-R-004,delete,spatial,0.0,1.0,0.0,0.3333333333333333,spec,False,,1,0,,0.6027657379963784,"{""delta_node_precision"": 0.0, ""delta_node_recall"": 0.0, ""delta_node_f1"": 0.0, ""delta_edge_precision"": 0.0, ""delta_edge_recall"": 0.0, ""delta_edge_f1"": 0.0, ""delta_topology_score"": 0.0}","{""class_match"": 1.0, ""properties"": 1.0}","{""per_pair"": [0.0], ""n_gt"": 1, ""n_matched"": 0}",4.72
ROM-DEL-TOP-A-001,delete,topological,0.0,1.0,0.0,0.3333333333333333,spec,False,,1,0,,0.012073898004018702,"{""delta_node_precision"": 0.0, ""delta_node_recall"": 0.0, ""delta_node_f1"": 0.0, ""delta_edge_precision"": 0.0, ""delta_edge_recall"": 0.0, ""delta_edge_f1"": 0.0, ""delta_topology_score"": 0.0}","{""class_match"": 1.0, ""properties"": 1.0}","{""per_pair"": [0.0], ""n_gt"": 1, ""n_matched"": 0}",0.13
ROM-DEL-TOP-A-002,delete,topological,0.0,1.0,0.0,0.3333333333333333,spec,False,,1,0,,0.012239149000379257,"{""delta_node_precision"": 0.0, ""delta_node_recall"": 0.0, ""delta_node_f1"": 0.0, ""delta_edge_precision"": 0.0, ""delta_edge_recall"": 0.0, ""delta_edge_f1"": 0.0, ""delta_topology_score"": 0.0}","{""class_match"": 1.0, ""properties"": 1.0}","{""per_pair"": [0.0], ""n_gt"": 1, ""n_matched"": 0}",0.15
ROM-DEL-TOP-A-003,delete,topological,0.0,1.0,0.0,0.3333333333333333,spec,False,,1,0,,0.012090673997590784,"{""delta_node_precision"": 0.0, ""delta_node_recall"": 0.0, ""delta_node_f1"": 0.0, ""delta_edge_precision"": 0.0, ""delta_edge_recall"": 0.0, ""delta_edge_f1"": 0.0, ""delta_topology_score"": 0.0}","{""class_match"": 1.0, ""properties"": 1.0}","{""per_pair"": [0.0], ""n_gt"": 1, ""n_matched"": 0}",0.15
ROM-DEL-TOP-A-004,delete,topological,0.0,1.0,0.0,0.3333333333333333,spec,False,,1,0,,0.012663916000747122,"{""delta_node_precision"": 0.0, ""delta_node_recall"": 0.0, ""delta_node_f1"": 0.0, ""delta_edge_precision"": 0.0, ""delta_edge_recall"": 0.0, ""delta_edge_f1"": 0.0, ""delta_topology_score"": 0.0}","{""class_match"": 1.0, ""properties"": 1.0}","{""per_pair"": [0.0], ""n_gt"": 1, ""n_matched"": 0}",0.14
ROM-DEL-TOP-R-001,delete,topological,0.0,1.0,0.0,0.3333333333333333,spec,False,,1,0,,15.957605896001041,"{""delta_node_precision"": 0.0, ""delta_node_recall"": 0.0, ""delta_node_f1"": 0.0, ""delta_edge_precision"": 0.0, ""delta_edge_recall"": 0.0, ""delta_edge_f1"": 0.0, ""delta_topology_score"": 0.0}","{""class_match"": 1.0, ""properties"": 1.0}","{""per_pair"": [0.0], ""n_gt"": 1, ""n_matched"": 0}",148.92
ROM-DEL-TOP-R-002,delete,topological,0.0,1.0,0.0,0.3333333333333333,spec,False,,1,0,,1.0399418960005278,"{""delta_node_precision"": 0.0, ""delta_node_recall"": 0.0, ""delta_node_f1"": 0.0, ""delta_edge_precision"": 0.0, ""delta_edge_recall"": 0.0, ""delta_edge_f1"": 0.0, ""delta_topology_score"": 0.0}","{""class_match"": 1.0, ""properties"": 1.0}","{""per_pair"": [0.0], ""n_gt"": 1, ""n_matched"": 0}",12.16
ROM-DEL-TOP-R-003,delete,topological,0.0,1.0,0.0,0.3333333333333333,spec,False,,1,0,,0.5975085600002785,"{""delta_node_precision"": 0.0, ""delta_node_recall"": 0.0, ""delta_node_f1"": 0.0, ""delta_edge_precision"": 0.0, ""delta_edge_recall"": 0.0, ""delta_edge_f1"": 0.0, ""delta_topology_score"": 0.0}","{""class_match"": 1.0, ""properties"": 1.0}","{""per_pair"": [0.0], ""n_gt"": 1, ""n_matched"": 0}",5.33
ROM-DEL-TOP-R-004,delete,topological,0.0,1.0,0.0,0.3333333333333333,spec,False,,1,0,,0.5857519029959803,"{""delta_node_precision"": 0.0, ""delta_node_recall"": 0.0, ""delta_node_f1"": 0.0, ""delta_edge_precision"": 0.0, ""delta_edge_recall"": 0.0, ""delta_edge_f1"": 0.0, ""delta_topology_score"": 0.0}","{""class_match"": 1.0, ""properties"": 1.0}","{""per_pair"": [0.0], ""n_gt"": 1, ""n_matched"": 0}",4.72
ROM-UPD-DIR-A-001,update,direct,0.9494026947404932,1.0,0.0,0.6498008982468311,spec,True,10VmbDUP13YPWiYkMLgRpN,1,1,,0.024652189000335056,"{""delta_node_precision"": 0.0, ""delta_node_recall"": 0.0, ""delta_node_f1"": 0.0, ""delta_edge_precision"": 0.0, ""delta_edge_recall"": 0.0, ""delta_edge_f1"": 0.0, ""delta_topology_score"": 0.0}","{""class_match"": 1.0, ""properties"": 1.0}","{""per_pair"": [0.9494026947404932], ""n_gt"": 1, ""n_matched"": 1}",0.13
ROM-UPD-DIR-A-002,update,direct,0.9595173982526359,1.0,0.0,0.653172466084212,spec,True,1BXMVsL3b4YOpeNFnqRn3h,1,1,,0.032000022001739126,"{""delta_node_precision"": 0.0, ""delta_node_recall"": 0.0, ""delta_node_f1"": 0.0, ""delta_edge_precision"": 0.0, ""delta_edge_recall"": 0.0, ""delta_edge_f1"": 0.0, ""delta_topology_score"": 0.0}","{""class_match"": 1.0, ""properties"": 1.0}","{""per_pair"": [0.9595173982526359], ""n_gt"": 1, ""n_matched"": 1}",0.15
ROM-UPD-DIR-A-003,update,direct,0.9504809759601774,1.0,0.0,0.6501603253200591,spec,True,0TdJ$TWoL2cAeMVD_4_n8b,1,1,,0.04427853399829473,"{""delta_node_precision"": 0.0, ""delta_node_recall"": 0.0, ""delta_node_f1"": 0.0, ""delta_edge_precision"": 0.0, ""delta_edge_recall"": 0.0, ""delta_edge_f1"": 0.0, ""delta_topology_score"": 0.0}","{""class_match"": 1.0, ""properties"": 1.0}","{""per_pair"": [0.9504809759601774], ""n_gt"": 1, ""n_matched"": 1}",0.16
ROM-UPD-DIR-A-004,update,direct,0.9375805700773098,1.0,0.0,0.64586019002577,spec,True,3wxyd75Er8HBGYGI9jDteL,1,1,,0.04713542199897347,"{""delta_node_precision"": 0.0, ""delta_node_recall"": 0.0, ""delta_node_f1"": 0.0, ""delta_edge_precision"": 0.0, ""delta_edge_recall"": 0.0, ""delta_edge_f1"": 0.0, ""delta_topology_score"": 0.0}","{""class_match"": 1.0, ""properties"": 1.0}","{""per_pair"": [0.9375805700773098], ""n_gt"": 1, ""n_matched"": 1}",0.27
ROM-UPD-DIR-R-001,update,direct,0.9524414738185032,1.0,0.0,0.6508138246061678,spec,True,2975y8FcXF2RDxYtSJf7rT,1,1,,34.457987018002314,"{""delta_node_precision"": 0.0, ""delta_node_recall"": 0.0, ""delta_node_f1"": 0.0, ""delta_edge_precision"": 0.0, ""delta_edge_recall"": 0.0, ""delta_edge_f1"": 0.0, ""delta_topology_score"": 0.0}","{""class_match"": 1.0, ""properties"": 1.0}","{""per_pair"": [0.9524414738185032], ""n_gt"": 1, ""n_matched"": 1}",148.92
ROM-UPD-DIR-R-002,update,direct,0.9589060783310778,1.0,0.0,0.652968692777026,spec,True,1fW7pzY$1E$uIfNS1NTuXH,1,1,,3.209595394000644,"{""delta_node_precision"": 0.0, ""delta_node_recall"": 0.0, ""delta_node_f1"": 0.0, ""delta_edge_precision"": 0.0, ""delta_edge_recall"": 0.0, ""delta_edge_f1"": 0.0, ""delta_topology_score"": 0.0}","{""class_match"": 1.0, ""properties"": 1.0}","{""per_pair"": [0.9589060783310778], ""n_gt"": 1, ""n_matched"": 1}",12.16
ROM-UPD-DIR-R-003,update,direct,0.9244438838917916,1.0,0.4714285714285714,0.7986241517734544,spec,True,2pmk7OKR5DZuiLcSbvolRG,1,1,,1.1650860619993182,"{""delta_node_precision"": 1.0, ""delta_node_recall"": 1.0, ""delta_node_f1"": 1.0, ""delta_edge_precision"": 0.0, ""delta_edge_recall"": 0.0, ""delta_edge_f1"": 0.0, ""delta_topology_score"": 0.3}","{""class_match"": 1.0, ""properties"": 1.0}","{""per_pair"": [0.9244438838917916], ""n_gt"": 1, ""n_matched"": 1}",5.33
ROM-UPD-DIR-R-004,update,direct,0.9479787815855903,1.0,0.5285714285714286,0.8255167367190063,spec,True,1FTaCiZdnEZh_RpO3q0nGr,1,1,,1.2278047849977156,"{""delta_node_precision"": 0.0, ""delta_node_recall"": 0.0, ""delta_node_f1"": 0.0, ""delta_edge_precision"": 1.0, ""delta_edge_recall"": 1.0, ""delta_edge_f1"": 1.0, ""delta_topology_score"": 0.7}","{""class_match"": 1.0, ""properties"": 1.0}","{""per_pair"": [0.9479787815855903], ""n_gt"": 1, ""n_matched"": 1}",4.72
ROM-UPD-SPA-A-001,update,spatial,0.9494026947404932,1.0,0.0,0.6498008982468311,spec,True,10VmbDUP13YPWiYkMLgRpN,1,1,,0.018392113997833803,"{""delta_node_precision"": 0.0, ""delta_node_recall"": 0.0, ""delta_node_f1"": 0.0, ""delta_edge_precision"": 0.0, ""delta_edge_recall"": 0.0, ""delta_edge_f1"": 0.0, ""delta_topology_score"": 0.0}","{""class_match"": 1.0, ""properties"": 1.0}","{""per_pair"": [0.9494026947404932], ""n_gt"": 1, ""n_matched"": 1}",0.13
ROM-UPD-SPA-A-002,update,spatial,0.9595173982526359,1.0,0.0,0.653172466084212,spec,True,1BXMVsL3b4YOpeNFnqRn3h,1,1,,0.026252395000483375,"{""delta_node_precision"": 0.0, ""delta_node_recall"": 0.0, ""delta_node_f1"": 0.0, ""delta_edge_precision"": 0.0, ""delta_edge_recall"": 0.0, ""delta_edge_f1"": 0.0, ""delta_topology_score"": 0.0}","{""class_match"": 1.0, ""properties"": 1.0}","{""per_pair"": [0.9595173982526359], ""n_gt"": 1, ""n_matched"": 1}",0.15
ROM-UPD-SPA-A-003,update,spatial,0.9504809759601774,1.0,0.0,0.6501603253200591,spec,True,0TdJ$TWoL2cAeMVD_4_n8b,1,1,,0.02194935699662892,"{""delta_node_precision"": 0.0, ""delta_node_recall"": 0.0, ""delta_node_f1"": 0.0, ""delta_edge_precision"": 0.0, ""delta_edge_recall"": 0.0, ""delta_edge_f1"": 0.0, ""delta_topology_score"": 0.0}","{""class_match"": 1.0, ""properties"": 1.0}","{""per_pair"": [0.9504809759601774], ""n_gt"": 1, ""n_matched"": 1}",0.16
ROM-UPD-SPA-A-004,update,spatial,0.9375805700773098,1.0,0.0,0.64586019002577,spec,True,3wxyd75Er8HBGYGI9jDteL,1,1,,0.026657907001208514,"{""delta_node_precision"": 0.0, ""delta_node_recall"": 0.0, ""delta_node_f1"": 0.0, ""delta_edge_precision"": 0.0, ""delta_edge_recall"": 0.0, ""delta_edge_f1"": 0.0, ""delta_topology_score"": 0.0}","{""class_match"": 1.0, ""properties"": 1.0}","{""per_pair"": [0.9375805700773098], ""n_gt"": 1, ""n_matched"": 1}",0.27
ROM-UPD-SPA-R-001,update,spatial,0.9524414738185032,1.0,0.0,0.6508138246061678,spec,True,2975y8FcXF2RDxYtSJf7rT,1,1,,16.16132906600251,"{""delta_node_precision"": 0.0, ""delta_node_recall"": 0.0, ""delta_node_f1"": 0.0, ""delta_edge_precision"": 0.0, ""delta_edge_recall"": 0.0, ""delta_edge_f1"": 0.0, ""delta_topology_score"": 0.0}","{""class_match"": 1.0, ""properties"": 1.0}","{""per_pair"": [0.9524414738185032], ""n_gt"": 1, ""n_matched"": 1}",148.92
ROM-UPD-SPA-R-002,update,spatial,0.9589060783310778,1.0,0.0,0.652968692777026,spec,True,1fW7pzY$1E$uIfNS1NTuXH,1,1,,1.1647431700039306,"{""delta_node_precision"": 0.0, ""delta_node_recall"": 0.0, ""delta_node_f1"": 0.0, ""delta_edge_precision"": 0.0, ""delta_edge_recall"": 0.0, ""delta_edge_f1"": 0.0, ""delta_topology_score"": 0.0}","{""class_match"": 1.0, ""properties"": 1.0}","{""per_pair"": [0.9589060783310778], ""n_gt"": 1, ""n_matched"": 1}",12.16
ROM-UPD-SPA-R-003,update,spatial,0.9494915955314585,1.0,0.0,0.6498305318438194,spec,True,2pmk7OKR5DZuiLcSbvolRG,1,1,,0.596713983999507,"{""delta_node_precision"": 0.0, ""delta_node_recall"": 0.0, ""delta_node_f1"": 0.0, ""delta_edge_precision"": 0.0, ""delta_edge_recall"": 0.0, ""delta_edge_f1"": 0.0, ""delta_topology_score"": 0.0}","{""class_match"": 1.0, ""properties"": 1.0}","{""per_pair"": [0.9494915955314585], ""n_gt"": 1, ""n_matched"": 1}",5.33
ROM-UPD-SPA-R-004,update,spatial,0.9479787815855903,1.0,0.5285714285714286,0.8255167367190063,spec,True,1FTaCiZdnEZh_RpO3q0nGr,1,1,,0.5924711780025973,"{""delta_node_precision"": 0.0, ""delta_node_recall"": 0.0, ""delta_node_f1"": 0.0, ""delta_edge_precision"": 1.0, ""delta_edge_recall"": 1.0, ""delta_edge_f1"": 1.0, ""delta_topology_score"": 0.7}","{""class_match"": 1.0, ""properties"": 1.0}","{""per_pair"": [0.9479787815855903], ""n_gt"": 1, ""n_matched"": 1}",4.72
ROM-UPD-TOP-A-001,update,topological,0.9494026947404932,1.0,0.0,0.6498008982468311,spec,True,10VmbDUP13YPWiYkMLgRpN,1,1,,0.018045176002488006,"{""delta_node_precision"": 0.0, ""delta_node_recall"": 0.0, ""delta_node_f1"": 0.0, ""delta_edge_precision"": 0.0, ""delta_edge_recall"": 0.0, ""delta_edge_f1"": 0.0, ""delta_topology_score"": 0.0}","{""class_match"": 1.0, ""properties"": 1.0}","{""per_pair"": [0.9494026947404932], ""n_gt"": 1, ""n_matched"": 1}",0.13
ROM-UPD-TOP-A-002,update,topological,0.9595173982526359,1.0,0.0,0.653172466084212,spec,True,1BXMVsL3b4YOpeNFnqRn3h,1,1,,0.026163498994719703,"{""delta_node_precision"": 0.0, ""delta_node_recall"": 0.0, ""delta_node_f1"": 0.0, ""delta_edge_precision"": 0.0, ""delta_edge_recall"": 0.0, ""delta_edge_f1"": 0.0, ""delta_topology_score"": 0.0}","{""class_match"": 1.0, ""properties"": 1.0}","{""per_pair"": [0.9595173982526359], ""n_gt"": 1, ""n_matched"": 1}",0.15
ROM-UPD-TOP-A-003,update,topological,0.9504809759601774,1.0,0.0,0.6501603253200591,spec,True,0TdJ$TWoL2cAeMVD_4_n8b,1,1,,0.021680394995200913,"{""delta_node_precision"": 0.0, ""delta_node_recall"": 0.0, ""delta_node_f1"": 0.0, ""delta_edge_precision"": 0.0, ""delta_edge_recall"": 0.0, ""delta_edge_f1"": 0.0, ""delta_topology_score"": 0.0}","{""class_match"": 1.0, ""properties"": 1.0}","{""per_pair"": [0.9504809759601774], ""n_gt"": 1, ""n_matched"": 1}",0.16
ROM-UPD-TOP-A-004,update,topological,0.9375805700773098,1.0,0.0,0.64586019002577,spec,True,3wxyd75Er8HBGYGI9jDteL,1,1,,0.02709690199844772,"{""delta_node_precision"": 0.0, ""delta_node_recall"": 0.0, ""delta_node_f1"": 0.0, ""delta_edge_precision"": 0.0, ""delta_edge_recall"": 0.0, ""delta_edge_f1"": 0.0, ""delta_topology_score"": 0.0}","{""class_match"": 1.0, ""properties"": 1.0}","{""per_pair"": [0.9375805700773098], ""n_gt"": 1, ""n_matched"": 1}",0.27
ROM-UPD-TOP-R-001,update,topological,0.9524414738185032,1.0,0.0,0.6508138246061678,spec,True,2975y8FcXF2RDxYtSJf7rT,1,1,,16.30938633799815,"{""delta_node_precision"": 0.0, ""delta_node_recall"": 0.0, ""delta_node_f1"": 0.0, ""delta_edge_precision"": 0.0, ""delta_edge_recall"": 0.0, ""delta_edge_f1"": 0.0, ""delta_topology_score"": 0.0}","{""class_match"": 1.0, ""properties"": 1.0}","{""per_pair"": [0.9524414738185032], ""n_gt"": 1, ""n_matched"": 1}",148.92
ROM-UPD-TOP-R-002,update,topological,0.0,0.0,0.0,0.0,spec,False,,1,0,,1.1580221830008668,"{""delta_node_precision"": 0.0, ""delta_node_recall"": 0.0, ""delta_node_f1"": 0.0, ""delta_edge_precision"": 0.0, ""delta_edge_recall"": 0.0, ""delta_edge_f1"": 0.0, ""delta_topology_score"": 0.0}","{""class_match"": 0.0, ""properties"": 0.0}","{""per_pair"": [0.0], ""n_gt"": 1, ""n_matched"": 0}",12.16
ROM-UPD-TOP-R-003,update,topological,0.9494915955314585,1.0,0.0,0.6498305318438194,spec,True,2pmk7OKR5DZuiLcSbvolRG,1,1,,0.6009123629992246,"{""delta_node_precision"": 0.0, ""delta_node_recall"": 0.0, ""delta_node_f1"": 0.0, ""delta_edge_precision"": 0.0, ""delta_edge_recall"": 0.0, ""delta_edge_f1"": 0.0, ""delta_topology_score"": 0.0}","{""class_match"": 1.0, ""properties"": 1.0}","{""per_pair"": [0.9494915955314585], ""n_gt"": 1, ""n_matched"": 1}",5.33
ROM-UPD-TOP-R-004,update,topological,0.9479787815855903,1.0,0.5285714285714286,0.8255167367190063,spec,True,1FTaCiZdnEZh_RpO3q0nGr,1,1,,0.6095179210024071,"{""delta_node_precision"": 0.0, ""delta_node_recall"": 0.0, ""delta_node_f1"": 0.0, ""delta_edge_precision"": 1.0, ""delta_edge_recall"": 1.0, ""delta_edge_f1"": 1.0, ""delta_topology_score"": 0.7}","{""class_match"": 1.0, ""properties"": 1.0}","{""per_pair"": [0.9479787815855903], ""n_gt"": 1, ""n_matched"": 1}",4.72
SLB-CRE-DIR-A-001,create,direct,0.0,0.0,0.0,0.0,diff,False,,1,0,,0.039297463998082094,"{""delta_node_precision"": 0.0, ""delta_node_recall"": 0.0, ""delta_node_f1"": 0.0, ""delta_edge_precision"": 0.0, ""delta_edge_recall"": 0.0, ""delta_edge_f1"": 0.0, ""delta_topology_score"": 0.0}","{""class_match"": 0.0, ""properties"": 0.0}","{""per_pair"": [0.0], ""n_gt"": 1, ""n_matched"": 0}",0.12
SLB-CRE-DIR-A-002,create,direct,0.0,0.0,0.0,0.0,diff,False,,1,0,,0.023451930996088777,"{""delta_node_precision"": 0.0, ""delta_node_recall"": 0.0, ""delta_node_f1"": 0.0, ""delta_edge_precision"": 0.0, ""delta_edge_recall"": 0.0, ""delta_edge_f1"": 0.0, ""delta_topology_score"": 0.0}","{""class_match"": 0.0, ""properties"": 0.0}","{""per_pair"": [0.0], ""n_gt"": 1, ""n_matched"": 0}",0.4
SLB-CRE-DIR-A-003,create,direct,0.0,0.0,0.0,0.0,diff,False,,1,0,,0.01265256899932865,"{""delta_node_precision"": 0.0, ""delta_node_recall"": 0.0, ""delta_node_f1"": 0.0, ""delta_edge_precision"": 0.0, ""delta_edge_recall"": 0.0, ""delta_edge_f1"": 0.0, ""delta_topology_score"": 0.0}","{""class_match"": 0.0, ""properties"": 0.0}","{""per_pair"": [0.0], ""n_gt"": 1, ""n_matched"": 0}",0.02
SLB-CRE-DIR-A-004,create,direct,0.0,0.0,0.0,0.0,diff,False,,1,0,,0.022964743002376053,"{""delta_node_precision"": 0.0, ""delta_node_recall"": 0.0, ""delta_node_f1"": 0.0, ""delta_edge_precision"": 0.0, ""delta_edge_recall"": 0.0, ""delta_edge_f1"": 0.0, ""delta_topology_score"": 0.0}","{""class_match"": 0.0, ""properties"": 0.0}","{""per_pair"": [0.0], ""n_gt"": 1, ""n_matched"": 0}",0.03
SLB-CRE-DIR-R-001,create,direct,0.0,0.0,0.0,0.0,diff,False,,1,0,,4.05316660200333,"{""delta_node_precision"": 0.0, ""delta_node_recall"": 0.0, ""delta_node_f1"": 0.0, ""delta_edge_precision"": 0.0, ""delta_edge_recall"": 0.0, ""delta_edge_f1"": 0.0, ""delta_topology_score"": 0.0}","{""class_match"": 0.0, ""properties"": 0.0}","{""per_pair"": [0.0], ""n_gt"": 1, ""n_matched"": 0}",21.45
SLB-CRE-DIR-R-002,create,direct,0.0,0.0,0.0,0.0,diff,False,,1,0,,25.501294859001064,"{""delta_node_precision"": 0.0, ""delta_node_recall"": 0.0, ""delta_node_f1"": 0.0, ""delta_edge_precision"": 0.0, ""delta_edge_recall"": 0.0, ""delta_edge_f1"": 0.0, ""delta_topology_score"": 0.0}","{""class_match"": 0.0, ""properties"": 0.0}","{""per_pair"": [0.0], ""n_gt"": 1, ""n_matched"": 0}",154.67
SLB-CRE-DIR-R-003,create,direct,0.0,0.0,0.0,0.0,diff,False,,1,0,,0.9638646420062287,"{""delta_node_precision"": 0.0, ""delta_node_recall"": 0.0, ""delta_node_f1"": 0.0, ""delta_edge_precision"": 0.0, ""delta_edge_recall"": 0.0, ""delta_edge_f1"": 0.0, ""delta_topology_score"": 0.0}","{""class_match"": 0.0, ""properties"": 0.0}","{""per_pair"": [0.0], ""n_gt"": 1, ""n_matched"": 0}",5.33
SLB-CRE-DIR-R-004,create,direct,0.0,0.0,0.0,0.0,diff,False,,1,0,,0.7304565930026001,"{""delta_node_precision"": 0.0, ""delta_node_recall"": 0.0, ""delta_node_f1"": 0.0, ""delta_edge_precision"": 0.0, ""delta_edge_recall"": 0.0, ""delta_edge_f1"": 0.0, ""delta_topology_score"": 0.0}","{""class_match"": 0.0, ""properties"": 0.0}","{""per_pair"": [0.0], ""n_gt"": 1, ""n_matched"": 0}",4.73
SLB-CRE-SPA-A-001,create,spatial,0.0,0.0,0.0,0.0,diff,False,,1,0,,0.012563652999233454,"{""delta_node_precision"": 0.0, ""delta_node_recall"": 0.0, ""delta_node_f1"": 0.0, ""delta_edge_precision"": 0.0, ""delta_edge_recall"": 0.0, ""delta_edge_f1"": 0.0, ""delta_topology_score"": 0.0}","{""class_match"": 0.0, ""properties"": 0.0}","{""per_pair"": [0.0], ""n_gt"": 1, ""n_matched"": 0}",0.12
SLB-CRE-SPA-A-002,create,spatial,0.0,0.0,0.0,0.0,diff,False,,1,0,,0.0241285330048413,"{""delta_node_precision"": 0.0, ""delta_node_recall"": 0.0, ""delta_node_f1"": 0.0, ""delta_edge_precision"": 0.0, ""delta_edge_recall"": 0.0, ""delta_edge_f1"": 0.0, ""delta_topology_score"": 0.0}","{""class_match"": 0.0, ""properties"": 0.0}","{""per_pair"": [0.0], ""n_gt"": 1, ""n_matched"": 0}",0.4
SLB-CRE-SPA-A-003,create,spatial,0.0,0.0,0.0,0.0,diff,False,,1,0,,0.0026412459992570803,"{""delta_node_precision"": 0.0, ""delta_node_recall"": 0.0, ""delta_node_f1"": 0.0, ""delta_edge_precision"": 0.0, ""delta_edge_recall"": 0.0, ""delta_edge_f1"": 0.0, ""delta_topology_score"": 0.0}","{""class_match"": 0.0, ""properties"": 0.0}","{""per_pair"": [0.0], ""n_gt"": 1, ""n_matched"": 0}",0.02
SLB-CRE-SPA-A-004,create,spatial,0.0,0.0,0.0,0.0,diff,False,,1,0,,0.0038195209999685176,"{""delta_node_precision"": 0.0, ""delta_node_recall"": 0.0, ""delta_node_f1"": 0.0, ""delta_edge_precision"": 0.0, ""delta_edge_recall"": 0.0, ""delta_edge_f1"": 0.0, ""delta_topology_score"": 0.0}","{""class_match"": 0.0, ""properties"": 0.0}","{""per_pair"": [0.0], ""n_gt"": 1, ""n_matched"": 0}",0.03
SLB-CRE-SPA-R-001,create,spatial,0.0,0.0,0.0,0.0,diff,False,,1,0,,1.746182075003162,"{""delta_node_precision"": 0.0, ""delta_node_recall"": 0.0, ""delta_node_f1"": 0.0, ""delta_edge_precision"": 0.0, ""delta_edge_recall"": 0.0, ""delta_edge_f1"": 0.0, ""delta_topology_score"": 0.0}","{""class_match"": 0.0, ""properties"": 0.0}","{""per_pair"": [0.0], ""n_gt"": 1, ""n_matched"": 0}",21.45
SLB-CRE-SPA-R-002,create,spatial,0.0,0.0,0.0,0.0,diff,False,,1,0,,11.414956754000741,"{""delta_node_precision"": 0.0, ""delta_node_recall"": 0.0, ""delta_node_f1"": 0.0, ""delta_edge_precision"": 0.0, ""delta_edge_recall"": 0.0, ""delta_edge_f1"": 0.0, ""delta_topology_score"": 0.0}","{""class_match"": 0.0, ""properties"": 0.0}","{""per_pair"": [0.0], ""n_gt"": 1, ""n_matched"": 0}",154.67
SLB-CRE-SPA-R-003,create,spatial,0.0,0.0,0.0,0.0,diff,False,,1,0,,0.49817524699756177,"{""delta_node_precision"": 0.0, ""delta_node_recall"": 0.0, ""delta_node_f1"": 0.0, ""delta_edge_precision"": 0.0, ""delta_edge_recall"": 0.0, ""delta_edge_f1"": 0.0, ""delta_topology_score"": 0.0}","{""class_match"": 0.0, ""properties"": 0.0}","{""per_pair"": [0.0], ""n_gt"": 1, ""n_matched"": 0}",5.33
SLB-CRE-SPA-R-004,create,spatial,0.0,0.0,0.0,0.0,diff,False,,1,0,,0.3830105039960472,"{""delta_node_precision"": 0.0, ""delta_node_recall"": 0.0, ""delta_node_f1"": 0.0, ""delta_edge_precision"": 0.0, ""delta_edge_recall"": 0.0, ""delta_edge_f1"": 0.0, ""delta_topology_score"": 0.0}","{""class_match"": 0.0, ""properties"": 0.0}","{""per_pair"": [0.0], ""n_gt"": 1, ""n_matched"": 0}",4.73
SLB-CRE-TOP-A-001,create,topological,0.0,0.0,0.0,0.0,diff,False,,1,0,,0.007687865996558685,"{""delta_node_precision"": 0.0, ""delta_node_recall"": 0.0, ""delta_node_f1"": 0.0, ""delta_edge_precision"": 0.0, ""delta_edge_recall"": 0.0, ""delta_edge_f1"": 0.0, ""delta_topology_score"": 0.0}","{""class_match"": 0.0, ""properties"": 0.0}","{""per_pair"": [0.0], ""n_gt"": 1, ""n_matched"": 0}",0.12
SLB-CRE-TOP-A-002,create,topological,0.0,0.0,0.0,0.0,diff,False,,1,0,,0.0247284020006191,"{""delta_node_precision"": 0.0, ""delta_node_recall"": 0.0, ""delta_node_f1"": 0.0, ""delta_edge_precision"": 0.0, ""delta_edge_recall"": 0.0, ""delta_edge_f1"": 0.0, ""delta_topology_score"": 0.0}","{""class_match"": 0.0, ""properties"": 0.0}","{""per_pair"": [0.0], ""n_gt"": 1, ""n_matched"": 0}",0.4
SLB-CRE-TOP-A-003,create,topological,0.0,0.0,0.0,0.0,diff,False,,1,0,,0.002445309997710865,"{""delta_node_precision"": 0.0, ""delta_node_recall"": 0.0, ""delta_node_f1"": 0.0, ""delta_edge_precision"": 0.0, ""delta_edge_recall"": 0.0, ""delta_edge_f1"": 0.0, ""delta_topology_score"": 0.0}","{""class_match"": 0.0, ""properties"": 0.0}","{""per_pair"": [0.0], ""n_gt"": 1, ""n_matched"": 0}",0.02
SLB-CRE-TOP-A-004,create,topological,0.0,0.0,0.0,0.0,diff,False,,1,0,,0.003200847997504752,"{""delta_node_precision"": 0.0, ""delta_node_recall"": 0.0, ""delta_node_f1"": 0.0, ""delta_edge_precision"": 0.0, ""delta_edge_recall"": 0.0, ""delta_edge_f1"": 0.0, ""delta_topology_score"": 0.0}","{""class_match"": 0.0, ""properties"": 0.0}","{""per_pair"": [0.0], ""n_gt"": 1, ""n_matched"": 0}",0.03
SLB-CRE-TOP-R-001,create,topological,0.0,0.0,0.0,0.0,diff,False,,1,0,,1.9210242949993699,"{""delta_node_precision"": 0.0, ""delta_node_recall"": 0.0, ""delta_node_f1"": 0.0, ""delta_edge_precision"": 0.0, ""delta_edge_recall"": 0.0, ""delta_edge_f1"": 0.0, ""delta_topology_score"": 0.0}","{""class_match"": 0.0, ""properties"": 0.0}","{""per_pair"": [0.0], ""n_gt"": 1, ""n_matched"": 0}",21.45
SLB-CRE-TOP-R-002,create,topological,0.0,0.0,0.0,0.0,diff,False,,1,0,,13.327268733999517,"{""delta_node_precision"": 0.0, ""delta_node_recall"": 0.0, ""delta_node_f1"": 0.0, ""delta_edge_precision"": 0.0, ""delta_edge_recall"": 0.0, ""delta_edge_f1"": 0.0, ""delta_topology_score"": 0.0}","{""class_match"": 0.0, ""properties"": 0.0}","{""per_pair"": [0.0], ""n_gt"": 1, ""n_matched"": 0}",154.67
SLB-CRE-TOP-R-003,create,topological,0.0,0.0,0.0,0.0,diff,False,,1,0,,0.5137661310000112,"{""delta_node_precision"": 0.0, ""delta_node_recall"": 0.0, ""delta_node_f1"": 0.0, ""delta_edge_precision"": 0.0, ""delta_edge_recall"": 0.0, ""delta_edge_f1"": 0.0, ""delta_topology_score"": 0.0}","{""class_match"": 0.0, ""properties"": 0.0}","{""per_pair"": [0.0], ""n_gt"": 1, ""n_matched"": 0}",5.33
SLB-CRE-TOP-R-004,create,topological,0.0,0.0,0.0,0.0,diff,False,,1,0,,0.4135071569980937,"{""delta_node_precision"": 0.0, ""delta_node_recall"": 0.0, ""delta_node_f1"": 0.0, ""delta_edge_precision"": 0.0, ""delta_edge_recall"": 0.0, ""delta_edge_f1"": 0.0, ""delta_topology_score"": 0.0}","{""class_match"": 0.0, ""properties"": 0.0}","{""per_pair"": [0.0], ""n_gt"": 1, ""n_matched"": 0}",4.73
SLB-DEL-DIR-A-001,delete,direct,0.0,1.0,0.0,0.3333333333333333,spec,False,,1,0,,0.07023431400011759,"{""delta_node_precision"": 0.0, ""delta_node_recall"": 0.0, ""delta_node_f1"": 0.0, ""delta_edge_precision"": 0.0, ""delta_edge_recall"": 0.0, ""delta_edge_f1"": 0.0, ""delta_topology_score"": 0.0}","{""class_match"": 1.0, ""properties"": 1.0}","{""per_pair"": [0.0], ""n_gt"": 1, ""n_matched"": 0}",0.12
SLB-DEL-DIR-A-002,delete,direct,1.0,0.0,1.0,0.6666666666666666,spec,True,,1,1,,0.06317142799525755,"{""delta_node_precision"": 1.0, ""delta_node_recall"": 1.0, ""delta_node_f1"": 1.0, ""delta_edge_precision"": 1.0, ""delta_edge_recall"": 1.0, ""delta_edge_f1"": 1.0, ""delta_topology_score"": 1.0}","{""class_match"": 0.0, ""properties"": 0.0}","{""per_pair"": [1.0], ""n_gt"": 1, ""n_matched"": 1}",0.4
SLB-DEL-DIR-A-003,delete,direct,0.0,1.0,0.0,0.3333333333333333,spec,False,,1,0,,25.536198993002472,"{""delta_node_precision"": 0.0, ""delta_node_recall"": 0.0, ""delta_node_f1"": 0.0, ""delta_edge_precision"": 0.0, ""delta_edge_recall"": 0.0, ""delta_edge_f1"": 0.0, ""delta_topology_score"": 0.0}","{""class_match"": 1.0, ""properties"": 1.0}","{""per_pair"": [0.0], ""n_gt"": 1, ""n_matched"": 0}",0.12
SLB-DEL-DIR-A-004,delete,direct,1.0,0.0,0.9038095238095237,0.6346031746031745,spec,True,,1,1,,0.010211075001279823,"{""delta_node_precision"": 1.0, ""delta_node_recall"": 1.0, ""delta_node_f1"": 1.0, ""delta_edge_precision"": 0.6666666666666666, ""delta_edge_recall"": 1.0, ""delta_edge_f1"": 0.8, ""delta_topology_score"": 0.8599999999999999}","{""class_match"": 0.0, ""properties"": 0.0}","{""per_pair"": [1.0], ""n_gt"": 1, ""n_matched"": 1}",0.03
SLB-DEL-DIR-R-001,delete,direct,0.0,1.0,0.0,0.3333333333333333,spec,False,,1,0,,2.079952284999308,"{""delta_node_precision"": 0.0, ""delta_node_recall"": 0.0, ""delta_node_f1"": 0.0, ""delta_edge_precision"": 0.0, ""delta_edge_recall"": 0.0, ""delta_edge_f1"": 0.0, ""delta_topology_score"": 0.0}","{""class_match"": 1.0, ""properties"": 1.0}","{""per_pair"": [0.0], ""n_gt"": 1, ""n_matched"": 0}",21.45
SLB-DEL-DIR-R-002,delete,direct,0.0,1.0,0.0,0.3333333333333333,spec,False,,1,0,,31.892186605997267,"{""delta_node_precision"": 0.0, ""delta_node_recall"": 0.0, ""delta_node_f1"": 0.0, ""delta_edge_precision"": 0.0, ""delta_edge_recall"": 0.0, ""delta_edge_f1"": 0.0, ""delta_topology_score"": 0.0}","{""class_match"": 1.0, ""properties"": 1.0}","{""per_pair"": [0.0], ""n_gt"": 1, ""n_matched"": 0}",157.78
SLB-DEL-DIR-R-003,delete,direct,1.0,0.0,1.0,0.6666666666666666,spec,True,,1,1,,1.1384304129969678,"{""delta_node_precision"": 1.0, ""delta_node_recall"": 1.0, ""delta_node_f1"": 1.0, ""delta_edge_precision"": 1.0, ""delta_edge_recall"": 1.0, ""delta_edge_f1"": 1.0, ""delta_topology_score"": 1.0}","{""class_match"": 0.0, ""properties"": 0.0}","{""per_pair"": [1.0], ""n_gt"": 1, ""n_matched"": 1}",5.33
SLB-DEL-DIR-R-004,delete,direct,1.0,0.0,0.6289827558930549,0.5429942519643517,spec,True,,1,1,,1.8991414440024528,"{""delta_node_precision"": 1.0, ""delta_node_recall"": 1.0, ""delta_node_f1"": 1.0, ""delta_edge_precision"": 0.023809523809523808, ""delta_edge_recall"": 1.0, ""delta_edge_f1"": 0.046511627906976744, ""delta_topology_score"": 0.3325581395348837}","{""class_match"": 0.0, ""properties"": 0.0}","{""per_pair"": [1.0], ""n_gt"": 1, ""n_matched"": 1}",4.73
SLB-DEL-SPA-A-001,delete,spatial,0.0,1.0,0.0,0.3333333333333333,spec,False,,1,0,,0.014433831995120272,"{""delta_node_precision"": 0.0, ""delta_node_recall"": 0.0, ""delta_node_f1"": 0.0, ""delta_edge_precision"": 0.0, ""delta_edge_recall"": 0.0, ""delta_edge_f1"": 0.0, ""delta_topology_score"": 0.0}","{""class_match"": 1.0, ""properties"": 1.0}","{""per_pair"": [0.0], ""n_gt"": 1, ""n_matched"": 0}",0.12
SLB-DEL-SPA-A-002,delete,spatial,0.0,1.0,0.0,0.3333333333333333,spec,False,,1,0,,0.02565060799679486,"{""delta_node_precision"": 0.0, ""delta_node_recall"": 0.0, ""delta_node_f1"": 0.0, ""delta_edge_precision"": 0.0, ""delta_edge_recall"": 0.0, ""delta_edge_f1"": 0.0, ""delta_topology_score"": 0.0}","{""class_match"": 1.0, ""properties"": 1.0}","{""per_pair"": [0.0], ""n_gt"": 1, ""n_matched"": 0}",0.4
SLB-DEL-SPA-A-003,delete,spatial,0.0,1.0,0.0,0.3333333333333333,spec,False,,1,0,,0.2588043979994836,"{""delta_node_precision"": 0.0, ""delta_node_recall"": 0.0, ""delta_node_f1"": 0.0, ""delta_edge_precision"": 0.0, ""delta_edge_recall"": 0.0, ""delta_edge_f1"": 0.0, ""delta_topology_score"": 0.0}","{""class_match"": 1.0, ""properties"": 1.0}","{""per_pair"": [0.0], ""n_gt"": 1, ""n_matched"": 0}",0.12
SLB-DEL-SPA-A-004,delete,spatial,0.0,1.0,0.0,0.3333333333333333,spec,False,,1,0,,0.004375707998406142,"{""delta_node_precision"": 0.0, ""delta_node_recall"": 0.0, ""delta_node_f1"": 0.0, ""delta_edge_precision"": 0.0, ""delta_edge_recall"": 0.0, ""delta_edge_f1"": 0.0, ""delta_topology_score"": 0.0}","{""class_match"": 1.0, ""properties"": 1.0}","{""per_pair"": [0.0], ""n_gt"": 1, ""n_matched"": 0}",0.03
SLB-DEL-SPA-R-001,delete,spatial,0.0,1.0,0.0,0.3333333333333333,spec,False,,1,0,,1.9526784289992065,"{""delta_node_precision"": 0.0, ""delta_node_recall"": 0.0, ""delta_node_f1"": 0.0, ""delta_edge_precision"": 0.0, ""delta_edge_recall"": 0.0, ""delta_edge_f1"": 0.0, ""delta_topology_score"": 0.0}","{""class_match"": 1.0, ""properties"": 1.0}","{""per_pair"": [0.0], ""n_gt"": 1, ""n_matched"": 0}",21.45
SLB-DEL-SPA-R-002,delete,spatial,0.0,1.0,0.0,0.3333333333333333,spec,False,,1,0,,17.68834159999824,"{""delta_node_precision"": 0.0, ""delta_node_recall"": 0.0, ""delta_node_f1"": 0.0, ""delta_edge_precision"": 0.0, ""delta_edge_recall"": 0.0, ""delta_edge_f1"": 0.0, ""delta_topology_score"": 0.0}","{""class_match"": 1.0, ""properties"": 1.0}","{""per_pair"": [0.0], ""n_gt"": 1, ""n_matched"": 0}",157.78
SLB-DEL-SPA-R-003,delete,spatial,0.0,1.0,0.0,0.3333333333333333,spec,False,,1,0,,0.5785192319963244,"{""delta_node_precision"": 0.0, ""delta_node_recall"": 0.0, ""delta_node_f1"": 0.0, ""delta_edge_precision"": 0.0, ""delta_edge_recall"": 0.0, ""delta_edge_f1"": 0.0, ""delta_topology_score"": 0.0}","{""class_match"": 1.0, ""properties"": 1.0}","{""per_pair"": [0.0], ""n_gt"": 1, ""n_matched"": 0}",5.33
SLB-DEL-SPA-R-004,delete,spatial,0.0,1.0,0.0,0.3333333333333333,spec,False,,1,0,,0.5990259429963771,"{""delta_node_precision"": 0.0, ""delta_node_recall"": 0.0, ""delta_node_f1"": 0.0, ""delta_edge_precision"": 0.0, ""delta_edge_recall"": 0.0, ""delta_edge_f1"": 0.0, ""delta_topology_score"": 0.0}","{""class_match"": 1.0, ""properties"": 1.0}","{""per_pair"": [0.0], ""n_gt"": 1, ""n_matched"": 0}",4.73
SLB-DEL-TOP-A-001,delete,topological,1.0,0.0,1.0,0.6666666666666666,spec,True,,1,1,,0.011059112002840266,"{""delta_node_precision"": 1.0, ""delta_node_recall"": 1.0, ""delta_node_f1"": 1.0, ""delta_edge_precision"": 1.0, ""delta_edge_recall"": 1.0, ""delta_edge_f1"": 1.0, ""delta_topology_score"": 1.0}","{""class_match"": 0.0, ""properties"": 0.0}","{""per_pair"": [1.0], ""n_gt"": 1, ""n_matched"": 1}",0.12
SLB-DEL-TOP-A-002,delete,topological,1.0,0.0,1.0,0.6666666666666666,spec,True,,1,1,,0.02408631100115599,"{""delta_node_precision"": 1.0, ""delta_node_recall"": 1.0, ""delta_node_f1"": 1.0, ""delta_edge_precision"": 1.0, ""delta_edge_recall"": 1.0, ""delta_edge_f1"": 1.0, ""delta_topology_score"": 1.0}","{""class_match"": 0.0, ""properties"": 0.0}","{""per_pair"": [1.0], ""n_gt"": 1, ""n_matched"": 1}",0.4
SLB-DEL-TOP-A-003,delete,topological,0.0,1.0,0.0,0.3333333333333333,spec,False,,1,0,,0.026924675999907777,"{""delta_node_precision"": 0.0, ""delta_node_recall"": 0.0, ""delta_node_f1"": 0.0, ""delta_edge_precision"": 0.0, ""delta_edge_recall"": 0.0, ""delta_edge_f1"": 0.0, ""delta_topology_score"": 0.0}","{""class_match"": 1.0, ""properties"": 1.0}","{""per_pair"": [0.0], ""n_gt"": 1, ""n_matched"": 0}",0.12
SLB-DEL-TOP-A-004,delete,topological,0.0,1.0,0.0,0.3333333333333333,spec,False,,1,0,,0.004196834997856058,"{""delta_node_precision"": 0.0, ""delta_node_recall"": 0.0, ""delta_node_f1"": 0.0, ""delta_edge_precision"": 0.0, ""delta_edge_recall"": 0.0, ""delta_edge_f1"": 0.0, ""delta_topology_score"": 0.0}","{""class_match"": 1.0, ""properties"": 1.0}","{""per_pair"": [0.0], ""n_gt"": 1, ""n_matched"": 0}",0.03
SLB-DEL-TOP-R-001,delete,topological,0.0,1.0,0.0,0.3333333333333333,spec,False,,1,0,,2.005523820000235,"{""delta_node_precision"": 0.0, ""delta_node_recall"": 0.0, ""delta_node_f1"": 0.0, ""delta_edge_precision"": 0.0, ""delta_edge_recall"": 0.0, ""delta_edge_f1"": 0.0, ""delta_topology_score"": 0.0}","{""class_match"": 1.0, ""properties"": 1.0}","{""per_pair"": [0.0], ""n_gt"": 1, ""n_matched"": 0}",21.45
SLB-DEL-TOP-R-002,delete,topological,0.0,1.0,0.0,0.3333333333333333,spec,False,,1,0,,16.9000056579971,"{""delta_node_precision"": 0.0, ""delta_node_recall"": 0.0, ""delta_node_f1"": 0.0, ""delta_edge_precision"": 0.0, ""delta_edge_recall"": 0.0, ""delta_edge_f1"": 0.0, ""delta_topology_score"": 0.0}","{""class_match"": 1.0, ""properties"": 1.0}","{""per_pair"": [0.0], ""n_gt"": 1, ""n_matched"": 0}",157.78
SLB-DEL-TOP-R-003,delete,topological,0.0,1.0,0.0,0.3333333333333333,spec,False,,1,0,,0.5781563769996865,"{""delta_node_precision"": 0.0, ""delta_node_recall"": 0.0, ""delta_node_f1"": 0.0, ""delta_edge_precision"": 0.0, ""delta_edge_recall"": 0.0, ""delta_edge_f1"": 0.0, ""delta_topology_score"": 0.0}","{""class_match"": 1.0, ""properties"": 1.0}","{""per_pair"": [0.0], ""n_gt"": 1, ""n_matched"": 0}",5.33
SLB-DEL-TOP-R-004,delete,topological,0.0,1.0,0.0,0.3333333333333333,spec,False,,1,0,,0.5535121700013406,"{""delta_node_precision"": 0.0, ""delta_node_recall"": 0.0, ""delta_node_f1"": 0.0, ""delta_edge_precision"": 0.0, ""delta_edge_recall"": 0.0, ""delta_edge_f1"": 0.0, ""delta_topology_score"": 0.0}","{""class_match"": 1.0, ""properties"": 1.0}","{""per_pair"": [0.0], ""n_gt"": 1, ""n_matched"": 0}",4.73
SLB-UPD-DIR-A-001,update,direct,0.9606578587786939,1.0,0.5285714285714286,0.8297430957833741,spec,True,0okaGdY4n1xulccRQajp6C,1,1,,0.039166983995528426,"{""delta_node_precision"": 0.0, ""delta_node_recall"": 0.0, ""delta_node_f1"": 0.0, ""delta_edge_precision"": 1.0, ""delta_edge_recall"": 1.0, ""delta_edge_f1"": 1.0, ""delta_topology_score"": 0.7}","{""class_match"": 1.0, ""properties"": 1.0}","{""per_pair"": [0.9606578587786939], ""n_gt"": 1, ""n_matched"": 1}",0.12
SLB-UPD-DIR-A-002,update,direct,0.9615854592465048,1.0,0.5285714285714286,0.8300522959393111,spec,True,11kJIqz$n2Jf_DfJV1SCVP,1,1,,0.061909949996334035,"{""delta_node_precision"": 0.0, ""delta_node_recall"": 0.0, ""delta_node_f1"": 0.0, ""delta_edge_precision"": 1.0, ""delta_edge_recall"": 1.0, ""delta_edge_f1"": 1.0, ""delta_topology_score"": 0.7}","{""class_match"": 1.0, ""properties"": 1.0}","{""per_pair"": [0.9615854592465048], ""n_gt"": 1, ""n_matched"": 1}",0.4
SLB-UPD-DIR-A-003,update,direct,0.9115342587266977,0.7222222222222222,1.0,0.8779188269829733,spec,True,1YFesBujH2gOEC_rLPiADs,1,1,,0.017693219997454435,"{""delta_node_precision"": 1.0, ""delta_node_recall"": 1.0, ""delta_node_f1"": 1.0, ""delta_edge_precision"": 1.0, ""delta_edge_recall"": 1.0, ""delta_edge_f1"": 1.0, ""delta_topology_score"": 1.0}","{""class_match"": 1.0, ""properties"": 0.4444444444444444}","{""per_pair"": [0.9115342587266977], ""n_gt"": 1, ""n_matched"": 1}",0.04
SLB-UPD-DIR-A-004,update,direct,0.0,0.0,0.0,0.0,spec,False,,1,0,,0.20013882099738112,"{""delta_node_precision"": 0.0, ""delta_node_recall"": 0.0, ""delta_node_f1"": 0.0, ""delta_edge_precision"": 0.0, ""delta_edge_recall"": 0.0, ""delta_edge_f1"": 0.0, ""delta_topology_score"": 0.0}","{""class_match"": 0.0, ""properties"": 0.0}","{""per_pair"": [0.0], ""n_gt"": 1, ""n_matched"": 0}",0.05
SLB-UPD-DIR-R-001,update,direct,0.9686679144060178,1.0,0.5285714285714286,0.8324131143258154,spec,True,0bqRrMdOXEnON1o90BM2ec,1,1,,3.955003947005025,"{""delta_node_precision"": 0.0, ""delta_node_recall"": 0.0, ""delta_node_f1"": 0.0, ""delta_edge_precision"": 1.0, ""delta_edge_recall"": 1.0, ""delta_edge_f1"": 1.0, ""delta_topology_score"": 0.7}","{""class_match"": 1.0, ""properties"": 1.0}","{""per_pair"": [0.9686679144060178], ""n_gt"": 1, ""n_matched"": 1}",21.45
SLB-UPD-DIR-R-002,update,direct,0.9637856463645916,1.0,0.5285714285714286,0.8307856916453401,spec,True,3o2OEZ4R1CNe$4DSxkxEcZ,1,1,,28.202544691004732,"{""delta_node_precision"": 0.0, ""delta_node_recall"": 0.0, ""delta_node_f1"": 0.0, ""delta_edge_precision"": 1.0, ""delta_edge_recall"": 1.0, ""delta_edge_f1"": 1.0, ""delta_topology_score"": 0.7}","{""class_match"": 1.0, ""properties"": 1.0}","{""per_pair"": [0.9637856463645916], ""n_gt"": 1, ""n_matched"": 1}",154.68
SLB-UPD-DIR-R-003,update,direct,0.957406241454486,0.7,0.5285714285714286,0.7286592233419715,spec,True,00yrLiRn90MQI8Q5LMWRQP,1,1,,1.153512774995761,"{""delta_node_precision"": 0.0, ""delta_node_recall"": 0.0, ""delta_node_f1"": 0.0, ""delta_edge_precision"": 1.0, ""delta_edge_recall"": 1.0, ""delta_edge_f1"": 1.0, ""delta_topology_score"": 0.7}","{""class_match"": 1.0, ""properties"": 0.4}","{""per_pair"": [0.957406241454486], ""n_gt"": 1, ""n_matched"": 1}",5.33
SLB-UPD-DIR-R-004,update,direct,0.0,0.0,0.0,0.0,spec,False,,1,0,,1.1574840789980954,"{""delta_node_precision"": 0.0, ""delta_node_recall"": 0.0, ""delta_node_f1"": 0.0, ""delta_edge_precision"": 0.0, ""delta_edge_recall"": 0.0, ""delta_edge_f1"": 0.0, ""delta_topology_score"": 0.0}","{""class_match"": 0.0, ""properties"": 0.0}","{""per_pair"": [0.0], ""n_gt"": 1, ""n_matched"": 0}",4.73
SLB-UPD-SPA-A-001,update,spatial,0.9606578587786939,1.0,0.5285714285714286,0.8297430957833741,spec,True,0okaGdY4n1xulccRQajp6C,1,1,,0.020582951998221688,"{""delta_node_precision"": 0.0, ""delta_node_recall"": 0.0, ""delta_node_f1"": 0.0, ""delta_edge_precision"": 1.0, ""delta_edge_recall"": 1.0, ""delta_edge_f1"": 1.0, ""delta_topology_score"": 0.7}","{""class_match"": 1.0, ""properties"": 1.0}","{""per_pair"": [0.9606578587786939], ""n_gt"": 1, ""n_matched"": 1}",0.12
SLB-UPD-SPA-A-002,update,spatial,0.9615854592465048,1.0,0.5285714285714286,0.8300522959393111,spec,True,11kJIqz$n2Jf_DfJV1SCVP,1,1,,0.040276095998706296,"{""delta_node_precision"": 0.0, ""delta_node_recall"": 0.0, ""delta_node_f1"": 0.0, ""delta_edge_precision"": 1.0, ""delta_edge_recall"": 1.0, ""delta_edge_f1"": 1.0, ""delta_topology_score"": 0.7}","{""class_match"": 1.0, ""properties"": 1.0}","{""per_pair"": [0.9615854592465048], ""n_gt"": 1, ""n_matched"": 1}",0.4
SLB-UPD-SPA-A-003,update,spatial,0.9559761301382973,0.7222222222222222,0.5285714285714286,0.735589926977316,spec,True,1YFesBujH2gOEC_rLPiADs,1,1,,0.013106532998790499,"{""delta_node_precision"": 0.0, ""delta_node_recall"": 0.0, ""delta_node_f1"": 0.0, ""delta_edge_precision"": 1.0, ""delta_edge_recall"": 1.0, ""delta_edge_f1"": 1.0, ""delta_topology_score"": 0.7}","{""class_match"": 1.0, ""properties"": 0.4444444444444444}","{""per_pair"": [0.9559761301382973], ""n_gt"": 1, ""n_matched"": 1}",0.04
SLB-UPD-SPA-A-004,update,spatial,0.0,0.0,0.0,0.0,spec,False,,1,0,,0.0088881979972939,"{""delta_node_precision"": 0.0, ""delta_node_recall"": 0.0, ""delta_node_f1"": 0.0, ""delta_edge_precision"": 0.0, ""delta_edge_recall"": 0.0, ""delta_edge_f1"": 0.0, ""delta_topology_score"": 0.0}","{""class_match"": 0.0, ""properties"": 0.0}","{""per_pair"": [0.0], ""n_gt"": 1, ""n_matched"": 0}",0.05
SLB-UPD-SPA-R-001,update,spatial,0.9686679144060178,1.0,0.5285714285714286,0.8324131143258154,spec,True,0bqRrMdOXEnON1o90BM2ec,1,1,,2.1096346440026537,"{""delta_node_precision"": 0.0, ""delta_node_recall"": 0.0, ""delta_node_f1"": 0.0, ""delta_edge_precision"": 1.0, ""delta_edge_recall"": 1.0, ""delta_edge_f1"": 1.0, ""delta_topology_score"": 0.7}","{""class_match"": 1.0, ""properties"": 1.0}","{""per_pair"": [0.9686679144060178], ""n_gt"": 1, ""n_matched"": 1}",21.45
SLB-UPD-SPA-R-002,update,spatial,0.9637856463645916,1.0,0.5285714285714286,0.8307856916453401,spec,True,3o2OEZ4R1CNe$4DSxkxEcZ,1,1,,16.234278281001025,"{""delta_node_precision"": 0.0, ""delta_node_recall"": 0.0, ""delta_node_f1"": 0.0, ""delta_edge_precision"": 1.0, ""delta_edge_recall"": 1.0, ""delta_edge_f1"": 1.0, ""delta_topology_score"": 0.7}","{""class_match"": 1.0, ""properties"": 1.0}","{""per_pair"": [0.9637856463645916], ""n_gt"": 1, ""n_matched"": 1}",154.68
SLB-UPD-SPA-R-003,update,spatial,0.957406241454486,0.7,0.5285714285714286,0.7286592233419715,spec,True,00yrLiRn90MQI8Q5LMWRQP,1,1,,0.6084931629957282,"{""delta_node_precision"": 0.0, ""delta_node_recall"": 0.0, ""delta_node_f1"": 0.0, ""delta_edge_precision"": 1.0, ""delta_edge_recall"": 1.0, ""delta_edge_f1"": 1.0, ""delta_topology_score"": 0.7}","{""class_match"": 1.0, ""properties"": 0.4}","{""per_pair"": [0.957406241454486], ""n_gt"": 1, ""n_matched"": 1}",5.33
SLB-UPD-SPA-R-004,update,spatial,0.0,0.0,0.0,0.0,spec,False,,1,0,,0.5811303529990255,"{""delta_node_precision"": 0.0, ""delta_node_recall"": 0.0, ""delta_node_f1"": 0.0, ""delta_edge_precision"": 0.0, ""delta_edge_recall"": 0.0, ""delta_edge_f1"": 0.0, ""delta_topology_score"": 0.0}","{""class_match"": 0.0, ""properties"": 0.0}","{""per_pair"": [0.0], ""n_gt"": 1, ""n_matched"": 0}",4.73
SLB-UPD-TOP-A-001,update,topological,0.9606578587786939,1.0,0.5285714285714286,0.8297430957833741,spec,True,0okaGdY4n1xulccRQajp6C,1,1,,0.01997861199924955,"{""delta_node_precision"": 0.0, ""delta_node_recall"": 0.0, ""delta_node_f1"": 0.0, ""delta_edge_precision"": 1.0, ""delta_edge_recall"": 1.0, ""delta_edge_f1"": 1.0, ""delta_topology_score"": 0.7}","{""class_match"": 1.0, ""properties"": 1.0}","{""per_pair"": [0.9606578587786939], ""n_gt"": 1, ""n_matched"": 1}",0.12
SLB-UPD-TOP-A-002,update,topological,0.9615854592465048,1.0,0.5285714285714286,0.8300522959393111,spec,True,11kJIqz$n2Jf_DfJV1SCVP,1,1,,0.040797775000100955,"{""delta_node_precision"": 0.0, ""delta_node_recall"": 0.0, ""delta_node_f1"": 0.0, ""delta_edge_precision"": 1.0, ""delta_edge_recall"": 1.0, ""delta_edge_f1"": 1.0, ""delta_topology_score"": 0.7}","{""class_match"": 1.0, ""properties"": 1.0}","{""per_pair"": [0.9615854592465048], ""n_gt"": 1, ""n_matched"": 1}",0.4
SLB-UPD-TOP-A-003,update,topological,0.9559761301382973,0.7222222222222222,0.5285714285714286,0.735589926977316,spec,True,1YFesBujH2gOEC_rLPiADs,1,1,,0.01285938499495387,"{""delta_node_precision"": 0.0, ""delta_node_recall"": 0.0, ""delta_node_f1"": 0.0, ""delta_edge_precision"": 1.0, ""delta_edge_recall"": 1.0, ""delta_edge_f1"": 1.0, ""delta_topology_score"": 0.7}","{""class_match"": 1.0, ""properties"": 0.4444444444444444}","{""per_pair"": [0.9559761301382973], ""n_gt"": 1, ""n_matched"": 1}",0.04
SLB-UPD-TOP-A-004,update,topological,0.0,0.0,0.0,0.0,spec,False,,1,0,,0.008129011999699287,"{""delta_node_precision"": 0.0, ""delta_node_recall"": 0.0, ""delta_node_f1"": 0.0, ""delta_edge_precision"": 0.0, ""delta_edge_recall"": 0.0, ""delta_edge_f1"": 0.0, ""delta_topology_score"": 0.0}","{""class_match"": 0.0, ""properties"": 0.0}","{""per_pair"": [0.0], ""n_gt"": 1, ""n_matched"": 0}",0.05
SLB-UPD-TOP-R-001,update,topological,0.9686679144060178,1.0,0.5285714285714286,0.8324131143258154,spec,True,0bqRrMdOXEnON1o90BM2ec,1,1,,2.1393033179992926,"{""delta_node_precision"": 0.0, ""delta_node_recall"": 0.0, ""delta_node_f1"": 0.0, ""delta_edge_precision"": 1.0, ""delta_edge_recall"": 1.0, ""delta_edge_f1"": 1.0, ""delta_topology_score"": 0.7}","{""class_match"": 1.0, ""properties"": 1.0}","{""per_pair"": [0.9686679144060178], ""n_gt"": 1, ""n_matched"": 1}",21.45
SLB-UPD-TOP-R-002,update,topological,0.9637856463645916,1.0,0.5285714285714286,0.8307856916453401,spec,True,3o2OEZ4R1CNe$4DSxkxEcZ,1,1,,16.658918922999874,"{""delta_node_precision"": 0.0, ""delta_node_recall"": 0.0, ""delta_node_f1"": 0.0, ""delta_edge_precision"": 1.0, ""delta_edge_recall"": 1.0, ""delta_edge_f1"": 1.0, ""delta_topology_score"": 0.7}","{""class_match"": 1.0, ""properties"": 1.0}","{""per_pair"": [0.9637856463645916], ""n_gt"": 1, ""n_matched"": 1}",154.68
SLB-UPD-TOP-R-003,update,topological,0.957406241454486,0.7,0.5285714285714286,0.7286592233419715,spec,True,00yrLiRn90MQI8Q5LMWRQP,1,1,,0.6120508600070025,"{""delta_node_precision"": 0.0, ""delta_node_recall"": 0.0, ""delta_node_f1"": 0.0, ""delta_edge_precision"": 1.0, ""delta_edge_recall"": 1.0, ""delta_edge_f1"": 1.0, ""delta_topology_score"": 0.7}","{""class_match"": 1.0, ""properties"": 0.4}","{""per_pair"": [0.957406241454486], ""n_gt"": 1, ""n_matched"": 1}",5.33
SLB-UPD-TOP-R-004,update,topological,0.0,0.0,0.0,0.0,spec,False,,1,0,,0.5701604049972957,"{""delta_node_precision"": 0.0, ""delta_node_recall"": 0.0, ""delta_node_f1"": 0.0, ""delta_edge_precision"": 0.0, ""delta_edge_recall"": 0.0, ""delta_edge_f1"": 0.0, ""delta_topology_score"": 0.0}","{""class_match"": 0.0, ""properties"": 0.0}","{""per_pair"": [0.0], ""n_gt"": 1, ""n_matched"": 0}",4.73
WAL-CRE-DIR-A-001,create,direct,0.0,0.0,0.0,0.0,diff,False,,1,0,,0.2715892909982358,"{""delta_node_precision"": 0.0, ""delta_node_recall"": 0.0, ""delta_node_f1"": 0.0, ""delta_edge_precision"": 0.0, ""delta_edge_recall"": 0.0, ""delta_edge_f1"": 0.0, ""delta_topology_score"": 0.0}","{""class_match"": 0.0, ""properties"": 0.0}","{""per_pair"": [0.0], ""n_gt"": 1, ""n_matched"": 0}",0.41
WAL-CRE-DIR-A-002,create,direct,0.0,0.0,0.0,0.0,diff,False,,1,0,,0.024506785004632547,"{""delta_node_precision"": 0.0, ""delta_node_recall"": 0.0, ""delta_node_f1"": 0.0, ""delta_edge_precision"": 0.0, ""delta_edge_recall"": 0.0, ""delta_edge_f1"": 0.0, ""delta_topology_score"": 0.0}","{""class_match"": 0.0, ""properties"": 0.0}","{""per_pair"": [0.0], ""n_gt"": 1, ""n_matched"": 0}",0.4
WAL-CRE-DIR-A-003,create,direct,0.0,0.0,0.0,0.0,diff,False,,1,0,,0.016503869999723975,"{""delta_node_precision"": 0.0, ""delta_node_recall"": 0.0, ""delta_node_f1"": 0.0, ""delta_edge_precision"": 0.0, ""delta_edge_recall"": 0.0, ""delta_edge_f1"": 0.0, ""delta_topology_score"": 0.0}","{""class_match"": 0.0, ""properties"": 0.0}","{""per_pair"": [0.0], ""n_gt"": 1, ""n_matched"": 0}",0.11
WAL-CRE-DIR-A-004,create,direct,0.0,0.0,0.0,0.0,diff,False,,1,0,,0.01025277900043875,"{""delta_node_precision"": 0.0, ""delta_node_recall"": 0.0, ""delta_node_f1"": 0.0, ""delta_edge_precision"": 0.0, ""delta_edge_recall"": 0.0, ""delta_edge_f1"": 0.0, ""delta_topology_score"": 0.0}","{""class_match"": 0.0, ""properties"": 0.0}","{""per_pair"": [0.0], ""n_gt"": 1, ""n_matched"": 0}",0.03
WAL-CRE-DIR-R-001,create,direct,0.0,0.0,0.0,0.0,diff,False,,1,0,,33.513451437000185,"{""delta_node_precision"": 0.0, ""delta_node_recall"": 0.0, ""delta_node_f1"": 0.0, ""delta_edge_precision"": 0.0, ""delta_edge_recall"": 0.0, ""delta_edge_f1"": 0.0, ""delta_topology_score"": 0.0}","{""class_match"": 0.0, ""properties"": 0.0}","{""per_pair"": [0.0], ""n_gt"": 1, ""n_matched"": 0}",224.95
WAL-CRE-DIR-R-002,create,direct,0.0,0.0,0.0,0.0,diff,False,,1,0,,8.174727755002095,"{""delta_node_precision"": 0.0, ""delta_node_recall"": 0.0, ""delta_node_f1"": 0.0, ""delta_edge_precision"": 0.0, ""delta_edge_recall"": 0.0, ""delta_edge_f1"": 0.0, ""delta_topology_score"": 0.0}","{""class_match"": 0.0, ""properties"": 0.0}","{""per_pair"": [0.0], ""n_gt"": 1, ""n_matched"": 0}",47.02
WAL-CRE-DIR-R-003,create,direct,0.0,0.0,0.0,0.0,diff,False,,1,0,,0.8152779950032709,"{""delta_node_precision"": 0.0, ""delta_node_recall"": 0.0, ""delta_node_f1"": 0.0, ""delta_edge_precision"": 0.0, ""delta_edge_recall"": 0.0, ""delta_edge_f1"": 0.0, ""delta_topology_score"": 0.0}","{""class_match"": 0.0, ""properties"": 0.0}","{""per_pair"": [0.0], ""n_gt"": 1, ""n_matched"": 0}",5.25
WAL-CRE-DIR-R-004,create,direct,0.0,0.0,0.0,0.0,diff,False,,1,0,,3.0547094929934246,"{""delta_node_precision"": 0.0, ""delta_node_recall"": 0.0, ""delta_node_f1"": 0.0, ""delta_edge_precision"": 0.0, ""delta_edge_recall"": 0.0, ""delta_edge_f1"": 0.0, ""delta_topology_score"": 0.0}","{""class_match"": 0.0, ""properties"": 0.0}","{""per_pair"": [0.0], ""n_gt"": 1, ""n_matched"": 0}",5.25
WAL-CRE-SPA-A-001,create,spatial,0.0,0.0,0.0,0.0,diff,False,,1,0,,0.04935981000016909,"{""delta_node_precision"": 0.0, ""delta_node_recall"": 0.0, ""delta_node_f1"": 0.0, ""delta_edge_precision"": 0.0, ""delta_edge_recall"": 0.0, ""delta_edge_f1"": 0.0, ""delta_topology_score"": 0.0}","{""class_match"": 0.0, ""properties"": 0.0}","{""per_pair"": [0.0], ""n_gt"": 1, ""n_matched"": 0}",0.41
WAL-CRE-SPA-A-002,create,spatial,0.0,0.0,0.0,0.0,diff,False,,1,0,,0.02519875300640706,"{""delta_node_precision"": 0.0, ""delta_node_recall"": 0.0, ""delta_node_f1"": 0.0, ""delta_edge_precision"": 0.0, ""delta_edge_recall"": 0.0, ""delta_edge_f1"": 0.0, ""delta_topology_score"": 0.0}","{""class_match"": 0.0, ""properties"": 0.0}","{""per_pair"": [0.0], ""n_gt"": 1, ""n_matched"": 0}",0.4
WAL-CRE-SPA-A-003,create,spatial,0.0,0.0,0.0,0.0,diff,False,,1,0,,0.007138308996218257,"{""delta_node_precision"": 0.0, ""delta_node_recall"": 0.0, ""delta_node_f1"": 0.0, ""delta_edge_precision"": 0.0, ""delta_edge_recall"": 0.0, ""delta_edge_f1"": 0.0, ""delta_topology_score"": 0.0}","{""class_match"": 0.0, ""properties"": 0.0}","{""per_pair"": [0.0], ""n_gt"": 1, ""n_matched"": 0}",0.11
WAL-CRE-SPA-A-004,create,spatial,0.0,0.0,0.0,0.0,diff,False,,1,0,,0.0036204259959049523,"{""delta_node_precision"": 0.0, ""delta_node_recall"": 0.0, ""delta_node_f1"": 0.0, ""delta_edge_precision"": 0.0, ""delta_edge_recall"": 0.0, ""delta_edge_f1"": 0.0, ""delta_topology_score"": 0.0}","{""class_match"": 0.0, ""properties"": 0.0}","{""per_pair"": [0.0], ""n_gt"": 1, ""n_matched"": 0}",0.03
WAL-CRE-SPA-R-001,create,spatial,0.0,0.0,0.0,0.0,diff,False,,1,0,,15.347787596998387,"{""delta_node_precision"": 0.0, ""delta_node_recall"": 0.0, ""delta_node_f1"": 0.0, ""delta_edge_precision"": 0.0, ""delta_edge_recall"": 0.0, ""delta_edge_f1"": 0.0, ""delta_topology_score"": 0.0}","{""class_match"": 0.0, ""properties"": 0.0}","{""per_pair"": [0.0], ""n_gt"": 1, ""n_matched"": 0}",224.95
WAL-CRE-SPA-R-002,create,spatial,0.0,0.0,0.0,0.0,diff,False,,1,0,,3.549839797000459,"{""delta_node_precision"": 0.0, ""delta_node_recall"": 0.0, ""delta_node_f1"": 0.0, ""delta_edge_precision"": 0.0, ""delta_edge_recall"": 0.0, ""delta_edge_f1"": 0.0, ""delta_topology_score"": 0.0}","{""class_match"": 0.0, ""properties"": 0.0}","{""per_pair"": [0.0], ""n_gt"": 1, ""n_matched"": 0}",47.02
WAL-CRE-SPA-R-003,create,spatial,0.0,0.0,0.0,0.0,diff,False,,1,0,,0.3908574659944861,"{""delta_node_precision"": 0.0, ""delta_node_recall"": 0.0, ""delta_node_f1"": 0.0, ""delta_edge_precision"": 0.0, ""delta_edge_recall"": 0.0, ""delta_edge_f1"": 0.0, ""delta_topology_score"": 0.0}","{""class_match"": 0.0, ""properties"": 0.0}","{""per_pair"": [0.0], ""n_gt"": 1, ""n_matched"": 0}",5.25
WAL-CRE-SPA-R-004,create,spatial,0.0,0.0,0.0,0.0,diff,False,,1,0,,0.7341202160023386,"{""delta_node_precision"": 0.0, ""delta_node_recall"": 0.0, ""delta_node_f1"": 0.0, ""delta_edge_precision"": 0.0, ""delta_edge_recall"": 0.0, ""delta_edge_f1"": 0.0, ""delta_topology_score"": 0.0}","{""class_match"": 0.0, ""properties"": 0.0}","{""per_pair"": [0.0], ""n_gt"": 1, ""n_matched"": 0}",5.25
WAL-CRE-TOP-A-001,create,topological,0.0,0.0,0.0,0.0,diff,False,,1,0,,0.0345646050045616,"{""delta_node_precision"": 0.0, ""delta_node_recall"": 0.0, ""delta_node_f1"": 0.0, ""delta_edge_precision"": 0.0, ""delta_edge_recall"": 0.0, ""delta_edge_f1"": 0.0, ""delta_topology_score"": 0.0}","{""class_match"": 0.0, ""properties"": 0.0}","{""per_pair"": [0.0], ""n_gt"": 1, ""n_matched"": 0}",0.41
WAL-CRE-TOP-A-002,create,topological,0.0,0.0,0.0,0.0,diff,False,,1,0,,0.025261123999371193,"{""delta_node_precision"": 0.0, ""delta_node_recall"": 0.0, ""delta_node_f1"": 0.0, ""delta_edge_precision"": 0.0, ""delta_edge_recall"": 0.0, ""delta_edge_f1"": 0.0, ""delta_topology_score"": 0.0}","{""class_match"": 0.0, ""properties"": 0.0}","{""per_pair"": [0.0], ""n_gt"": 1, ""n_matched"": 0}",0.4
WAL-CRE-TOP-A-003,create,topological,0.0,0.0,0.0,0.0,diff,False,,1,0,,0.006928451999556273,"{""delta_node_precision"": 0.0, ""delta_node_recall"": 0.0, ""delta_node_f1"": 0.0, ""delta_edge_precision"": 0.0, ""delta_edge_recall"": 0.0, ""delta_edge_f1"": 0.0, ""delta_topology_score"": 0.0}","{""class_match"": 0.0, ""properties"": 0.0}","{""per_pair"": [0.0], ""n_gt"": 1, ""n_matched"": 0}",0.11
WAL-CRE-TOP-A-004,create,topological,0.0,0.0,0.0,0.0,diff,False,,1,0,,0.0035578569950303063,"{""delta_node_precision"": 0.0, ""delta_node_recall"": 0.0, ""delta_node_f1"": 0.0, ""delta_edge_precision"": 0.0, ""delta_edge_recall"": 0.0, ""delta_edge_f1"": 0.0, ""delta_topology_score"": 0.0}","{""class_match"": 0.0, ""properties"": 0.0}","{""per_pair"": [0.0], ""n_gt"": 1, ""n_matched"": 0}",0.03
WAL-CRE-TOP-R-001,create,topological,0.0,0.0,0.0,0.0,diff,False,,1,0,,18.777177636999113,"{""delta_node_precision"": 0.0, ""delta_node_recall"": 0.0, ""delta_node_f1"": 0.0, ""delta_edge_precision"": 0.0, ""delta_edge_recall"": 0.0, ""delta_edge_f1"": 0.0, ""delta_topology_score"": 0.0}","{""class_match"": 0.0, ""properties"": 0.0}","{""per_pair"": [0.0], ""n_gt"": 1, ""n_matched"": 0}",224.95
WAL-CRE-TOP-R-002,create,topological,0.0,0.0,0.0,0.0,diff,False,,1,0,,3.8164049989936757,"{""delta_node_precision"": 0.0, ""delta_node_recall"": 0.0, ""delta_node_f1"": 0.0, ""delta_edge_precision"": 0.0, ""delta_edge_recall"": 0.0, ""delta_edge_f1"": 0.0, ""delta_topology_score"": 0.0}","{""class_match"": 0.0, ""properties"": 0.0}","{""per_pair"": [0.0], ""n_gt"": 1, ""n_matched"": 0}",47.02
WAL-CRE-TOP-R-003,create,topological,0.0,0.0,0.0,0.0,diff,False,,1,0,,0.4215791340029682,"{""delta_node_precision"": 0.0, ""delta_node_recall"": 0.0, ""delta_node_f1"": 0.0, ""delta_edge_precision"": 0.0, ""delta_edge_recall"": 0.0, ""delta_edge_f1"": 0.0, ""delta_topology_score"": 0.0}","{""class_match"": 0.0, ""properties"": 0.0}","{""per_pair"": [0.0], ""n_gt"": 1, ""n_matched"": 0}",5.25
WAL-CRE-TOP-R-004,create,topological,0.0,0.0,0.0,0.0,diff,False,,1,0,,0.7516928159966483,"{""delta_node_precision"": 0.0, ""delta_node_recall"": 0.0, ""delta_node_f1"": 0.0, ""delta_edge_precision"": 0.0, ""delta_edge_recall"": 0.0, ""delta_edge_f1"": 0.0, ""delta_topology_score"": 0.0}","{""class_match"": 0.0, ""properties"": 0.0}","{""per_pair"": [0.0], ""n_gt"": 1, ""n_matched"": 0}",5.25
WAL-DEL-DIR-A-001,delete,direct,0.0,1.0,0.0,0.3333333333333333,spec,False,,1,0,,0.8209851249994244,"{""delta_node_precision"": 0.0, ""delta_node_recall"": 0.0, ""delta_node_f1"": 0.0, ""delta_edge_precision"": 0.0, ""delta_edge_recall"": 0.0, ""delta_edge_f1"": 0.0, ""delta_topology_score"": 0.0}","{""class_match"": 1.0, ""properties"": 1.0}","{""per_pair"": [0.0], ""n_gt"": 1, ""n_matched"": 0}",0.41
WAL-DEL-DIR-A-002,delete,direct,0.0,1.0,0.0,0.3333333333333333,spec,False,,1,0,,0.064055996001116,"{""delta_node_precision"": 0.0, ""delta_node_recall"": 0.0, ""delta_node_f1"": 0.0, ""delta_edge_precision"": 0.0, ""delta_edge_recall"": 0.0, ""delta_edge_f1"": 0.0, ""delta_topology_score"": 0.0}","{""class_match"": 1.0, ""properties"": 1.0}","{""per_pair"": [0.0], ""n_gt"": 1, ""n_matched"": 0}",0.41
WAL-DEL-DIR-A-003,delete,direct,1.0,0.0,0.7200992555831266,0.5733664185277089,spec,True,,1,1,,0.01802332999795908,"{""delta_node_precision"": 1.0, ""delta_node_recall"": 1.0, ""delta_node_f1"": 1.0, ""delta_edge_precision"": 0.19230769230769232, ""delta_edge_recall"": 1.0, ""delta_edge_f1"": 0.32258064516129037, ""delta_topology_score"": 0.5258064516129033}","{""class_match"": 0.0, ""properties"": 0.0}","{""per_pair"": [1.0], ""n_gt"": 1, ""n_matched"": 1}",0.11
WAL-DEL-DIR-A-004,delete,direct,0.0,1.0,0.0,0.3333333333333333,spec,False,,1,0,,0.03507350300060352,"{""delta_node_precision"": 0.0, ""delta_node_recall"": 0.0, ""delta_node_f1"": 0.0, ""delta_edge_precision"": 0.0, ""delta_edge_recall"": 0.0, ""delta_edge_f1"": 0.0, ""delta_topology_score"": 0.0}","{""class_match"": 1.0, ""properties"": 1.0}","{""per_pair"": [0.0], ""n_gt"": 1, ""n_matched"": 0}",0.17
WAL-DEL-DIR-R-001,delete,direct,0.0,1.0,0.0,0.3333333333333333,spec,False,,1,0,,40.865179610998894,"{""delta_node_precision"": 0.0, ""delta_node_recall"": 0.0, ""delta_node_f1"": 0.0, ""delta_edge_precision"": 0.0, ""delta_edge_recall"": 0.0, ""delta_edge_f1"": 0.0, ""delta_topology_score"": 0.0}","{""class_match"": 1.0, ""properties"": 1.0}","{""per_pair"": [0.0], ""n_gt"": 1, ""n_matched"": 0}",224.95
WAL-DEL-DIR-R-002,delete,direct,1.0,0.0,1.0,0.6666666666666666,spec,True,,1,1,,4.125662645994453,"{""delta_node_precision"": 1.0, ""delta_node_recall"": 1.0, ""delta_node_f1"": 1.0, ""delta_edge_precision"": 1.0, ""delta_edge_recall"": 1.0, ""delta_edge_f1"": 1.0, ""delta_topology_score"": 1.0}","{""class_match"": 0.0, ""properties"": 0.0}","{""per_pair"": [1.0], ""n_gt"": 1, ""n_matched"": 1}",47.02
WAL-DEL-DIR-R-003,delete,direct,1.0,0.0,0.371220397249809,0.4570734657499363,spec,True,,1,1,,1.175412728000083,"{""delta_node_precision"": 1.0, ""delta_node_recall"": 0.25, ""delta_node_f1"": 0.4, ""delta_edge_precision"": 0.07058823529411765, ""delta_edge_recall"": 0.5454545454545454, ""delta_edge_f1"": 0.125, ""delta_topology_score"": 0.2075}","{""class_match"": 0.0, ""properties"": 0.0}","{""per_pair"": [1.0], ""n_gt"": 1, ""n_matched"": 1}",5.33
WAL-DEL-DIR-R-004,delete,direct,0.0,1.0,0.0,0.3333333333333333,spec,False,,1,0,,2.253946550001274,"{""delta_node_precision"": 0.0, ""delta_node_recall"": 0.0, ""delta_node_f1"": 0.0, ""delta_edge_precision"": 0.0, ""delta_edge_recall"": 0.0, ""delta_edge_f1"": 0.0, ""delta_topology_score"": 0.0}","{""class_match"": 1.0, ""properties"": 1.0}","{""per_pair"": [0.0], ""n_gt"": 1, ""n_matched"": 0}",5.26
WAL-DEL-SPA-A-001,delete,spatial,0.0,1.0,0.0,0.3333333333333333,spec,False,,1,0,,0.06387050799821736,"{""delta_node_precision"": 0.0, ""delta_node_recall"": 0.0, ""delta_node_f1"": 0.0, ""delta_edge_precision"": 0.0, ""delta_edge_recall"": 0.0, ""delta_edge_f1"": 0.0, ""delta_topology_score"": 0.0}","{""class_match"": 1.0, ""properties"": 1.0}","{""per_pair"": [0.0], ""n_gt"": 1, ""n_matched"": 0}",0.41
WAL-DEL-SPA-A-002,delete,spatial,1.0,0.0,0.5864795918367347,0.5288265306122449,spec,True,,1,1,,0.025155358998745214,"{""delta_node_precision"": 0.3333333333333333, ""delta_node_recall"": 1.0, ""delta_node_f1"": 0.5, ""delta_edge_precision"": 0.3125, ""delta_edge_recall"": 1.0, ""delta_edge_f1"": 0.47619047619047616, ""delta_topology_score"": 0.4833333333333333}","{""class_match"": 0.0, ""properties"": 0.0}","{""per_pair"": [1.0], ""n_gt"": 1, ""n_matched"": 1}",0.41
WAL-DEL-SPA-A-003,delete,spatial,0.0,1.0,0.0,0.3333333333333333,spec,False,,1,0,,0.008556107997719664,"{""delta_node_precision"": 0.0, ""delta_node_recall"": 0.0, ""delta_node_f1"": 0.0, ""delta_edge_precision"": 0.0, ""delta_edge_recall"": 0.0, ""delta_edge_f1"": 0.0, ""delta_topology_score"": 0.0}","{""class_match"": 1.0, ""properties"": 1.0}","{""per_pair"": [0.0], ""n_gt"": 1, ""n_matched"": 0}",0.11
WAL-DEL-SPA-A-004,delete,spatial,0.0,1.0,0.0,0.3333333333333333,spec,False,,1,0,,0.014290713996160775,"{""delta_node_precision"": 0.0, ""delta_node_recall"": 0.0, ""delta_node_f1"": 0.0, ""delta_edge_precision"": 0.0, ""delta_edge_recall"": 0.0, ""delta_edge_f1"": 0.0, ""delta_topology_score"": 0.0}","{""class_match"": 1.0, ""properties"": 1.0}","{""per_pair"": [0.0], ""n_gt"": 1, ""n_matched"": 0}",0.17
WAL-DEL-SPA-R-001,delete,spatial,0.0,1.0,0.0,0.3333333333333333,spec,False,,1,0,,20.932214394997573,"{""delta_node_precision"": 0.0, ""delta_node_recall"": 0.0, ""delta_node_f1"": 0.0, ""delta_edge_precision"": 0.0, ""delta_edge_recall"": 0.0, ""delta_edge_f1"": 0.0, ""delta_topology_score"": 0.0}","{""class_match"": 1.0, ""properties"": 1.0}","{""per_pair"": [0.0], ""n_gt"": 1, ""n_matched"": 0}",224.95
WAL-DEL-SPA-R-002,delete,spatial,0.0,1.0,0.0,0.3333333333333333,spec,False,,1,0,,4.2263123849988915,"{""delta_node_precision"": 0.0, ""delta_node_recall"": 0.0, ""delta_node_f1"": 0.0, ""delta_edge_precision"": 0.0, ""delta_edge_recall"": 0.0, ""delta_edge_f1"": 0.0, ""delta_topology_score"": 0.0}","{""class_match"": 1.0, ""properties"": 1.0}","{""per_pair"": [0.0], ""n_gt"": 1, ""n_matched"": 0}",47.02
WAL-DEL-SPA-R-003,delete,spatial,0.0,1.0,0.0,0.3333333333333333,spec,False,,1,0,,0.6104087370040361,"{""delta_node_precision"": 0.0, ""delta_node_recall"": 0.0, ""delta_node_f1"": 0.0, ""delta_edge_precision"": 0.0, ""delta_edge_recall"": 0.0, ""delta_edge_f1"": 0.0, ""delta_topology_score"": 0.0}","{""class_match"": 1.0, ""properties"": 1.0}","{""per_pair"": [0.0], ""n_gt"": 1, ""n_matched"": 0}",5.33
WAL-DEL-SPA-R-004,delete,spatial,0.0,1.0,0.0,0.3333333333333333,spec,False,,1,0,,0.6497640399975353,"{""delta_node_precision"": 0.0, ""delta_node_recall"": 0.0, ""delta_node_f1"": 0.0, ""delta_edge_precision"": 0.0, ""delta_edge_recall"": 0.0, ""delta_edge_f1"": 0.0, ""delta_topology_score"": 0.0}","{""class_match"": 1.0, ""properties"": 1.0}","{""per_pair"": [0.0], ""n_gt"": 1, ""n_matched"": 0}",5.26
WAL-DEL-TOP-A-001,delete,topological,0.0,1.0,0.0,0.3333333333333333,spec,False,,1,0,,0.10283606700249948,"{""delta_node_precision"": 0.0, ""delta_node_recall"": 0.0, ""delta_node_f1"": 0.0, ""delta_edge_precision"": 0.0, ""delta_edge_recall"": 0.0, ""delta_edge_f1"": 0.0, ""delta_topology_score"": 0.0}","{""class_match"": 1.0, ""properties"": 1.0}","{""per_pair"": [0.0], ""n_gt"": 1, ""n_matched"": 0}",0.41
WAL-DEL-TOP-A-002,delete,topological,1.0,0.0,0.5864795918367347,0.5288265306122449,spec,True,,1,1,,0.026128760000574403,"{""delta_node_precision"": 0.3333333333333333, ""delta_node_recall"": 1.0, ""delta_node_f1"": 0.5, ""delta_edge_precision"": 0.3125, ""delta_edge_recall"": 1.0, ""delta_edge_f1"": 0.47619047619047616, ""delta_topology_score"": 0.4833333333333333}","{""class_match"": 0.0, ""properties"": 0.0}","{""per_pair"": [1.0], ""n_gt"": 1, ""n_matched"": 1}",0.41
WAL-DEL-TOP-A-003,delete,topological,0.0,1.0,0.0,0.3333333333333333,spec,False,,1,0,,0.00854042299761204,"{""delta_node_precision"": 0.0, ""delta_node_recall"": 0.0, ""delta_node_f1"": 0.0, ""delta_edge_precision"": 0.0, ""delta_edge_recall"": 0.0, ""delta_edge_f1"": 0.0, ""delta_topology_score"": 0.0}","{""class_match"": 1.0, ""properties"": 1.0}","{""per_pair"": [0.0], ""n_gt"": 1, ""n_matched"": 0}",0.11
WAL-DEL-TOP-A-004,delete,topological,0.0,1.0,0.0,0.3333333333333333,spec,False,,1,0,,0.01490650000050664,"{""delta_node_precision"": 0.0, ""delta_node_recall"": 0.0, ""delta_node_f1"": 0.0, ""delta_edge_precision"": 0.0, ""delta_edge_recall"": 0.0, ""delta_edge_f1"": 0.0, ""delta_topology_score"": 0.0}","{""class_match"": 1.0, ""properties"": 1.0}","{""per_pair"": [0.0], ""n_gt"": 1, ""n_matched"": 0}",0.17
WAL-DEL-TOP-R-001,delete,topological,0.0,1.0,0.0,0.3333333333333333,spec,False,,1,0,,24.876741453997965,"{""delta_node_precision"": 0.0, ""delta_node_recall"": 0.0, ""delta_node_f1"": 0.0, ""delta_edge_precision"": 0.0, ""delta_edge_recall"": 0.0, ""delta_edge_f1"": 0.0, ""delta_topology_score"": 0.0}","{""class_match"": 1.0, ""properties"": 1.0}","{""per_pair"": [0.0], ""n_gt"": 1, ""n_matched"": 0}",224.95
WAL-DEL-TOP-R-002,delete,topological,0.0,1.0,0.0,0.3333333333333333,spec,False,,1,0,,4.27657934200397,"{""delta_node_precision"": 0.0, ""delta_node_recall"": 0.0, ""delta_node_f1"": 0.0, ""delta_edge_precision"": 0.0, ""delta_edge_recall"": 0.0, ""delta_edge_f1"": 0.0, ""delta_topology_score"": 0.0}","{""class_match"": 1.0, ""properties"": 1.0}","{""per_pair"": [0.0], ""n_gt"": 1, ""n_matched"": 0}",47.02
WAL-DEL-TOP-R-003,delete,topological,0.0,1.0,0.0,0.3333333333333333,spec,False,,1,0,,0.5935654049972072,"{""delta_node_precision"": 0.0, ""delta_node_recall"": 0.0, ""delta_node_f1"": 0.0, ""delta_edge_precision"": 0.0, ""delta_edge_recall"": 0.0, ""delta_edge_f1"": 0.0, ""delta_topology_score"": 0.0}","{""class_match"": 1.0, ""properties"": 1.0}","{""per_pair"": [0.0], ""n_gt"": 1, ""n_matched"": 0}",5.33
WAL-DEL-TOP-R-004,delete,topological,0.0,1.0,0.0,0.3333333333333333,spec,False,,1,0,,0.6305391779969796,"{""delta_node_precision"": 0.0, ""delta_node_recall"": 0.0, ""delta_node_f1"": 0.0, ""delta_edge_precision"": 0.0, ""delta_edge_recall"": 0.0, ""delta_edge_f1"": 0.0, ""delta_topology_score"": 0.0}","{""class_match"": 1.0, ""properties"": 1.0}","{""per_pair"": [0.0], ""n_gt"": 1, ""n_matched"": 0}",5.26
WAL-UPD-DIR-A-001,update,direct,0.9685521809381098,1.0,0.0,0.6561840603127033,spec,True,0okaGdY4n1xulccRQajpx9,1,1,,0.23480621699854964,"{""delta_node_precision"": 0.0, ""delta_node_recall"": 0.0, ""delta_node_f1"": 0.0, ""delta_edge_precision"": 0.0, ""delta_edge_recall"": 0.0, ""delta_edge_f1"": 0.0, ""delta_topology_score"": 0.0}","{""class_match"": 1.0, ""properties"": 1.0}","{""per_pair"": [0.9685521809381098], ""n_gt"": 1, ""n_matched"": 1}",0.41
WAL-UPD-DIR-A-002,update,direct,0.0,0.0,0.0,0.0,spec,False,,1,0,,0.03964659499615664,"{""delta_node_precision"": 0.0, ""delta_node_recall"": 0.0, ""delta_node_f1"": 0.0, ""delta_edge_precision"": 0.0, ""delta_edge_recall"": 0.0, ""delta_edge_f1"": 0.0, ""delta_topology_score"": 0.0}","{""class_match"": 0.0, ""properties"": 0.0}","{""per_pair"": [0.0], ""n_gt"": 1, ""n_matched"": 0}",0.14
WAL-UPD-DIR-A-003,update,direct,0.9589843174143203,0.7222222222222222,0.5285714285714286,0.7365926560693237,spec,True,000irGlVjApOlI2apOJp9x,1,1,,0.035290783998789266,"{""delta_node_precision"": 0.0, ""delta_node_recall"": 0.0, ""delta_node_f1"": 0.0, ""delta_edge_precision"": 1.0, ""delta_edge_recall"": 1.0, ""delta_edge_f1"": 1.0, ""delta_topology_score"": 0.7}","{""class_match"": 1.0, ""properties"": 0.4444444444444444}","{""per_pair"": [0.9589843174143203], ""n_gt"": 1, ""n_matched"": 1}",0.11
WAL-UPD-DIR-A-004,update,direct,0.9739871773407663,1.0,0.0,0.6579957257802554,spec,True,0SW1L9fQP9xeGsED2XHlvo,1,1,,0.01465633200132288,"{""delta_node_precision"": 0.0, ""delta_node_recall"": 0.0, ""delta_node_f1"": 0.0, ""delta_edge_precision"": 0.0, ""delta_edge_recall"": 0.0, ""delta_edge_f1"": 0.0, ""delta_topology_score"": 0.0}","{""class_match"": 1.0, ""properties"": 1.0}","{""per_pair"": [0.9739871773407663], ""n_gt"": 1, ""n_matched"": 1}",0.02
WAL-UPD-DIR-R-001,update,direct,0.9622300451100412,1.0,0.0,0.6540766817033471,spec,True,30a7nM35T5pgZzaItbPb1c,1,1,,51.152212763001444,"{""delta_node_precision"": 0.0, ""delta_node_recall"": 0.0, ""delta_node_f1"": 0.0, ""delta_edge_precision"": 0.0, ""delta_edge_recall"": 0.0, ""delta_edge_f1"": 0.0, ""delta_topology_score"": 0.0}","{""class_match"": 1.0, ""properties"": 1.0}","{""per_pair"": [0.9622300451100412], ""n_gt"": 1, ""n_matched"": 1}",224.95
WAL-UPD-DIR-R-002,update,direct,0.0,0.0,0.0,0.0,spec,False,,1,0,,8.304215275995375,"{""delta_node_precision"": 0.0, ""delta_node_recall"": 0.0, ""delta_node_f1"": 0.0, ""delta_edge_precision"": 0.0, ""delta_edge_recall"": 0.0, ""delta_edge_f1"": 0.0, ""delta_topology_score"": 0.0}","{""class_match"": 0.0, ""properties"": 0.0}","{""per_pair"": [0.0], ""n_gt"": 1, ""n_matched"": 0}",47.02
WAL-UPD-DIR-R-003,update,direct,0.9597184300044257,0.75,0.5285714285714286,0.7460966195252848,spec,True,2QS621lD51vfaO5mAA7tdk,1,1,,1.1965193319992977,"{""delta_node_precision"": 0.0, ""delta_node_recall"": 0.0, ""delta_node_f1"": 0.0, ""delta_edge_precision"": 1.0, ""delta_edge_recall"": 1.0, ""delta_edge_f1"": 1.0, ""delta_topology_score"": 0.7}","{""class_match"": 1.0, ""properties"": 0.5}","{""per_pair"": [0.9597184300044257], ""n_gt"": 1, ""n_matched"": 1}",5.33
WAL-UPD-DIR-R-004,update,direct,0.9722730729410084,1.0,0.0,0.6574243576470028,spec,True,2Nq3EKEYP8kfBFwGBhtRhO,1,1,,1.679060459995526,"{""delta_node_precision"": 0.0, ""delta_node_recall"": 0.0, ""delta_node_f1"": 0.0, ""delta_edge_precision"": 0.0, ""delta_edge_recall"": 0.0, ""delta_edge_f1"": 0.0, ""delta_topology_score"": 0.0}","{""class_match"": 1.0, ""properties"": 1.0}","{""per_pair"": [0.9722730729410084], ""n_gt"": 1, ""n_matched"": 1}",5.26
WAL-UPD-SPA-A-001,update,spatial,0.9685521809381098,1.0,0.0,0.6561840603127033,spec,True,0okaGdY4n1xulccRQajpx9,1,1,,0.06077456099592382,"{""delta_node_precision"": 0.0, ""delta_node_recall"": 0.0, ""delta_node_f1"": 0.0, ""delta_edge_precision"": 0.0, ""delta_edge_recall"": 0.0, ""delta_edge_f1"": 0.0, ""delta_topology_score"": 0.0}","{""class_match"": 1.0, ""properties"": 1.0}","{""per_pair"": [0.9685521809381098], ""n_gt"": 1, ""n_matched"": 1}",0.41
WAL-UPD-SPA-A-002,update,spatial,0.0,0.0,0.0,0.0,spec,False,,1,0,,0.015312399998947512,"{""delta_node_precision"": 0.0, ""delta_node_recall"": 0.0, ""delta_node_f1"": 0.0, ""delta_edge_precision"": 0.0, ""delta_edge_recall"": 0.0, ""delta_edge_f1"": 0.0, ""delta_topology_score"": 0.0}","{""class_match"": 0.0, ""properties"": 0.0}","{""per_pair"": [0.0], ""n_gt"": 1, ""n_matched"": 0}",0.14
WAL-UPD-SPA-A-003,update,spatial,0.9589843174143203,0.7222222222222222,0.5285714285714286,0.7365926560693237,spec,True,000irGlVjApOlI2apOJp9x,1,1,,0.017527146999782417,"{""delta_node_precision"": 0.0, ""delta_node_recall"": 0.0, ""delta_node_f1"": 0.0, ""delta_edge_precision"": 1.0, ""delta_edge_recall"": 1.0, ""delta_edge_f1"": 1.0, ""delta_topology_score"": 0.7}","{""class_match"": 1.0, ""properties"": 0.4444444444444444}","{""per_pair"": [0.9589843174143203], ""n_gt"": 1, ""n_matched"": 1}",0.11
WAL-UPD-SPA-A-004,update,spatial,0.9739871773407663,1.0,0.0,0.6579957257802554,spec,True,0SW1L9fQP9xeGsED2XHlvo,1,1,,0.011923097001272254,"{""delta_node_precision"": 0.0, ""delta_node_recall"": 0.0, ""delta_node_f1"": 0.0, ""delta_edge_precision"": 0.0, ""delta_edge_recall"": 0.0, ""delta_edge_f1"": 0.0, ""delta_topology_score"": 0.0}","{""class_match"": 1.0, ""properties"": 1.0}","{""per_pair"": [0.9739871773407663], ""n_gt"": 1, ""n_matched"": 1}",0.02
WAL-UPD-SPA-R-001,update,spatial,0.9622300451100412,1.0,0.0,0.6540766817033471,spec,True,30a7nM35T5pgZzaItbPb1c,1,1,,25.547174437997455,"{""delta_node_precision"": 0.0, ""delta_node_recall"": 0.0, ""delta_node_f1"": 0.0, ""delta_edge_precision"": 0.0, ""delta_edge_recall"": 0.0, ""delta_edge_f1"": 0.0, ""delta_topology_score"": 0.0}","{""class_match"": 1.0, ""properties"": 1.0}","{""per_pair"": [0.9622300451100412], ""n_gt"": 1, ""n_matched"": 1}",224.95
WAL-UPD-SPA-R-002,update,spatial,0.0,0.0,0.0,0.0,spec,False,,1,0,,4.4648783930024365,"{""delta_node_precision"": 0.0, ""delta_node_recall"": 0.0, ""delta_node_f1"": 0.0, ""delta_edge_precision"": 0.0, ""delta_edge_recall"": 0.0, ""delta_edge_f1"": 0.0, ""delta_topology_score"": 0.0}","{""class_match"": 0.0, ""properties"": 0.0}","{""per_pair"": [0.0], ""n_gt"": 1, ""n_matched"": 0}",47.02
WAL-UPD-SPA-R-003,update,spatial,0.9597184300044257,0.75,0.5285714285714286,0.7460966195252848,spec,True,2QS621lD51vfaO5mAA7tdk,1,1,,0.6020168039976852,"{""delta_node_precision"": 0.0, ""delta_node_recall"": 0.0, ""delta_node_f1"": 0.0, ""delta_edge_precision"": 1.0, ""delta_edge_recall"": 1.0, ""delta_edge_f1"": 1.0, ""delta_topology_score"": 0.7}","{""class_match"": 1.0, ""properties"": 0.5}","{""per_pair"": [0.9597184300044257], ""n_gt"": 1, ""n_matched"": 1}",5.33
WAL-UPD-SPA-R-004,update,spatial,0.9722730729410084,1.0,0.0,0.6574243576470028,spec,True,2Nq3EKEYP8kfBFwGBhtRhO,1,1,,0.5729628589979257,"{""delta_node_precision"": 0.0, ""delta_node_recall"": 0.0, ""delta_node_f1"": 0.0, ""delta_edge_precision"": 0.0, ""delta_edge_recall"": 0.0, ""delta_edge_f1"": 0.0, ""delta_topology_score"": 0.0}","{""class_match"": 1.0, ""properties"": 1.0}","{""per_pair"": [0.9722730729410084], ""n_gt"": 1, ""n_matched"": 1}",5.26
WAL-UPD-TOP-A-001,update,topological,0.9685521809381098,1.0,0.0,0.6561840603127033,spec,True,0okaGdY4n1xulccRQajpx9,1,1,,0.051843462002580054,"{""delta_node_precision"": 0.0, ""delta_node_recall"": 0.0, ""delta_node_f1"": 0.0, ""delta_edge_precision"": 0.0, ""delta_edge_recall"": 0.0, ""delta_edge_f1"": 0.0, ""delta_topology_score"": 0.0}","{""class_match"": 1.0, ""properties"": 1.0}","{""per_pair"": [0.9685521809381098], ""n_gt"": 1, ""n_matched"": 1}",0.41
WAL-UPD-TOP-A-002,update,topological,0.0,0.0,0.0,0.0,spec,False,,1,0,,0.015780251000251155,"{""delta_node_precision"": 0.0, ""delta_node_recall"": 0.0, ""delta_node_f1"": 0.0, ""delta_edge_precision"": 0.0, ""delta_edge_recall"": 0.0, ""delta_edge_f1"": 0.0, ""delta_topology_score"": 0.0}","{""class_match"": 0.0, ""properties"": 0.0}","{""per_pair"": [0.0], ""n_gt"": 1, ""n_matched"": 0}",0.14
WAL-UPD-TOP-A-003,update,topological,0.9589843174143203,0.7222222222222222,0.5285714285714286,0.7365926560693237,spec,True,000irGlVjApOlI2apOJp9x,1,1,,0.017189334001159295,"{""delta_node_precision"": 0.0, ""delta_node_recall"": 0.0, ""delta_node_f1"": 0.0, ""delta_edge_precision"": 1.0, ""delta_edge_recall"": 1.0, ""delta_edge_f1"": 1.0, ""delta_topology_score"": 0.7}","{""class_match"": 1.0, ""properties"": 0.4444444444444444}","{""per_pair"": [0.9589843174143203], ""n_gt"": 1, ""n_matched"": 1}",0.11
WAL-UPD-TOP-A-004,update,topological,0.9739871773407663,1.0,0.0,0.6579957257802554,spec,True,0SW1L9fQP9xeGsED2XHlvo,1,1,,0.012004752999928314,"{""delta_node_precision"": 0.0, ""delta_node_recall"": 0.0, ""delta_node_f1"": 0.0, ""delta_edge_precision"": 0.0, ""delta_edge_recall"": 0.0, ""delta_edge_f1"": 0.0, ""delta_topology_score"": 0.0}","{""class_match"": 1.0, ""properties"": 1.0}","{""per_pair"": [0.9739871773407663], ""n_gt"": 1, ""n_matched"": 1}",0.02
WAL-UPD-TOP-R-001,update,topological,0.9622300451100412,1.0,0.0,0.6540766817033471,spec,True,30a7nM35T5pgZzaItbPb1c,1,1,,25.746615149997524,"{""delta_node_precision"": 0.0, ""delta_node_recall"": 0.0, ""delta_node_f1"": 0.0, ""delta_edge_precision"": 0.0, ""delta_edge_recall"": 0.0, ""delta_edge_f1"": 0.0, ""delta_topology_score"": 0.0}","{""class_match"": 1.0, ""properties"": 1.0}","{""per_pair"": [0.9622300451100412], ""n_gt"": 1, ""n_matched"": 1}",224.95
WAL-UPD-TOP-R-002,update,topological,0.0,0.0,0.0,0.0,spec,False,,1,0,,4.483996740003931,"{""delta_node_precision"": 0.0, ""delta_node_recall"": 0.0, ""delta_node_f1"": 0.0, ""delta_edge_precision"": 0.0, ""delta_edge_recall"": 0.0, ""delta_edge_f1"": 0.0, ""delta_topology_score"": 0.0}","{""class_match"": 0.0, ""properties"": 0.0}","{""per_pair"": [0.0], ""n_gt"": 1, ""n_matched"": 0}",47.02
WAL-UPD-TOP-R-003,update,topological,0.9597184300044257,0.75,0.5285714285714286,0.7460966195252848,spec,True,2QS621lD51vfaO5mAA7tdk,1,1,,0.5991754800052149,"{""delta_node_precision"": 0.0, ""delta_node_recall"": 0.0, ""delta_node_f1"": 0.0, ""delta_edge_precision"": 1.0, ""delta_edge_recall"": 1.0, ""delta_edge_f1"": 1.0, ""delta_topology_score"": 0.7}","{""class_match"": 1.0, ""properties"": 0.5}","{""per_pair"": [0.9597184300044257], ""n_gt"": 1, ""n_matched"": 1}",5.33
WAL-UPD-TOP-R-004,update,topological,0.9722730729410084,1.0,0.0,0.6574243576470028,spec,True,2Nq3EKEYP8kfBFwGBhtRhO,1,1,,0.5884305479994509,"{""delta_node_precision"": 0.0, ""delta_node_recall"": 0.0, ""delta_node_f1"": 0.0, ""delta_edge_precision"": 0.0, ""delta_edge_recall"": 0.0, ""delta_edge_f1"": 0.0, ""delta_topology_score"": 0.0}","{""class_match"": 1.0, ""properties"": 1.0}","{""per_pair"": [0.9722730729410084], ""n_gt"": 1, ""n_matched"": 1}",5.26
WIN-CRE-DIR-A-001,create,direct,0.0,0.0,0.0,0.0,diff,False,,1,0,,0.011931747998460196,"{""delta_node_precision"": 0.0, ""delta_node_recall"": 0.0, ""delta_node_f1"": 0.0, ""delta_edge_precision"": 0.0, ""delta_edge_recall"": 0.0, ""delta_edge_f1"": 0.0, ""delta_topology_score"": 0.0}","{""class_match"": 0.0, ""properties"": 0.0}","{""per_pair"": [0.0], ""n_gt"": 1, ""n_matched"": 0}",0.14
WIN-CRE-DIR-R-001,create,direct,0.0,0.0,0.0,0.0,diff,False,,1,0,,25.108945207000943,"{""delta_node_precision"": 0.0, ""delta_node_recall"": 0.0, ""delta_node_f1"": 0.0, ""delta_edge_precision"": 0.0, ""delta_edge_recall"": 0.0, ""delta_edge_f1"": 0.0, ""delta_topology_score"": 0.0}","{""class_match"": 0.0, ""properties"": 0.0}","{""per_pair"": [0.0], ""n_gt"": 1, ""n_matched"": 0}",161.25
WIN-CRE-SPA-A-001,create,spatial,0.0,0.0,0.0,0.0,diff,False,,1,0,,0.010632261000864673,"{""delta_node_precision"": 0.0, ""delta_node_recall"": 0.0, ""delta_node_f1"": 0.0, ""delta_edge_precision"": 0.0, ""delta_edge_recall"": 0.0, ""delta_edge_f1"": 0.0, ""delta_topology_score"": 0.0}","{""class_match"": 0.0, ""properties"": 0.0}","{""per_pair"": [0.0], ""n_gt"": 1, ""n_matched"": 0}",0.14
WIN-CRE-SPA-R-001,create,spatial,0.0,0.0,0.0,0.0,diff,False,,1,0,,11.561998012002732,"{""delta_node_precision"": 0.0, ""delta_node_recall"": 0.0, ""delta_node_f1"": 0.0, ""delta_edge_precision"": 0.0, ""delta_edge_recall"": 0.0, ""delta_edge_f1"": 0.0, ""delta_topology_score"": 0.0}","{""class_match"": 0.0, ""properties"": 0.0}","{""per_pair"": [0.0], ""n_gt"": 1, ""n_matched"": 0}",161.25
WIN-CRE-TOP-A-001,create,topological,0.0,0.0,0.0,0.0,diff,False,,1,0,,0.010253823995299172,"{""delta_node_precision"": 0.0, ""delta_node_recall"": 0.0, ""delta_node_f1"": 0.0, ""delta_edge_precision"": 0.0, ""delta_edge_recall"": 0.0, ""delta_edge_f1"": 0.0, ""delta_topology_score"": 0.0}","{""class_match"": 0.0, ""properties"": 0.0}","{""per_pair"": [0.0], ""n_gt"": 1, ""n_matched"": 0}",0.14
WIN-CRE-TOP-R-001,create,topological,0.0,0.0,0.0,0.0,diff,False,,1,0,,13.794493472996692,"{""delta_node_precision"": 0.0, ""delta_node_recall"": 0.0, ""delta_node_f1"": 0.0, ""delta_edge_precision"": 0.0, ""delta_edge_recall"": 0.0, ""delta_edge_f1"": 0.0, ""delta_topology_score"": 0.0}","{""class_match"": 0.0, ""properties"": 0.0}","{""per_pair"": [0.0], ""n_gt"": 1, ""n_matched"": 0}",161.25
WIN-DEL-DIR-A-001,delete,direct,0.0,1.0,0.0,0.3333333333333333,spec,False,,1,0,,0.051907489003497176,"{""delta_node_precision"": 0.0, ""delta_node_recall"": 0.0, ""delta_node_f1"": 0.0, ""delta_edge_precision"": 0.0, ""delta_edge_recall"": 0.0, ""delta_edge_f1"": 0.0, ""delta_topology_score"": 0.0}","{""class_match"": 1.0, ""properties"": 1.0}","{""per_pair"": [0.0], ""n_gt"": 1, ""n_matched"": 0}",0.15
WIN-DEL-DIR-A-002,delete,direct,0.0,1.0,0.0,0.3333333333333333,spec,False,,1,0,,0.06184705700434279,"{""delta_node_precision"": 0.0, ""delta_node_recall"": 0.0, ""delta_node_f1"": 0.0, ""delta_edge_precision"": 0.0, ""delta_edge_recall"": 0.0, ""delta_edge_f1"": 0.0, ""delta_topology_score"": 0.0}","{""class_match"": 1.0, ""properties"": 1.0}","{""per_pair"": [0.0], ""n_gt"": 1, ""n_matched"": 0}",0.24
WIN-DEL-DIR-R-001,delete,direct,1.0,0.0,0.8596825396825397,0.6198941798941799,spec,True,,1,1,,14.757225757995911,"{""delta_node_precision"": 1.0, ""delta_node_recall"": 0.6666666666666666, ""delta_node_f1"": 0.8, ""delta_edge_precision"": 1.0, ""delta_edge_recall"": 0.8, ""delta_edge_f1"": 0.888888888888889, ""delta_topology_score"": 0.8622222222222222}","{""class_match"": 0.0, ""properties"": 0.0}","{""per_pair"": [1.0], ""n_gt"": 1, ""n_matched"": 1}",161.43
WIN-DEL-DIR-R-002,delete,direct,1.0,0.0,0.7149850149850149,0.5716616716616717,spec,True,,1,1,,1.1831896440053242,"{""delta_node_precision"": 1.0, ""delta_node_recall"": 1.0, ""delta_node_f1"": 1.0, ""delta_edge_precision"": 0.18181818181818182, ""delta_edge_recall"": 1.0, ""delta_edge_f1"": 0.3076923076923077, ""delta_topology_score"": 0.5153846153846153}","{""class_match"": 0.0, ""properties"": 0.0}","{""per_pair"": [1.0], ""n_gt"": 1, ""n_matched"": 1}",5.33
WIN-DEL-SPA-A-001,delete,spatial,0.0,1.0,0.0,0.3333333333333333,spec,False,,1,0,,0.024192580000089947,"{""delta_node_precision"": 0.0, ""delta_node_recall"": 0.0, ""delta_node_f1"": 0.0, ""delta_edge_precision"": 0.0, ""delta_edge_recall"": 0.0, ""delta_edge_f1"": 0.0, ""delta_topology_score"": 0.0}","{""class_match"": 1.0, ""properties"": 1.0}","{""per_pair"": [0.0], ""n_gt"": 1, ""n_matched"": 0}",0.15
WIN-DEL-SPA-A-002,delete,spatial,0.0,1.0,0.0,0.3333333333333333,spec,False,,1,0,,0.027071791999333072,"{""delta_node_precision"": 0.0, ""delta_node_recall"": 0.0, ""delta_node_f1"": 0.0, ""delta_edge_precision"": 0.0, ""delta_edge_recall"": 0.0, ""delta_edge_f1"": 0.0, ""delta_topology_score"": 0.0}","{""class_match"": 1.0, ""properties"": 1.0}","{""per_pair"": [0.0], ""n_gt"": 1, ""n_matched"": 0}",0.24
WIN-DEL-SPA-R-001,delete,spatial,0.0,1.0,0.0,0.3333333333333333,spec,False,,1,0,,17.6385002409952,"{""delta_node_precision"": 0.0, ""delta_node_recall"": 0.0, ""delta_node_f1"": 0.0, ""delta_edge_precision"": 0.0, ""delta_edge_recall"": 0.0, ""delta_edge_f1"": 0.0, ""delta_topology_score"": 0.0}","{""class_match"": 1.0, ""properties"": 1.0}","{""per_pair"": [0.0], ""n_gt"": 1, ""n_matched"": 0}",161.43
WIN-DEL-SPA-R-002,delete,spatial,0.0,1.0,0.0,0.3333333333333333,spec,False,,1,0,,0.6270805289968848,"{""delta_node_precision"": 0.0, ""delta_node_recall"": 0.0, ""delta_node_f1"": 0.0, ""delta_edge_precision"": 0.0, ""delta_edge_recall"": 0.0, ""delta_edge_f1"": 0.0, ""delta_topology_score"": 0.0}","{""class_match"": 1.0, ""properties"": 1.0}","{""per_pair"": [0.0], ""n_gt"": 1, ""n_matched"": 0}",5.33
WIN-DEL-TOP-A-001,delete,topological,0.0,1.0,0.0,0.3333333333333333,spec,False,,1,0,,0.022916706999239977,"{""delta_node_precision"": 0.0, ""delta_node_recall"": 0.0, ""delta_node_f1"": 0.0, ""delta_edge_precision"": 0.0, ""delta_edge_recall"": 0.0, ""delta_edge_f1"": 0.0, ""delta_topology_score"": 0.0}","{""class_match"": 1.0, ""properties"": 1.0}","{""per_pair"": [0.0], ""n_gt"": 1, ""n_matched"": 0}",0.15
WIN-DEL-TOP-A-002,delete,topological,0.0,1.0,0.0,0.3333333333333333,spec,False,,1,0,,0.0268101330002537,"{""delta_node_precision"": 0.0, ""delta_node_recall"": 0.0, ""delta_node_f1"": 0.0, ""delta_edge_precision"": 0.0, ""delta_edge_recall"": 0.0, ""delta_edge_f1"": 0.0, ""delta_topology_score"": 0.0}","{""class_match"": 1.0, ""properties"": 1.0}","{""per_pair"": [0.0], ""n_gt"": 1, ""n_matched"": 0}",0.24
WIN-DEL-TOP-R-001,delete,topological,0.0,1.0,0.0,0.3333333333333333,spec,False,,1,0,,15.366924957001174,"{""delta_node_precision"": 0.0, ""delta_node_recall"": 0.0, ""delta_node_f1"": 0.0, ""delta_edge_precision"": 0.0, ""delta_edge_recall"": 0.0, ""delta_edge_f1"": 0.0, ""delta_topology_score"": 0.0}","{""class_match"": 1.0, ""properties"": 1.0}","{""per_pair"": [0.0], ""n_gt"": 1, ""n_matched"": 0}",161.43
WIN-DEL-TOP-R-002,delete,topological,0.0,1.0,0.0,0.3333333333333333,spec,False,,1,0,,0.6115223710003193,"{""delta_node_precision"": 0.0, ""delta_node_recall"": 0.0, ""delta_node_f1"": 0.0, ""delta_edge_precision"": 0.0, ""delta_edge_recall"": 0.0, ""delta_edge_f1"": 0.0, ""delta_topology_score"": 0.0}","{""class_match"": 1.0, ""properties"": 1.0}","{""per_pair"": [0.0], ""n_gt"": 1, ""n_matched"": 0}",5.33
WIN-UPD-DIR-A-001,update,direct,0.0,0.0,0.0,0.0,spec,False,,1,0,,0.1586260600015521,"{""delta_node_precision"": 0.0, ""delta_node_recall"": 0.0, ""delta_node_f1"": 0.0, ""delta_edge_precision"": 0.0, ""delta_edge_recall"": 0.0, ""delta_edge_f1"": 0.0, ""delta_topology_score"": 0.0}","{""class_match"": 0.0, ""properties"": 0.0}","{""per_pair"": [0.0], ""n_gt"": 1, ""n_matched"": 0}",0.45
WIN-UPD-DIR-A-002,update,direct,0.0,0.0,0.0,0.0,spec,False,,1,0,,0.05410070999641903,"{""delta_node_precision"": 0.0, ""delta_node_recall"": 0.0, ""delta_node_f1"": 0.0, ""delta_edge_precision"": 0.0, ""delta_edge_recall"": 0.0, ""delta_edge_f1"": 0.0, ""delta_topology_score"": 0.0}","{""class_match"": 0.0, ""properties"": 0.0}","{""per_pair"": [0.0], ""n_gt"": 1, ""n_matched"": 0}",0.15
WIN-UPD-DIR-A-003,update,direct,0.9573368998403592,0.7222222222222222,0.5285714285714286,0.7360435168780034,spec,True,00Q96FYDLC7A$JCmG1v0oW,1,1,,0.0853227350016823,"{""delta_node_precision"": 0.0, ""delta_node_recall"": 0.0, ""delta_node_f1"": 0.0, ""delta_edge_precision"": 1.0, ""delta_edge_recall"": 1.0, ""delta_edge_f1"": 1.0, ""delta_topology_score"": 0.7}","{""class_match"": 1.0, ""properties"": 0.4444444444444444}","{""per_pair"": [0.9573368998403592], ""n_gt"": 1, ""n_matched"": 1}",0.23
WIN-UPD-DIR-R-001,update,direct,0.0,0.0,0.0,0.0,spec,False,,1,0,,3.9010472369991476,"{""delta_node_precision"": 0.0, ""delta_node_recall"": 0.0, ""delta_node_f1"": 0.0, ""delta_edge_precision"": 0.0, ""delta_edge_recall"": 0.0, ""delta_edge_f1"": 0.0, ""delta_topology_score"": 0.0}","{""class_match"": 0.0, ""properties"": 0.0}","{""per_pair"": [0.0], ""n_gt"": 1, ""n_matched"": 0}",16.1
WIN-UPD-DIR-R-002,update,direct,0.7467425032093806,1.0,0.0,0.5822475010697935,spec,True,3nIe_FFgf4Vg9OnX4KtvkQ,1,1,,44.98736447900592,"{""delta_node_precision"": 0.0, ""delta_node_recall"": 0.0, ""delta_node_f1"": 0.0, ""delta_edge_precision"": 0.0, ""delta_edge_recall"": 0.0, ""delta_edge_f1"": 0.0, ""delta_topology_score"": 0.0}","{""class_match"": 1.0, ""properties"": 1.0}","{""per_pair"": [0.7467425032093806], ""n_gt"": 1, ""n_matched"": 1}",161.43
WIN-UPD-DIR-R-003,update,direct,0.9585829075409844,0.6875,0.5285714285714286,0.7248847787041376,spec,True,2JsRSBbh53LeGcXsUnFg8G,1,1,,1.3569500190060353,"{""delta_node_precision"": 0.0, ""delta_node_recall"": 0.0, ""delta_node_f1"": 0.0, ""delta_edge_precision"": 1.0, ""delta_edge_recall"": 1.0, ""delta_edge_f1"": 1.0, ""delta_topology_score"": 0.7}","{""class_match"": 1.0, ""properties"": 0.375}","{""per_pair"": [0.9585829075409844], ""n_gt"": 1, ""n_matched"": 1}",5.33
WIN-UPD-SPA-A-001,update,spatial,0.0,0.0,0.0,0.0,spec,False,,1,0,,0.07003327600250486,"{""delta_node_precision"": 0.0, ""delta_node_recall"": 0.0, ""delta_node_f1"": 0.0, ""delta_edge_precision"": 0.0, ""delta_edge_recall"": 0.0, ""delta_edge_f1"": 0.0, ""delta_topology_score"": 0.0}","{""class_match"": 0.0, ""properties"": 0.0}","{""per_pair"": [0.0], ""n_gt"": 1, ""n_matched"": 0}",0.45
WIN-UPD-SPA-A-002,update,spatial,0.0,0.0,0.0,0.0,spec,False,,1,0,,0.048714037002355326,"{""delta_node_precision"": 0.0, ""delta_node_recall"": 0.0, ""delta_node_f1"": 0.0, ""delta_edge_precision"": 0.0, ""delta_edge_recall"": 0.0, ""delta_edge_f1"": 0.0, ""delta_topology_score"": 0.0}","{""class_match"": 0.0, ""properties"": 0.0}","{""per_pair"": [0.0], ""n_gt"": 1, ""n_matched"": 0}",0.15
WIN-UPD-SPA-A-003,update,spatial,0.9573368998403592,0.7222222222222222,0.5285714285714286,0.7360435168780034,spec,True,00Q96FYDLC7A$JCmG1v0oW,1,1,,0.05476300599548267,"{""delta_node_precision"": 0.0, ""delta_node_recall"": 0.0, ""delta_node_f1"": 0.0, ""delta_edge_precision"": 1.0, ""delta_edge_recall"": 1.0, ""delta_edge_f1"": 1.0, ""delta_topology_score"": 0.7}","{""class_match"": 1.0, ""properties"": 0.4444444444444444}","{""per_pair"": [0.9573368998403592], ""n_gt"": 1, ""n_matched"": 1}",0.23
WIN-UPD-SPA-R-001,update,spatial,0.0,0.0,0.0,0.0,spec,False,,1,0,,1.578754079004284,"{""delta_node_precision"": 0.0, ""delta_node_recall"": 0.0, ""delta_node_f1"": 0.0, ""delta_edge_precision"": 0.0, ""delta_edge_recall"": 0.0, ""delta_edge_f1"": 0.0, ""delta_topology_score"": 0.0}","{""class_match"": 0.0, ""properties"": 0.0}","{""per_pair"": [0.0], ""n_gt"": 1, ""n_matched"": 0}",16.1
WIN-UPD-SPA-R-002,update,spatial,0.7467425032093806,1.0,0.0,0.5822475010697935,spec,True,3nIe_FFgf4Vg9OnX4KtvkQ,1,1,,17.192974254998262,"{""delta_node_precision"": 0.0, ""delta_node_recall"": 0.0, ""delta_node_f1"": 0.0, ""delta_edge_precision"": 0.0, ""delta_edge_recall"": 0.0, ""delta_edge_f1"": 0.0, ""delta_topology_score"": 0.0}","{""class_match"": 1.0, ""properties"": 1.0}","{""per_pair"": [0.7467425032093806], ""n_gt"": 1, ""n_matched"": 1}",161.43
WIN-UPD-SPA-R-003,update,spatial,0.9585829075409844,0.6875,0.5285714285714286,0.7248847787041376,spec,True,2JsRSBbh53LeGcXsUnFg8G,1,1,,0.7459706170047866,"{""delta_node_precision"": 0.0, ""delta_node_recall"": 0.0, ""delta_node_f1"": 0.0, ""delta_edge_precision"": 1.0, ""delta_edge_recall"": 1.0, ""delta_edge_f1"": 1.0, ""delta_topology_score"": 0.7}","{""class_match"": 1.0, ""properties"": 0.375}","{""per_pair"": [0.9585829075409844], ""n_gt"": 1, ""n_matched"": 1}",5.33
WIN-UPD-TOP-A-001,update,topological,0.0,0.0,0.0,0.0,spec,False,,1,0,,0.06714432599983411,"{""delta_node_precision"": 0.0, ""delta_node_recall"": 0.0, ""delta_node_f1"": 0.0, ""delta_edge_precision"": 0.0, ""delta_edge_recall"": 0.0, ""delta_edge_f1"": 0.0, ""delta_topology_score"": 0.0}","{""class_match"": 0.0, ""properties"": 0.0}","{""per_pair"": [0.0], ""n_gt"": 1, ""n_matched"": 0}",0.45
WIN-UPD-TOP-A-002,update,topological,0.0,0.0,0.0,0.0,spec,False,,1,0,,0.04686046999995597,"{""delta_node_precision"": 0.0, ""delta_node_recall"": 0.0, ""delta_node_f1"": 0.0, ""delta_edge_precision"": 0.0, ""delta_edge_recall"": 0.0, ""delta_edge_f1"": 0.0, ""delta_topology_score"": 0.0}","{""class_match"": 0.0, ""properties"": 0.0}","{""per_pair"": [0.0], ""n_gt"": 1, ""n_matched"": 0}",0.15
WIN-UPD-TOP-A-003,update,topological,0.9573368998403592,0.7222222222222222,0.5285714285714286,0.7360435168780034,spec,True,00Q96FYDLC7A$JCmG1v0oW,1,1,,0.05497241500415839,"{""delta_node_precision"": 0.0, ""delta_node_recall"": 0.0, ""delta_node_f1"": 0.0, ""delta_edge_precision"": 1.0, ""delta_edge_recall"": 1.0, ""delta_edge_f1"": 1.0, ""delta_topology_score"": 0.7}","{""class_match"": 1.0, ""properties"": 0.4444444444444444}","{""per_pair"": [0.9573368998403592], ""n_gt"": 1, ""n_matched"": 1}",0.23
WIN-UPD-TOP-R-001,update,topological,0.0,0.0,0.0,0.0,spec,False,,1,0,,1.655196240004443,"{""delta_node_precision"": 0.0, ""delta_node_recall"": 0.0, ""delta_node_f1"": 0.0, ""delta_edge_precision"": 0.0, ""delta_edge_recall"": 0.0, ""delta_edge_f1"": 0.0, ""delta_topology_score"": 0.0}","{""class_match"": 0.0, ""properties"": 0.0}","{""per_pair"": [0.0], ""n_gt"": 1, ""n_matched"": 0}",16.1
WIN-UPD-TOP-R-002,update,topological,0.7467425032093806,1.0,0.0,0.5822475010697935,spec,True,3nIe_FFgf4Vg9OnX4KtvkQ,1,1,,18.088418273997377,"{""delta_node_precision"": 0.0, ""delta_node_recall"": 0.0, ""delta_node_f1"": 0.0, ""delta_edge_precision"": 0.0, ""delta_edge_recall"": 0.0, ""delta_edge_f1"": 0.0, ""delta_topology_score"": 0.0}","{""class_match"": 1.0, ""properties"": 1.0}","{""per_pair"": [0.7467425032093806], ""n_gt"": 1, ""n_matched"": 1}",161.43
WIN-UPD-TOP-R-003,update,topological,0.9585032251307003,0.75,1.0,0.9028344083769001,spec,True,2JsRSBbh53LeGcXsUnFg8G,1,1,,0.7415082649968099,"{""delta_node_precision"": 1.0, ""delta_node_recall"": 1.0, ""delta_node_f1"": 1.0, ""delta_edge_precision"": 1.0, ""delta_edge_recall"": 1.0, ""delta_edge_f1"": 1.0, ""delta_topology_score"": 1.0}","{""class_match"": 1.0, ""properties"": 0.5}","{""per_pair"": [0.9585032251307003], ""n_gt"": 1, ""n_matched"": 1}",5.33
