task_id,operation,category,geometry,semantics,topology,final_score,gt_source,class_match,best_match_guid,n_reference,n_matched,error,seconds,topology_breakdown,semantics_breakdown,geometry_breakdown,input_mb
COL-CRE-DIR-A-001,create,direct,0.0,0.0,0.0,0.0,diff,False,,1,0,,0.010995147982612252,"{""delta_node_precision"": 0.0, ""delta_node_recall"": 0.0, ""delta_node_f1"": 0.0, ""delta_edge_precision"": 0.0, ""delta_edge_recall"": 0.0, ""delta_edge_f1"": 0.0, ""delta_topology_score"": 0.0}","{""class_match"": 0.0, ""properties"": 0.0}","{""per_pair"": [0.0], ""n_gt"": 1, ""n_matched"": 0}",0.13
COL-CRE-DIR-A-002,create,direct,0.9763869501534417,0.5,0.5952380952380951,0.6905416817971789,diff,True,24o121sgT9kw_jdesp4xmQ,1,1,,17.08561656298116,"{""delta_node_precision"": 0.3333333333333333, ""delta_node_recall"": 1.0, ""delta_node_f1"": 0.5, ""delta_edge_precision"": 0.3333333333333333, ""delta_edge_recall"": 1.0, ""delta_edge_f1"": 0.5, ""delta_topology_score"": 0.5}","{""class_match"": 1.0, ""properties"": 0.0}","{""per_pair"": [0.9763869501534417], ""n_gt"": 1, ""n_matched"": 1}",0.12
COL-CRE-DIR-R-001,create,direct,0.6709755587902583,0.5,0.7357142857142858,0.6355632815015148,diff,True,0Gpeq3WkXCvvswkgGrP2$Y,1,1,,54.939376858994365,"{""delta_node_precision"": 1.0, ""delta_node_recall"": 1.0, ""delta_node_f1"": 1.0, ""delta_edge_precision"": 0.5, ""delta_edge_recall"": 0.5, ""delta_edge_f1"": 0.5, ""delta_topology_score"": 0.6499999999999999}","{""class_match"": 1.0, ""properties"": 0.0}","{""per_pair"": [0.6709755587902583], ""n_gt"": 1, ""n_matched"": 1}",348.96
COL-CRE-DIR-R-002,create,direct,0.977031780730792,0.5,0.5952380952380951,0.6907566253229623,diff,True,0Elmvv2bbDuxcrq3ktE2YS,1,1,,1.2614688370376825,"{""delta_node_precision"": 0.3333333333333333, ""delta_node_recall"": 1.0, ""delta_node_f1"": 0.5, ""delta_edge_precision"": 0.3333333333333333, ""delta_edge_recall"": 1.0, ""delta_edge_f1"": 0.5, ""delta_topology_score"": 0.5}","{""class_match"": 1.0, ""properties"": 0.0}","{""per_pair"": [0.977031780730792], ""n_gt"": 1, ""n_matched"": 1}",5.33
COL-CRE-SPA-A-001,create,spatial,0.0,0.0,0.0,0.0,diff,False,,1,0,,0.00943386903963983,"{""delta_node_precision"": 0.0, ""delta_node_recall"": 0.0, ""delta_node_f1"": 0.0, ""delta_edge_precision"": 0.0, ""delta_edge_recall"": 0.0, ""delta_edge_f1"": 0.0, ""delta_topology_score"": 0.0}","{""class_match"": 0.0, ""properties"": 0.0}","{""per_pair"": [0.0], ""n_gt"": 1, ""n_matched"": 0}",0.13
COL-CRE-SPA-A-002,create,spatial,0.0,0.0,0.0,0.0,diff,False,,1,0,,0.19602739694528282,"{""delta_node_precision"": 0.0, ""delta_node_recall"": 0.0, ""delta_node_f1"": 0.0, ""delta_edge_precision"": 0.0, ""delta_edge_recall"": 0.0, ""delta_edge_f1"": 0.0, ""delta_topology_score"": 0.0}","{""class_match"": 0.0, ""properties"": 0.0}","{""per_pair"": [0.0], ""n_gt"": 1, ""n_matched"": 0}",0.12
COL-CRE-SPA-R-001,create,spatial,0.0,0.0,0.0,0.0,diff,False,,1,0,,24.081124383956194,"{""delta_node_precision"": 0.0, ""delta_node_recall"": 0.0, ""delta_node_f1"": 0.0, ""delta_edge_precision"": 0.0, ""delta_edge_recall"": 0.0, ""delta_edge_f1"": 0.0, ""delta_topology_score"": 0.0}","{""class_match"": 0.0, ""properties"": 0.0}","{""per_pair"": [0.0], ""n_gt"": 1, ""n_matched"": 0}",348.96
COL-CRE-SPA-R-002,create,spatial,0.0,0.0,0.0,0.0,diff,False,,1,0,,0.4863570109009743,"{""delta_node_precision"": 0.0, ""delta_node_recall"": 0.0, ""delta_node_f1"": 0.0, ""delta_edge_precision"": 0.0, ""delta_edge_recall"": 0.0, ""delta_edge_f1"": 0.0, ""delta_topology_score"": 0.0}","{""class_match"": 0.0, ""properties"": 0.0}","{""per_pair"": [0.0], ""n_gt"": 1, ""n_matched"": 0}",5.33
COL-CRE-TOP-A-001,create,topological,0.0,0.0,0.0,0.0,diff,False,,1,0,,0.008528276113793254,"{""delta_node_precision"": 0.0, ""delta_node_recall"": 0.0, ""delta_node_f1"": 0.0, ""delta_edge_precision"": 0.0, ""delta_edge_recall"": 0.0, ""delta_edge_f1"": 0.0, ""delta_topology_score"": 0.0}","{""class_match"": 0.0, ""properties"": 0.0}","{""per_pair"": [0.0], ""n_gt"": 1, ""n_matched"": 0}",0.13
COL-CRE-TOP-A-002,create,topological,0.0,0.0,0.0,0.0,diff,False,,1,0,,0.025646744994446635,"{""delta_node_precision"": 0.0, ""delta_node_recall"": 0.0, ""delta_node_f1"": 0.0, ""delta_edge_precision"": 0.0, ""delta_edge_recall"": 0.0, ""delta_edge_f1"": 0.0, ""delta_topology_score"": 0.0}","{""class_match"": 0.0, ""properties"": 0.0}","{""per_pair"": [0.0], ""n_gt"": 1, ""n_matched"": 0}",0.12
COL-CRE-TOP-R-001,create,topological,0.0,0.0,0.0,0.0,diff,False,,1,0,,29.827019691001624,"{""delta_node_precision"": 0.0, ""delta_node_recall"": 0.0, ""delta_node_f1"": 0.0, ""delta_edge_precision"": 0.0, ""delta_edge_recall"": 0.0, ""delta_edge_f1"": 0.0, ""delta_topology_score"": 0.0}","{""class_match"": 0.0, ""properties"": 0.0}","{""per_pair"": [0.0], ""n_gt"": 1, ""n_matched"": 0}",348.96
COL-CRE-TOP-R-002,create,topological,0.0,0.0,0.0,0.0,diff,False,,1,0,,0.5031047188676894,"{""delta_node_precision"": 0.0, ""delta_node_recall"": 0.0, ""delta_node_f1"": 0.0, ""delta_edge_precision"": 0.0, ""delta_edge_recall"": 0.0, ""delta_edge_f1"": 0.0, ""delta_topology_score"": 0.0}","{""class_match"": 0.0, ""properties"": 0.0}","{""per_pair"": [0.0], ""n_gt"": 1, ""n_matched"": 0}",5.33
COL-DEL-DIR-A-001,delete,direct,1.0,0.0,1.0,0.6666666666666666,spec,True,,1,1,,0.02443029102869332,"{""delta_node_precision"": 1.0, ""delta_node_recall"": 1.0, ""delta_node_f1"": 1.0, ""delta_edge_precision"": 1.0, ""delta_edge_recall"": 1.0, ""delta_edge_f1"": 1.0, ""delta_topology_score"": 1.0}","{""class_match"": 0.0, ""properties"": 0.0}","{""per_pair"": [1.0], ""n_gt"": 1, ""n_matched"": 1}",0.13
COL-DEL-DIR-A-002,delete,direct,1.0,0.0,0.4953741496598639,0.49845804988662135,spec,True,,1,1,,0.03733849013224244,"{""delta_node_precision"": 0.3333333333333333, ""delta_node_recall"": 1.0, ""delta_node_f1"": 0.5, ""delta_edge_precision"": 0.12, ""delta_edge_recall"": 1.0, ""delta_edge_f1"": 0.21428571428571425, ""delta_topology_score"": 0.29999999999999993}","{""class_match"": 0.0, ""properties"": 0.0}","{""per_pair"": [1.0], ""n_gt"": 1, ""n_matched"": 1}",0.14
COL-DEL-DIR-R-001,delete,direct,1.0,0.0,1.0,0.6666666666666666,spec,True,,1,1,,76.41837353887968,"{""delta_node_precision"": 1.0, ""delta_node_recall"": 1.0, ""delta_node_f1"": 1.0, ""delta_edge_precision"": 1.0, ""delta_edge_recall"": 1.0, ""delta_edge_f1"": 1.0, ""delta_topology_score"": 1.0}","{""class_match"": 0.0, ""properties"": 0.0}","{""per_pair"": [1.0], ""n_gt"": 1, ""n_matched"": 1}",349.08
COL-DEL-DIR-R-002,delete,direct,0.0,1.0,0.0,0.3333333333333333,spec,False,,1,0,,2.2423770469613373,"{""delta_node_precision"": 0.0, ""delta_node_recall"": 0.0, ""delta_node_f1"": 0.0, ""delta_edge_precision"": 0.0, ""delta_edge_recall"": 0.0, ""delta_edge_f1"": 0.0, ""delta_topology_score"": 0.0}","{""class_match"": 1.0, ""properties"": 1.0}","{""per_pair"": [0.0], ""n_gt"": 1, ""n_matched"": 0}",5.33
COL-DEL-SPA-A-001,delete,spatial,0.0,1.0,0.0,0.3333333333333333,spec,False,,1,0,,0.010911275865510106,"{""delta_node_precision"": 0.0, ""delta_node_recall"": 0.0, ""delta_node_f1"": 0.0, ""delta_edge_precision"": 0.0, ""delta_edge_recall"": 0.0, ""delta_edge_f1"": 0.0, ""delta_topology_score"": 0.0}","{""class_match"": 1.0, ""properties"": 1.0}","{""per_pair"": [0.0], ""n_gt"": 1, ""n_matched"": 0}",0.13
COL-DEL-SPA-A-002,delete,spatial,0.0,1.0,0.0,0.3333333333333333,spec,False,,1,0,,0.013635586947202682,"{""delta_node_precision"": 0.0, ""delta_node_recall"": 0.0, ""delta_node_f1"": 0.0, ""delta_edge_precision"": 0.0, ""delta_edge_recall"": 0.0, ""delta_edge_f1"": 0.0, ""delta_topology_score"": 0.0}","{""class_match"": 1.0, ""properties"": 1.0}","{""per_pair"": [0.0], ""n_gt"": 1, ""n_matched"": 0}",0.14
COL-DEL-SPA-R-001,delete,spatial,0.0,1.0,0.0,0.3333333333333333,spec,False,,1,0,,43.11007006606087,"{""delta_node_precision"": 0.0, ""delta_node_recall"": 0.0, ""delta_node_f1"": 0.0, ""delta_edge_precision"": 0.0, ""delta_edge_recall"": 0.0, ""delta_edge_f1"": 0.0, ""delta_topology_score"": 0.0}","{""class_match"": 1.0, ""properties"": 1.0}","{""per_pair"": [0.0], ""n_gt"": 1, ""n_matched"": 0}",349.08
COL-DEL-SPA-R-002,delete,spatial,0.0,1.0,0.0,0.3333333333333333,spec,False,,1,0,,0.659726862097159,"{""delta_node_precision"": 0.0, ""delta_node_recall"": 0.0, ""delta_node_f1"": 0.0, ""delta_edge_precision"": 0.0, ""delta_edge_recall"": 0.0, ""delta_edge_f1"": 0.0, ""delta_topology_score"": 0.0}","{""class_match"": 1.0, ""properties"": 1.0}","{""per_pair"": [0.0], ""n_gt"": 1, ""n_matched"": 0}",5.33
COL-DEL-TOP-A-001,delete,topological,0.0,1.0,0.0,0.3333333333333333,spec,False,,1,0,,0.011033294955268502,"{""delta_node_precision"": 0.0, ""delta_node_recall"": 0.0, ""delta_node_f1"": 0.0, ""delta_edge_precision"": 0.0, ""delta_edge_recall"": 0.0, ""delta_edge_f1"": 0.0, ""delta_topology_score"": 0.0}","{""class_match"": 1.0, ""properties"": 1.0}","{""per_pair"": [0.0], ""n_gt"": 1, ""n_matched"": 0}",0.13
COL-DEL-TOP-A-002,delete,topological,1.0,0.0,1.0,0.6666666666666666,spec,True,,1,1,,0.01124547515064478,"{""delta_node_precision"": 1.0, ""delta_node_recall"": 1.0, ""delta_node_f1"": 1.0, ""delta_edge_precision"": 1.0, ""delta_edge_recall"": 1.0, ""delta_edge_f1"": 1.0, ""delta_topology_score"": 1.0}","{""class_match"": 0.0, ""properties"": 0.0}","{""per_pair"": [1.0], ""n_gt"": 1, ""n_matched"": 1}",0.14
COL-DEL-TOP-R-001,delete,topological,1.0,0.0,1.0,0.6666666666666666,spec,True,,1,1,,44.22068862686865,"{""delta_node_precision"": 1.0, ""delta_node_recall"": 1.0, ""delta_node_f1"": 1.0, ""delta_edge_precision"": 1.0, ""delta_edge_recall"": 1.0, ""delta_edge_f1"": 1.0, ""delta_topology_score"": 1.0}","{""class_match"": 0.0, ""properties"": 0.0}","{""per_pair"": [1.0], ""n_gt"": 1, ""n_matched"": 1}",349.08
COL-DEL-TOP-R-002,delete,topological,1.0,0.0,1.0,0.6666666666666666,spec,True,,1,1,,0.6212546639144421,"{""delta_node_precision"": 1.0, ""delta_node_recall"": 1.0, ""delta_node_f1"": 1.0, ""delta_edge_precision"": 1.0, ""delta_edge_recall"": 1.0, ""delta_edge_f1"": 1.0, ""delta_topology_score"": 1.0}","{""class_match"": 0.0, ""properties"": 0.0}","{""per_pair"": [1.0], ""n_gt"": 1, ""n_matched"": 1}",5.33
COL-UPD-DIR-A-001,update,direct,0.0,0.0,0.0,0.0,spec,False,,1,0,,0.021481527015566826,"{""delta_node_precision"": 0.0, ""delta_node_recall"": 0.0, ""delta_node_f1"": 0.0, ""delta_edge_precision"": 0.0, ""delta_edge_recall"": 0.0, ""delta_edge_f1"": 0.0, ""delta_topology_score"": 0.0}","{""class_match"": 0.0, ""properties"": 0.0}","{""per_pair"": [0.0], ""n_gt"": 1, ""n_matched"": 0}",0.14
COL-UPD-DIR-A-002,update,direct,1.0,1.0,1.0,1.0,spec,True,2$e8udr$D3w9y2FOxedsKA,1,1,,0.14552382612600923,"{""delta_node_precision"": 1.0, ""delta_node_recall"": 1.0, ""delta_node_f1"": 1.0, ""delta_edge_precision"": 1.0, ""delta_edge_recall"": 1.0, ""delta_edge_f1"": 1.0, ""delta_topology_score"": 1.0}","{""class_match"": 1.0, ""properties"": 1.0}","{""per_pair"": [1.0], ""n_gt"": 1, ""n_matched"": 1}",0.22
COL-UPD-DIR-R-001,update,direct,0.999916204361774,1.0,1.0,0.9999720681205914,spec,True,16lgaIqan5BeMYyMYTHdSc,1,1,,65.36961853783578,"{""delta_node_precision"": 1.0, ""delta_node_recall"": 1.0, ""delta_node_f1"": 1.0, ""delta_edge_precision"": 1.0, ""delta_edge_recall"": 1.0, ""delta_edge_f1"": 1.0, ""delta_topology_score"": 1.0}","{""class_match"": 1.0, ""properties"": 1.0}","{""per_pair"": [0.999916204361774], ""n_gt"": 1, ""n_matched"": 1}",349.08
COL-UPD-DIR-R-002,update,direct,1.0,1.0,1.0,1.0,spec,True,00yrLiRn90MQI8Q5LMWRlo,1,1,,1.2436558101326227,"{""delta_node_precision"": 1.0, ""delta_node_recall"": 1.0, ""delta_node_f1"": 1.0, ""delta_edge_precision"": 1.0, ""delta_edge_recall"": 1.0, ""delta_edge_f1"": 1.0, ""delta_topology_score"": 1.0}","{""class_match"": 1.0, ""properties"": 1.0}","{""per_pair"": [1.0], ""n_gt"": 1, ""n_matched"": 1}",5.33
COL-UPD-SPA-A-001,update,spatial,0.0,0.0,0.0,0.0,spec,False,,1,0,,0.015160524984821677,"{""delta_node_precision"": 0.0, ""delta_node_recall"": 0.0, ""delta_node_f1"": 0.0, ""delta_edge_precision"": 0.0, ""delta_edge_recall"": 0.0, ""delta_edge_f1"": 0.0, ""delta_topology_score"": 0.0}","{""class_match"": 0.0, ""properties"": 0.0}","{""per_pair"": [0.0], ""n_gt"": 1, ""n_matched"": 0}",0.14
COL-UPD-SPA-A-002,update,spatial,0.0,0.0,0.0,0.0,spec,False,,1,0,,0.019469444174319506,"{""delta_node_precision"": 0.0, ""delta_node_recall"": 0.0, ""delta_node_f1"": 0.0, ""delta_edge_precision"": 0.0, ""delta_edge_recall"": 0.0, ""delta_edge_f1"": 0.0, ""delta_topology_score"": 0.0}","{""class_match"": 0.0, ""properties"": 0.0}","{""per_pair"": [0.0], ""n_gt"": 1, ""n_matched"": 0}",0.22
COL-UPD-SPA-R-001,update,spatial,0.7561368534483742,1.0,0.5285714285714286,0.7615694273399343,spec,True,16lgaIqan5BeMYyMYTHdSc,1,1,,38.24167536897585,"{""delta_node_precision"": 0.0, ""delta_node_recall"": 0.0, ""delta_node_f1"": 0.0, ""delta_edge_precision"": 1.0, ""delta_edge_recall"": 1.0, ""delta_edge_f1"": 1.0, ""delta_topology_score"": 0.7}","{""class_match"": 1.0, ""properties"": 1.0}","{""per_pair"": [0.7561368534483742], ""n_gt"": 1, ""n_matched"": 1}",349.08
COL-UPD-SPA-R-002,update,spatial,1.0,1.0,1.0,1.0,spec,True,00yrLiRn90MQI8Q5LMWRlo,1,1,,0.6072439281269908,"{""delta_node_precision"": 1.0, ""delta_node_recall"": 1.0, ""delta_node_f1"": 1.0, ""delta_edge_precision"": 1.0, ""delta_edge_recall"": 1.0, ""delta_edge_f1"": 1.0, ""delta_topology_score"": 1.0}","{""class_match"": 1.0, ""properties"": 1.0}","{""per_pair"": [1.0], ""n_gt"": 1, ""n_matched"": 1}",5.33
COL-UPD-TOP-A-001,update,topological,0.0,0.0,0.0,0.0,spec,False,,1,0,,0.015378145035356283,"{""delta_node_precision"": 0.0, ""delta_node_recall"": 0.0, ""delta_node_f1"": 0.0, ""delta_edge_precision"": 0.0, ""delta_edge_recall"": 0.0, ""delta_edge_f1"": 0.0, ""delta_topology_score"": 0.0}","{""class_match"": 0.0, ""properties"": 0.0}","{""per_pair"": [0.0], ""n_gt"": 1, ""n_matched"": 0}",0.14
COL-UPD-TOP-A-002,update,topological,0.0,0.0,0.0,0.0,spec,False,,1,0,,0.019494724925607443,"{""delta_node_precision"": 0.0, ""delta_node_recall"": 0.0, ""delta_node_f1"": 0.0, ""delta_edge_precision"": 0.0, ""delta_edge_recall"": 0.0, ""delta_edge_f1"": 0.0, ""delta_topology_score"": 0.0}","{""class_match"": 0.0, ""properties"": 0.0}","{""per_pair"": [0.0], ""n_gt"": 1, ""n_matched"": 0}",0.22
COL-UPD-TOP-R-001,update,topological,0.999916204361774,1.0,1.0,0.9999720681205914,spec,True,16lgaIqan5BeMYyMYTHdSc,1,1,,41.00140027003363,"{""delta_node_precision"": 1.0, ""delta_node_recall"": 1.0, ""delta_node_f1"": 1.0, ""delta_edge_precision"": 1.0, ""delta_edge_recall"": 1.0, ""delta_edge_f1"": 1.0, ""delta_topology_score"": 1.0}","{""class_match"": 1.0, ""properties"": 1.0}","{""per_pair"": [0.999916204361774], ""n_gt"": 1, ""n_matched"": 1}",349.08
COL-UPD-TOP-R-002,update,topological,0.0,0.0,0.0,0.0,spec,False,,1,0,,0.5990065939258784,"{""delta_node_precision"": 0.0, ""delta_node_recall"": 0.0, ""delta_node_f1"": 0.0, ""delta_edge_precision"": 0.0, ""delta_edge_recall"": 0.0, ""delta_edge_f1"": 0.0, ""delta_topology_score"": 0.0}","{""class_match"": 0.0, ""properties"": 0.0}","{""per_pair"": [0.0], ""n_gt"": 1, ""n_matched"": 0}",5.33
DOR-CRE-DIR-A-001,create,direct,0.0,0.0,0.0,0.0,diff,False,,1,0,,0.21503658895380795,"{""delta_node_precision"": 0.0, ""delta_node_recall"": 0.0, ""delta_node_f1"": 0.0, ""delta_edge_precision"": 0.0, ""delta_edge_recall"": 0.0, ""delta_edge_f1"": 0.0, ""delta_topology_score"": 0.0}","{""class_match"": 0.0, ""properties"": 0.0}","{""per_pair"": [0.0], ""n_gt"": 1, ""n_matched"": 0}",0.41
DOR-CRE-DIR-A-002,create,direct,0.0,0.0,0.0,0.0,diff,False,,1,0,,0.0950188240967691,"{""delta_node_precision"": 0.0, ""delta_node_recall"": 0.0, ""delta_node_f1"": 0.0, ""delta_edge_precision"": 0.0, ""delta_edge_recall"": 0.0, ""delta_edge_f1"": 0.0, ""delta_topology_score"": 0.0}","{""class_match"": 0.0, ""properties"": 0.0}","{""per_pair"": [0.0], ""n_gt"": 1, ""n_matched"": 0}",0.2
DOR-CRE-DIR-A-003,create,direct,0.0,0.0,0.0,0.0,diff,False,,1,0,,0.08997109578922391,"{""delta_node_precision"": 0.0, ""delta_node_recall"": 0.0, ""delta_node_f1"": 0.0, ""delta_edge_precision"": 0.0, ""delta_edge_recall"": 0.0, ""delta_edge_f1"": 0.0, ""delta_topology_score"": 0.0}","{""class_match"": 0.0, ""properties"": 0.0}","{""per_pair"": [0.0], ""n_gt"": 1, ""n_matched"": 0}",0.14
DOR-CRE-DIR-R-001,create,direct,0.0,0.0,0.0,0.0,diff,False,,1,0,,2.6529418209102005,"{""delta_node_precision"": 0.0, ""delta_node_recall"": 0.0, ""delta_node_f1"": 0.0, ""delta_edge_precision"": 0.0, ""delta_edge_recall"": 0.0, ""delta_edge_f1"": 0.0, ""delta_topology_score"": 0.0}","{""class_match"": 0.0, ""properties"": 0.0}","{""per_pair"": [0.0], ""n_gt"": 1, ""n_matched"": 0}",16.1
DOR-CRE-DIR-R-002,create,direct,0.0,0.0,0.0,0.0,diff,False,,1,0,,0.9771116590127349,"{""delta_node_precision"": 0.0, ""delta_node_recall"": 0.0, ""delta_node_f1"": 0.0, ""delta_edge_precision"": 0.0, ""delta_edge_recall"": 0.0, ""delta_edge_f1"": 0.0, ""delta_topology_score"": 0.0}","{""class_match"": 0.0, ""properties"": 0.0}","{""per_pair"": [0.0], ""n_gt"": 1, ""n_matched"": 0}",5.32
DOR-CRE-DIR-R-003,create,direct,0.0,0.0,0.0,0.0,diff,False,,1,0,,16.428962423000485,"{""delta_node_precision"": 0.0, ""delta_node_recall"": 0.0, ""delta_node_f1"": 0.0, ""delta_edge_precision"": 0.0, ""delta_edge_recall"": 0.0, ""delta_edge_f1"": 0.0, ""delta_topology_score"": 0.0}","{""class_match"": 0.0, ""properties"": 0.0}","{""per_pair"": [0.0], ""n_gt"": 1, ""n_matched"": 0}",5.26
DOR-CRE-SPA-A-001,create,spatial,0.0,0.0,0.0,0.0,diff,False,,1,0,,0.04570744186639786,"{""delta_node_precision"": 0.0, ""delta_node_recall"": 0.0, ""delta_node_f1"": 0.0, ""delta_edge_precision"": 0.0, ""delta_edge_recall"": 0.0, ""delta_edge_f1"": 0.0, ""delta_topology_score"": 0.0}","{""class_match"": 0.0, ""properties"": 0.0}","{""per_pair"": [0.0], ""n_gt"": 1, ""n_matched"": 0}",0.41
DOR-CRE-SPA-A-002,create,spatial,0.0,0.0,0.0,0.0,diff,False,,1,0,,0.012169162044301629,"{""delta_node_precision"": 0.0, ""delta_node_recall"": 0.0, ""delta_node_f1"": 0.0, ""delta_edge_precision"": 0.0, ""delta_edge_recall"": 0.0, ""delta_edge_f1"": 0.0, ""delta_topology_score"": 0.0}","{""class_match"": 0.0, ""properties"": 0.0}","{""per_pair"": [0.0], ""n_gt"": 1, ""n_matched"": 0}",0.2
DOR-CRE-SPA-A-003,create,spatial,0.0,0.0,0.0,0.0,diff,False,,1,0,,0.014587574871256948,"{""delta_node_precision"": 0.0, ""delta_node_recall"": 0.0, ""delta_node_f1"": 0.0, ""delta_edge_precision"": 0.0, ""delta_edge_recall"": 0.0, ""delta_edge_f1"": 0.0, ""delta_topology_score"": 0.0}","{""class_match"": 0.0, ""properties"": 0.0}","{""per_pair"": [0.0], ""n_gt"": 1, ""n_matched"": 0}",0.14
DOR-CRE-SPA-R-001,create,spatial,0.0,0.0,0.0,0.0,diff,False,,1,0,,1.1971430249977857,"{""delta_node_precision"": 0.0, ""delta_node_recall"": 0.0, ""delta_node_f1"": 0.0, ""delta_edge_precision"": 0.0, ""delta_edge_recall"": 0.0, ""delta_edge_f1"": 0.0, ""delta_topology_score"": 0.0}","{""class_match"": 0.0, ""properties"": 0.0}","{""per_pair"": [0.0], ""n_gt"": 1, ""n_matched"": 0}",16.1
DOR-CRE-SPA-R-002,create,spatial,0.0,0.0,0.0,0.0,diff,False,,1,0,,0.4049532450735569,"{""delta_node_precision"": 0.0, ""delta_node_recall"": 0.0, ""delta_node_f1"": 0.0, ""delta_edge_precision"": 0.0, ""delta_edge_recall"": 0.0, ""delta_edge_f1"": 0.0, ""delta_topology_score"": 0.0}","{""class_match"": 0.0, ""properties"": 0.0}","{""per_pair"": [0.0], ""n_gt"": 1, ""n_matched"": 0}",5.32
DOR-CRE-SPA-R-003,create,spatial,0.0,0.0,0.0,0.0,diff,False,,1,0,,0.9057856099680066,"{""delta_node_precision"": 0.0, ""delta_node_recall"": 0.0, ""delta_node_f1"": 0.0, ""delta_edge_precision"": 0.0, ""delta_edge_recall"": 0.0, ""delta_edge_f1"": 0.0, ""delta_topology_score"": 0.0}","{""class_match"": 0.0, ""properties"": 0.0}","{""per_pair"": [0.0], ""n_gt"": 1, ""n_matched"": 0}",5.26
DOR-CRE-TOP-A-001,create,topological,0.0,0.0,0.0,0.0,diff,False,,1,0,,0.04605435999110341,"{""delta_node_precision"": 0.0, ""delta_node_recall"": 0.0, ""delta_node_f1"": 0.0, ""delta_edge_precision"": 0.0, ""delta_edge_recall"": 0.0, ""delta_edge_f1"": 0.0, ""delta_topology_score"": 0.0}","{""class_match"": 0.0, ""properties"": 0.0}","{""per_pair"": [0.0], ""n_gt"": 1, ""n_matched"": 0}",0.41
DOR-CRE-TOP-A-002,create,topological,0.0,0.0,0.0,0.0,diff,False,,1,0,,0.011981918010860682,"{""delta_node_precision"": 0.0, ""delta_node_recall"": 0.0, ""delta_node_f1"": 0.0, ""delta_edge_precision"": 0.0, ""delta_edge_recall"": 0.0, ""delta_edge_f1"": 0.0, ""delta_topology_score"": 0.0}","{""class_match"": 0.0, ""properties"": 0.0}","{""per_pair"": [0.0], ""n_gt"": 1, ""n_matched"": 0}",0.2
DOR-CRE-TOP-A-003,create,topological,0.0,0.0,0.0,0.0,diff,False,,1,0,,0.010612597921863198,"{""delta_node_precision"": 0.0, ""delta_node_recall"": 0.0, ""delta_node_f1"": 0.0, ""delta_edge_precision"": 0.0, ""delta_edge_recall"": 0.0, ""delta_edge_f1"": 0.0, ""delta_topology_score"": 0.0}","{""class_match"": 0.0, ""properties"": 0.0}","{""per_pair"": [0.0], ""n_gt"": 1, ""n_matched"": 0}",0.14
DOR-CRE-TOP-R-001,create,topological,0.0,0.0,0.0,0.0,diff,False,,1,0,,1.2781407909933478,"{""delta_node_precision"": 0.0, ""delta_node_recall"": 0.0, ""delta_node_f1"": 0.0, ""delta_edge_precision"": 0.0, ""delta_edge_recall"": 0.0, ""delta_edge_f1"": 0.0, ""delta_topology_score"": 0.0}","{""class_match"": 0.0, ""properties"": 0.0}","{""per_pair"": [0.0], ""n_gt"": 1, ""n_matched"": 0}",16.1
DOR-CRE-TOP-R-002,create,topological,0.0,0.0,0.0,0.0,diff,False,,1,0,,0.4390279201325029,"{""delta_node_precision"": 0.0, ""delta_node_recall"": 0.0, ""delta_node_f1"": 0.0, ""delta_edge_precision"": 0.0, ""delta_edge_recall"": 0.0, ""delta_edge_f1"": 0.0, ""delta_topology_score"": 0.0}","{""class_match"": 0.0, ""properties"": 0.0}","{""per_pair"": [0.0], ""n_gt"": 1, ""n_matched"": 0}",5.32
DOR-CRE-TOP-R-003,create,topological,0.0,0.0,0.0,0.0,diff,False,,1,0,,0.7735087759792805,"{""delta_node_precision"": 0.0, ""delta_node_recall"": 0.0, ""delta_node_f1"": 0.0, ""delta_edge_precision"": 0.0, ""delta_edge_recall"": 0.0, ""delta_edge_f1"": 0.0, ""delta_topology_score"": 0.0}","{""class_match"": 0.0, ""properties"": 0.0}","{""per_pair"": [0.0], ""n_gt"": 1, ""n_matched"": 0}",5.26
DOR-DEL-DIR-A-001,delete,direct,0.0,1.0,0.0,0.3333333333333333,spec,False,,1,0,,0.19973816396668553,"{""delta_node_precision"": 0.0, ""delta_node_recall"": 0.0, ""delta_node_f1"": 0.0, ""delta_edge_precision"": 0.0, ""delta_edge_recall"": 0.0, ""delta_edge_f1"": 0.0, ""delta_topology_score"": 0.0}","{""class_match"": 1.0, ""properties"": 1.0}","{""per_pair"": [0.0], ""n_gt"": 1, ""n_matched"": 0}",0.14
DOR-DEL-DIR-A-002,delete,direct,1.0,0.0,0.6938949938949938,0.5646316646316646,spec,True,,1,1,,0.12998390290886164,"{""delta_node_precision"": 0.5, ""delta_node_recall"": 1.0, ""delta_node_f1"": 0.6666666666666666, ""delta_edge_precision"": 0.4444444444444444, ""delta_edge_recall"": 1.0, ""delta_edge_f1"": 0.6153846153846153, ""delta_topology_score"": 0.6307692307692306}","{""class_match"": 0.0, ""properties"": 0.0}","{""per_pair"": [1.0], ""n_gt"": 1, ""n_matched"": 1}",0.22
DOR-DEL-DIR-R-001,delete,direct,0.0,1.0,0.0,0.3333333333333333,spec,False,,1,0,,6.092002976918593,"{""delta_node_precision"": 0.0, ""delta_node_recall"": 0.0, ""delta_node_f1"": 0.0, ""delta_edge_precision"": 0.0, ""delta_edge_recall"": 0.0, ""delta_edge_f1"": 0.0, ""delta_topology_score"": 0.0}","{""class_match"": 1.0, ""properties"": 1.0}","{""per_pair"": [0.0], ""n_gt"": 1, ""n_matched"": 0}",16.92
DOR-DEL-DIR-R-002,delete,direct,0.0,1.0,0.0,0.3333333333333333,spec,False,,1,0,,2.1650585827883333,"{""delta_node_precision"": 0.0, ""delta_node_recall"": 0.0, ""delta_node_f1"": 0.0, ""delta_edge_precision"": 0.0, ""delta_edge_recall"": 0.0, ""delta_edge_f1"": 0.0, ""delta_topology_score"": 0.0}","{""class_match"": 1.0, ""properties"": 1.0}","{""per_pair"": [0.0], ""n_gt"": 1, ""n_matched"": 0}",5.26
DOR-DEL-SPA-A-001,delete,spatial,1.0,0.0,1.0,0.6666666666666666,spec,True,,1,1,,0.023637152975425124,"{""delta_node_precision"": 1.0, ""delta_node_recall"": 1.0, ""delta_node_f1"": 1.0, ""delta_edge_precision"": 1.0, ""delta_edge_recall"": 1.0, ""delta_edge_f1"": 1.0, ""delta_topology_score"": 1.0}","{""class_match"": 0.0, ""properties"": 0.0}","{""per_pair"": [1.0], ""n_gt"": 1, ""n_matched"": 1}",0.14
DOR-DEL-SPA-A-002,delete,spatial,0.0,1.0,0.0,0.3333333333333333,spec,False,,1,0,,0.11253762803971767,"{""delta_node_precision"": 0.0, ""delta_node_recall"": 0.0, ""delta_node_f1"": 0.0, ""delta_edge_precision"": 0.0, ""delta_edge_recall"": 0.0, ""delta_edge_f1"": 0.0, ""delta_topology_score"": 0.0}","{""class_match"": 1.0, ""properties"": 1.0}","{""per_pair"": [0.0], ""n_gt"": 1, ""n_matched"": 0}",0.22
DOR-DEL-SPA-R-001,delete,spatial,0.0,1.0,0.0,0.3333333333333333,spec,False,,1,0,,2.3287153511773795,"{""delta_node_precision"": 0.0, ""delta_node_recall"": 0.0, ""delta_node_f1"": 0.0, ""delta_edge_precision"": 0.0, ""delta_edge_recall"": 0.0, ""delta_edge_f1"": 0.0, ""delta_topology_score"": 0.0}","{""class_match"": 1.0, ""properties"": 1.0}","{""per_pair"": [0.0], ""n_gt"": 1, ""n_matched"": 0}",16.92
DOR-DEL-SPA-R-002,delete,spatial,0.0,1.0,0.0,0.3333333333333333,spec,False,,1,0,,0.7012763589154929,"{""delta_node_precision"": 0.0, ""delta_node_recall"": 0.0, ""delta_node_f1"": 0.0, ""delta_edge_precision"": 0.0, ""delta_edge_recall"": 0.0, ""delta_edge_f1"": 0.0, ""delta_topology_score"": 0.0}","{""class_match"": 1.0, ""properties"": 1.0}","{""per_pair"": [0.0], ""n_gt"": 1, ""n_matched"": 0}",5.26
DOR-DEL-TOP-A-001,delete,topological,0.0,1.0,0.0,0.3333333333333333,spec,False,,1,0,,0.08458423591218889,"{""delta_node_precision"": 0.0, ""delta_node_recall"": 0.0, ""delta_node_f1"": 0.0, ""delta_edge_precision"": 0.0, ""delta_edge_recall"": 0.0, ""delta_edge_f1"": 0.0, ""delta_topology_score"": 0.0}","{""class_match"": 1.0, ""properties"": 1.0}","{""per_pair"": [0.0], ""n_gt"": 1, ""n_matched"": 0}",0.14
DOR-DEL-TOP-A-002,delete,topological,1.0,0.0,1.0,0.6666666666666666,spec,True,,1,1,,0.0170027541462332,"{""delta_node_precision"": 1.0, ""delta_node_recall"": 1.0, ""delta_node_f1"": 1.0, ""delta_edge_precision"": 1.0, ""delta_edge_recall"": 1.0, ""delta_edge_f1"": 1.0, ""delta_topology_score"": 1.0}","{""class_match"": 0.0, ""properties"": 0.0}","{""per_pair"": [1.0], ""n_gt"": 1, ""n_matched"": 1}",0.22
DOR-DEL-TOP-R-001,delete,topological,0.0,1.0,0.0,0.3333333333333333,spec,False,,1,0,,2.290273373015225,"{""delta_node_precision"": 0.0, ""delta_node_recall"": 0.0, ""delta_node_f1"": 0.0, ""delta_edge_precision"": 0.0, ""delta_edge_recall"": 0.0, ""delta_edge_f1"": 0.0, ""delta_topology_score"": 0.0}","{""class_match"": 1.0, ""properties"": 1.0}","{""per_pair"": [0.0], ""n_gt"": 1, ""n_matched"": 0}",16.92
DOR-DEL-TOP-R-002,delete,topological,1.0,0.0,1.0,0.6666666666666666,spec,True,,1,1,,0.6000107871368527,"{""delta_node_precision"": 1.0, ""delta_node_recall"": 1.0, ""delta_node_f1"": 1.0, ""delta_edge_precision"": 1.0, ""delta_edge_recall"": 1.0, ""delta_edge_f1"": 1.0, ""delta_topology_score"": 1.0}","{""class_match"": 0.0, ""properties"": 0.0}","{""per_pair"": [1.0], ""n_gt"": 1, ""n_matched"": 1}",5.26
DOR-UPD-DIR-A-001,update,direct,0.9999999999999876,1.0,1.0,0.9999999999999959,spec,True,3weZ9R4j52LPSdY$3bzEMo,1,1,,1.5049738378729671,"{""delta_node_precision"": 1.0, ""delta_node_recall"": 1.0, ""delta_node_f1"": 1.0, ""delta_edge_precision"": 1.0, ""delta_edge_recall"": 1.0, ""delta_edge_f1"": 1.0, ""delta_topology_score"": 1.0}","{""class_match"": 1.0, ""properties"": 1.0}","{""per_pair"": [0.9999999999999876], ""n_gt"": 1, ""n_matched"": 1}",0.22
DOR-UPD-DIR-R-001,update,direct,0.9999999999999848,1.0,1.0,0.999999999999995,spec,True,2AGvcvmtT5tuw78WQbzQMZ,1,1,,1.5355008479673415,"{""delta_node_precision"": 1.0, ""delta_node_recall"": 1.0, ""delta_node_f1"": 1.0, ""delta_edge_precision"": 1.0, ""delta_edge_recall"": 1.0, ""delta_edge_f1"": 1.0, ""delta_topology_score"": 1.0}","{""class_match"": 1.0, ""properties"": 1.0}","{""per_pair"": [0.9999999999999848], ""n_gt"": 1, ""n_matched"": 1}",5.26
DOR-UPD-SPA-A-001,update,spatial,0.9999999999999876,1.0,1.0,0.9999999999999959,spec,True,3weZ9R4j52LPSdY$3bzEMo,1,1,,0.2268028010148555,"{""delta_node_precision"": 1.0, ""delta_node_recall"": 1.0, ""delta_node_f1"": 1.0, ""delta_edge_precision"": 1.0, ""delta_edge_recall"": 1.0, ""delta_edge_f1"": 1.0, ""delta_topology_score"": 1.0}","{""class_match"": 1.0, ""properties"": 1.0}","{""per_pair"": [0.9999999999999876], ""n_gt"": 1, ""n_matched"": 1}",0.22
DOR-UPD-SPA-R-001,update,spatial,0.9353446244965221,1.0,0.5285714285714286,0.8213053510226502,spec,True,2AGvcvmtT5tuw78WQbzQMZ,1,1,,0.8888764481525868,"{""delta_node_precision"": 0.0, ""delta_node_recall"": 0.0, ""delta_node_f1"": 0.0, ""delta_edge_precision"": 1.0, ""delta_edge_recall"": 1.0, ""delta_edge_f1"": 1.0, ""delta_topology_score"": 0.7}","{""class_match"": 1.0, ""properties"": 1.0}","{""per_pair"": [0.9353446244965221], ""n_gt"": 1, ""n_matched"": 1}",5.26
DOR-UPD-TOP-A-001,update,topological,0.9999999999999876,1.0,1.0,0.9999999999999959,spec,True,3weZ9R4j52LPSdY$3bzEMo,1,1,,0.22208613296970725,"{""delta_node_precision"": 1.0, ""delta_node_recall"": 1.0, ""delta_node_f1"": 1.0, ""delta_edge_precision"": 1.0, ""delta_edge_recall"": 1.0, ""delta_edge_f1"": 1.0, ""delta_topology_score"": 1.0}","{""class_match"": 1.0, ""properties"": 1.0}","{""per_pair"": [0.9999999999999876], ""n_gt"": 1, ""n_matched"": 1}",0.22
DOR-UPD-TOP-R-001,update,topological,0.9353446244965221,1.0,0.5285714285714286,0.8213053510226502,spec,True,2AGvcvmtT5tuw78WQbzQMZ,1,1,,0.8799807969480753,"{""delta_node_precision"": 0.0, ""delta_node_recall"": 0.0, ""delta_node_f1"": 0.0, ""delta_edge_precision"": 1.0, ""delta_edge_recall"": 1.0, ""delta_edge_f1"": 1.0, ""delta_topology_score"": 0.7}","{""class_match"": 1.0, ""properties"": 1.0}","{""per_pair"": [0.9353446244965221], ""n_gt"": 1, ""n_matched"": 1}",5.26
ROM-CRE-DIR-A-001,create,direct,0.0,0.0,0.0,0.0,diff,False,,1,0,,0.024283003993332386,"{""delta_node_precision"": 0.0, ""delta_node_recall"": 0.0, ""delta_node_f1"": 0.0, ""delta_edge_precision"": 0.0, ""delta_edge_recall"": 0.0, ""delta_edge_f1"": 0.0, ""delta_topology_score"": 0.0}","{""class_match"": 0.0, ""properties"": 0.0}","{""per_pair"": [0.0], ""n_gt"": 1, ""n_matched"": 0}",0.13
ROM-CRE-DIR-A-002,create,direct,0.9999999999999718,0.5,0.9444444444444445,0.8148148148148054,diff,True,2Go$SzYub7ExLou4W_Cqba,1,1,,0.040341155137866735,"{""delta_node_precision"": 1.0, ""delta_node_recall"": 1.0, ""delta_node_f1"": 1.0, ""delta_edge_precision"": 1.0, ""delta_edge_recall"": 0.8, ""delta_edge_f1"": 0.888888888888889, ""delta_topology_score"": 0.9222222222222223}","{""class_match"": 1.0, ""properties"": 0.0}","{""per_pair"": [0.9999999999999718], ""n_gt"": 1, ""n_matched"": 1}",0.14
ROM-CRE-DIR-A-003,create,direct,0.9291645674158661,0.5,0.5170068027210883,0.6487237900456514,diff,True,00MA8qGZX80hegG602ByVB,1,1,,0.043610631953924894,"{""delta_node_precision"": 0.5, ""delta_node_recall"": 1.0, ""delta_node_f1"": 0.6666666666666666, ""delta_edge_precision"": 0.2857142857142857, ""delta_edge_recall"": 0.4, ""delta_edge_f1"": 0.3333333333333333, ""delta_topology_score"": 0.4333333333333333}","{""class_match"": 1.0, ""properties"": 0.0}","{""per_pair"": [0.9291645674158661], ""n_gt"": 1, ""n_matched"": 1}",0.17
ROM-CRE-DIR-A-004,create,direct,0.9351630418265591,0.5,0.7056616194865042,0.7136082204376878,diff,True,3_051XGjPB8hgxbH6cIcOp,1,1,,0.032099420903250575,"{""delta_node_precision"": 0.5, ""delta_node_recall"": 1.0, ""delta_node_f1"": 0.6666666666666666, ""delta_edge_precision"": 0.47619047619047616, ""delta_edge_recall"": 1.0, ""delta_edge_f1"": 0.6451612903225806, ""delta_topology_score"": 0.6516129032258063}","{""class_match"": 1.0, ""properties"": 0.0}","{""per_pair"": [0.9351630418265591], ""n_gt"": 1, ""n_matched"": 1}",0.15
ROM-CRE-DIR-R-001,create,direct,0.0,0.0,0.0,0.0,diff,False,,1,0,,49.11480052792467,"{""delta_node_precision"": 0.0, ""delta_node_recall"": 0.0, ""delta_node_f1"": 0.0, ""delta_edge_precision"": 0.0, ""delta_edge_recall"": 0.0, ""delta_edge_f1"": 0.0, ""delta_topology_score"": 0.0}","{""class_match"": 0.0, ""properties"": 0.0}","{""per_pair"": [0.0], ""n_gt"": 1, ""n_matched"": 0}",148.91
ROM-CRE-DIR-R-002,create,direct,0.9518505212832525,0.5,0.96984126984127,0.8072305970415075,diff,True,2qKgzMBPbBUP7a4XwFLS1$,1,1,,1.0834096709731966,"{""delta_node_precision"": 1.0, ""delta_node_recall"": 1.0, ""delta_node_f1"": 1.0, ""delta_edge_precision"": 1.0, ""delta_edge_recall"": 0.8888888888888888, ""delta_edge_f1"": 0.9411764705882353, ""delta_topology_score"": 0.9588235294117646}","{""class_match"": 1.0, ""properties"": 0.0}","{""per_pair"": [0.9518505212832525], ""n_gt"": 1, ""n_matched"": 1}",12.15
ROM-CRE-DIR-R-003,create,direct,0.9557986248838316,0.5,0.7315229515229513,0.7291071921355942,diff,True,2Cqk8sTA59G9FvvQq75ZZS,1,1,,0.8603888349607587,"{""delta_node_precision"": 1.0, ""delta_node_recall"": 1.0, ""delta_node_f1"": 1.0, ""delta_edge_precision"": 1.0, ""delta_edge_recall"": 0.21621621621621623, ""delta_edge_f1"": 0.35555555555555557, ""delta_topology_score"": 0.5488888888888889}","{""class_match"": 1.0, ""properties"": 0.0}","{""per_pair"": [0.9557986248838316], ""n_gt"": 1, ""n_matched"": 1}",5.32
ROM-CRE-DIR-R-004,create,direct,0.9997049783553232,0.5,1.0,0.8332349927851078,diff,True,2mH2uQ1evCWeGb39CKkhKh,1,1,,1.4574630940333009,"{""delta_node_precision"": 1.0, ""delta_node_recall"": 1.0, ""delta_node_f1"": 1.0, ""delta_edge_precision"": 1.0, ""delta_edge_recall"": 1.0, ""delta_edge_f1"": 1.0, ""delta_topology_score"": 1.0}","{""class_match"": 1.0, ""properties"": 0.0}","{""per_pair"": [0.9997049783553232], ""n_gt"": 1, ""n_matched"": 1}",4.71
ROM-CRE-SPA-A-001,create,spatial,0.0,0.0,0.0,0.0,diff,False,,1,0,,0.008928033988922834,"{""delta_node_precision"": 0.0, ""delta_node_recall"": 0.0, ""delta_node_f1"": 0.0, ""delta_edge_precision"": 0.0, ""delta_edge_recall"": 0.0, ""delta_edge_f1"": 0.0, ""delta_topology_score"": 0.0}","{""class_match"": 0.0, ""properties"": 0.0}","{""per_pair"": [0.0], ""n_gt"": 1, ""n_matched"": 0}",0.13
ROM-CRE-SPA-A-002,create,spatial,0.0,0.0,0.0,0.0,diff,False,,1,0,,0.011787694180384278,"{""delta_node_precision"": 0.0, ""delta_node_recall"": 0.0, ""delta_node_f1"": 0.0, ""delta_edge_precision"": 0.0, ""delta_edge_recall"": 0.0, ""delta_edge_f1"": 0.0, ""delta_topology_score"": 0.0}","{""class_match"": 0.0, ""properties"": 0.0}","{""per_pair"": [0.0], ""n_gt"": 1, ""n_matched"": 0}",0.14
ROM-CRE-SPA-A-003,create,spatial,0.0,0.0,0.0,0.0,diff,False,,1,0,,0.013040996855124831,"{""delta_node_precision"": 0.0, ""delta_node_recall"": 0.0, ""delta_node_f1"": 0.0, ""delta_edge_precision"": 0.0, ""delta_edge_recall"": 0.0, ""delta_edge_f1"": 0.0, ""delta_topology_score"": 0.0}","{""class_match"": 0.0, ""properties"": 0.0}","{""per_pair"": [0.0], ""n_gt"": 1, ""n_matched"": 0}",0.17
ROM-CRE-SPA-A-004,create,spatial,0.0,0.0,0.0,0.0,diff,False,,1,0,,0.010807489976286888,"{""delta_node_precision"": 0.0, ""delta_node_recall"": 0.0, ""delta_node_f1"": 0.0, ""delta_edge_precision"": 0.0, ""delta_edge_recall"": 0.0, ""delta_edge_f1"": 0.0, ""delta_topology_score"": 0.0}","{""class_match"": 0.0, ""properties"": 0.0}","{""per_pair"": [0.0], ""n_gt"": 1, ""n_matched"": 0}",0.15
ROM-CRE-SPA-R-001,create,spatial,0.0,0.0,0.0,0.0,diff,False,,1,0,,16.23564908700064,"{""delta_node_precision"": 0.0, ""delta_node_recall"": 0.0, ""delta_node_f1"": 0.0, ""delta_edge_precision"": 0.0, ""delta_edge_recall"": 0.0, ""delta_edge_f1"": 0.0, ""delta_topology_score"": 0.0}","{""class_match"": 0.0, ""properties"": 0.0}","{""per_pair"": [0.0], ""n_gt"": 1, ""n_matched"": 0}",148.91
ROM-CRE-SPA-R-002,create,spatial,0.0,0.0,0.0,0.0,diff,False,,1,0,,1.0945880189538002,"{""delta_node_precision"": 0.0, ""delta_node_recall"": 0.0, ""delta_node_f1"": 0.0, ""delta_edge_precision"": 0.0, ""delta_edge_recall"": 0.0, ""delta_edge_f1"": 0.0, ""delta_topology_score"": 0.0}","{""class_match"": 0.0, ""properties"": 0.0}","{""per_pair"": [0.0], ""n_gt"": 1, ""n_matched"": 0}",12.15
ROM-CRE-SPA-R-003,create,spatial,0.0,0.0,0.0,0.0,diff,False,,1,0,,0.4799043950624764,"{""delta_node_precision"": 0.0, ""delta_node_recall"": 0.0, ""delta_node_f1"": 0.0, ""delta_edge_precision"": 0.0, ""delta_edge_recall"": 0.0, ""delta_edge_f1"": 0.0, ""delta_topology_score"": 0.0}","{""class_match"": 0.0, ""properties"": 0.0}","{""per_pair"": [0.0], ""n_gt"": 1, ""n_matched"": 0}",5.32
ROM-CRE-SPA-R-004,create,spatial,0.0,0.0,0.0,0.0,diff,False,,1,0,,0.513518322026357,"{""delta_node_precision"": 0.0, ""delta_node_recall"": 0.0, ""delta_node_f1"": 0.0, ""delta_edge_precision"": 0.0, ""delta_edge_recall"": 0.0, ""delta_edge_f1"": 0.0, ""delta_topology_score"": 0.0}","{""class_match"": 0.0, ""properties"": 0.0}","{""per_pair"": [0.0], ""n_gt"": 1, ""n_matched"": 0}",4.71
ROM-CRE-TOP-A-001,create,topological,0.0,0.0,0.0,0.0,diff,False,,1,0,,0.011266459943726659,"{""delta_node_precision"": 0.0, ""delta_node_recall"": 0.0, ""delta_node_f1"": 0.0, ""delta_edge_precision"": 0.0, ""delta_edge_recall"": 0.0, ""delta_edge_f1"": 0.0, ""delta_topology_score"": 0.0}","{""class_match"": 0.0, ""properties"": 0.0}","{""per_pair"": [0.0], ""n_gt"": 1, ""n_matched"": 0}",0.13
ROM-CRE-TOP-A-002,create,topological,0.0,0.0,0.0,0.0,diff,False,,1,0,,0.013654729118570685,"{""delta_node_precision"": 0.0, ""delta_node_recall"": 0.0, ""delta_node_f1"": 0.0, ""delta_edge_precision"": 0.0, ""delta_edge_recall"": 0.0, ""delta_edge_f1"": 0.0, ""delta_topology_score"": 0.0}","{""class_match"": 0.0, ""properties"": 0.0}","{""per_pair"": [0.0], ""n_gt"": 1, ""n_matched"": 0}",0.14
ROM-CRE-TOP-A-003,create,topological,0.0,0.0,0.0,0.0,diff,False,,1,0,,0.012545319041237235,"{""delta_node_precision"": 0.0, ""delta_node_recall"": 0.0, ""delta_node_f1"": 0.0, ""delta_edge_precision"": 0.0, ""delta_edge_recall"": 0.0, ""delta_edge_f1"": 0.0, ""delta_topology_score"": 0.0}","{""class_match"": 0.0, ""properties"": 0.0}","{""per_pair"": [0.0], ""n_gt"": 1, ""n_matched"": 0}",0.17
ROM-CRE-TOP-A-004,create,topological,0.0,0.0,0.0,0.0,diff,False,,1,0,,0.010806455044075847,"{""delta_node_precision"": 0.0, ""delta_node_recall"": 0.0, ""delta_node_f1"": 0.0, ""delta_edge_precision"": 0.0, ""delta_edge_recall"": 0.0, ""delta_edge_f1"": 0.0, ""delta_topology_score"": 0.0}","{""class_match"": 0.0, ""properties"": 0.0}","{""per_pair"": [0.0], ""n_gt"": 1, ""n_matched"": 0}",0.15
ROM-CRE-TOP-R-001,create,topological,0.0,0.0,0.0,0.0,diff,False,,1,0,,17.425800316035748,"{""delta_node_precision"": 0.0, ""delta_node_recall"": 0.0, ""delta_node_f1"": 0.0, ""delta_edge_precision"": 0.0, ""delta_edge_recall"": 0.0, ""delta_edge_f1"": 0.0, ""delta_topology_score"": 0.0}","{""class_match"": 0.0, ""properties"": 0.0}","{""per_pair"": [0.0], ""n_gt"": 1, ""n_matched"": 0}",148.91
ROM-CRE-TOP-R-002,create,topological,0.0,0.0,0.0,0.0,diff,False,,1,0,,1.098057121038437,"{""delta_node_precision"": 0.0, ""delta_node_recall"": 0.0, ""delta_node_f1"": 0.0, ""delta_edge_precision"": 0.0, ""delta_edge_recall"": 0.0, ""delta_edge_f1"": 0.0, ""delta_topology_score"": 0.0}","{""class_match"": 0.0, ""properties"": 0.0}","{""per_pair"": [0.0], ""n_gt"": 1, ""n_matched"": 0}",12.15
ROM-CRE-TOP-R-003,create,topological,0.0,0.0,0.0,0.0,diff,False,,1,0,,0.49895873200148344,"{""delta_node_precision"": 0.0, ""delta_node_recall"": 0.0, ""delta_node_f1"": 0.0, ""delta_edge_precision"": 0.0, ""delta_edge_recall"": 0.0, ""delta_edge_f1"": 0.0, ""delta_topology_score"": 0.0}","{""class_match"": 0.0, ""properties"": 0.0}","{""per_pair"": [0.0], ""n_gt"": 1, ""n_matched"": 0}",5.32
ROM-CRE-TOP-R-004,create,topological,0.0,0.0,0.0,0.0,diff,False,,1,0,,0.532404996920377,"{""delta_node_precision"": 0.0, ""delta_node_recall"": 0.0, ""delta_node_f1"": 0.0, ""delta_edge_precision"": 0.0, ""delta_edge_recall"": 0.0, ""delta_edge_f1"": 0.0, ""delta_topology_score"": 0.0}","{""class_match"": 0.0, ""properties"": 0.0}","{""per_pair"": [0.0], ""n_gt"": 1, ""n_matched"": 0}",4.71
ROM-DEL-DIR-A-001,delete,direct,1.0,0.0,1.0,0.6666666666666666,spec,True,,1,1,,0.021265055052936077,"{""delta_node_precision"": 1.0, ""delta_node_recall"": 1.0, ""delta_node_f1"": 1.0, ""delta_edge_precision"": 1.0, ""delta_edge_recall"": 1.0, ""delta_edge_f1"": 1.0, ""delta_topology_score"": 1.0}","{""class_match"": 0.0, ""properties"": 0.0}","{""per_pair"": [1.0], ""n_gt"": 1, ""n_matched"": 1}",0.13
ROM-DEL-DIR-A-002,delete,direct,1.0,0.0,0.9729323308270678,0.6576441102756893,spec,True,,1,1,,0.043700007954612374,"{""delta_node_precision"": 1.0, ""delta_node_recall"": 1.0, ""delta_node_f1"": 1.0, ""delta_edge_precision"": 1.0, ""delta_edge_recall"": 0.9, ""delta_edge_f1"": 0.9473684210526316, ""delta_topology_score"": 0.963157894736842}","{""class_match"": 0.0, ""properties"": 0.0}","{""per_pair"": [1.0], ""n_gt"": 1, ""n_matched"": 1}",0.15
ROM-DEL-DIR-A-003,delete,direct,1.0,0.0,1.0,0.6666666666666666,spec,True,,1,1,,0.02788690198212862,"{""delta_node_precision"": 1.0, ""delta_node_recall"": 1.0, ""delta_node_f1"": 1.0, ""delta_edge_precision"": 1.0, ""delta_edge_recall"": 1.0, ""delta_edge_f1"": 1.0, ""delta_topology_score"": 1.0}","{""class_match"": 0.0, ""properties"": 0.0}","{""per_pair"": [1.0], ""n_gt"": 1, ""n_matched"": 1}",0.15
ROM-DEL-DIR-A-004,delete,direct,1.0,0.0,0.0,0.3333333333333333,spec,True,,1,1,,0.03157451399601996,"{""delta_node_precision"": 0.0, ""delta_node_recall"": 0.0, ""delta_node_f1"": 0.0, ""delta_edge_precision"": 0.0, ""delta_edge_recall"": 0.0, ""delta_edge_f1"": 0.0, ""delta_topology_score"": 0.0}","{""class_match"": 0.0, ""properties"": 0.0}","{""per_pair"": [1.0], ""n_gt"": 1, ""n_matched"": 1}",0.14
ROM-DEL-DIR-R-001,delete,direct,1.0,0.0,1.0,0.6666666666666666,spec,True,,1,1,,17.21151547599584,"{""delta_node_precision"": 1.0, ""delta_node_recall"": 1.0, ""delta_node_f1"": 1.0, ""delta_edge_precision"": 1.0, ""delta_edge_recall"": 1.0, ""delta_edge_f1"": 1.0, ""delta_topology_score"": 1.0}","{""class_match"": 0.0, ""properties"": 0.0}","{""per_pair"": [1.0], ""n_gt"": 1, ""n_matched"": 1}",148.92
ROM-DEL-DIR-R-002,delete,direct,1.0,0.0,1.0,0.6666666666666666,spec,True,,1,1,,2.5341136339120567,"{""delta_node_precision"": 1.0, ""delta_node_recall"": 1.0, ""delta_node_f1"": 1.0, ""delta_edge_precision"": 1.0, ""delta_edge_recall"": 1.0, ""delta_edge_f1"": 1.0, ""delta_topology_score"": 1.0}","{""class_match"": 0.0, ""properties"": 0.0}","{""per_pair"": [1.0], ""n_gt"": 1, ""n_matched"": 1}",12.16
ROM-DEL-DIR-R-003,delete,direct,1.0,0.0,0.9577838827838827,0.6525946275946276,spec,True,,1,1,,1.2102005160413682,"{""delta_node_precision"": 1.0, ""delta_node_recall"": 1.0, ""delta_node_f1"": 1.0, ""delta_edge_precision"": 1.0, ""delta_edge_recall"": 0.8461538461538461, ""delta_edge_f1"": 0.9166666666666666, ""delta_topology_score"": 0.9416666666666667}","{""class_match"": 0.0, ""properties"": 0.0}","{""per_pair"": [1.0], ""n_gt"": 1, ""n_matched"": 1}",5.33
ROM-DEL-DIR-R-004,delete,direct,1.0,0.0,1.0,0.6666666666666666,spec,True,,1,1,,2.1447237939573824,"{""delta_node_precision"": 1.0, ""delta_node_recall"": 1.0, ""delta_node_f1"": 1.0, ""delta_edge_precision"": 1.0, ""delta_edge_recall"": 1.0, ""delta_edge_f1"": 1.0, ""delta_topology_score"": 1.0}","{""class_match"": 0.0, ""properties"": 0.0}","{""per_pair"": [1.0], ""n_gt"": 1, ""n_matched"": 1}",4.72
ROM-DEL-SPA-A-001,delete,spatial,0.0,1.0,0.0,0.3333333333333333,spec,False,,1,0,,0.01895826100371778,"{""delta_node_precision"": 0.0, ""delta_node_recall"": 0.0, ""delta_node_f1"": 0.0, ""delta_edge_precision"": 0.0, ""delta_edge_recall"": 0.0, ""delta_edge_f1"": 0.0, ""delta_topology_score"": 0.0}","{""class_match"": 1.0, ""properties"": 1.0}","{""per_pair"": [0.0], ""n_gt"": 1, ""n_matched"": 0}",0.13
ROM-DEL-SPA-A-002,delete,spatial,0.0,1.0,0.0,0.3333333333333333,spec,False,,1,0,,0.013792549027130008,"{""delta_node_precision"": 0.0, ""delta_node_recall"": 0.0, ""delta_node_f1"": 0.0, ""delta_edge_precision"": 0.0, ""delta_edge_recall"": 0.0, ""delta_edge_f1"": 0.0, ""delta_topology_score"": 0.0}","{""class_match"": 1.0, ""properties"": 1.0}","{""per_pair"": [0.0], ""n_gt"": 1, ""n_matched"": 0}",0.15
ROM-DEL-SPA-A-003,delete,spatial,0.0,1.0,0.0,0.3333333333333333,spec,False,,1,0,,0.012452997965738177,"{""delta_node_precision"": 0.0, ""delta_node_recall"": 0.0, ""delta_node_f1"": 0.0, ""delta_edge_precision"": 0.0, ""delta_edge_recall"": 0.0, ""delta_edge_f1"": 0.0, ""delta_topology_score"": 0.0}","{""class_match"": 1.0, ""properties"": 1.0}","{""per_pair"": [0.0], ""n_gt"": 1, ""n_matched"": 0}",0.15
ROM-DEL-SPA-A-004,delete,spatial,0.0,1.0,0.0,0.3333333333333333,spec,False,,1,0,,0.014041031943634152,"{""delta_node_precision"": 0.0, ""delta_node_recall"": 0.0, ""delta_node_f1"": 0.0, ""delta_edge_precision"": 0.0, ""delta_edge_recall"": 0.0, ""delta_edge_f1"": 0.0, ""delta_topology_score"": 0.0}","{""class_match"": 1.0, ""properties"": 1.0}","{""per_pair"": [0.0], ""n_gt"": 1, ""n_matched"": 0}",0.14
ROM-DEL-SPA-R-001,delete,spatial,0.0,1.0,0.0,0.3333333333333333,spec,False,,1,0,,17.671646437840536,"{""delta_node_precision"": 0.0, ""delta_node_recall"": 0.0, ""delta_node_f1"": 0.0, ""delta_edge_precision"": 0.0, ""delta_edge_recall"": 0.0, ""delta_edge_f1"": 0.0, ""delta_topology_score"": 0.0}","{""class_match"": 1.0, ""properties"": 1.0}","{""per_pair"": [0.0], ""n_gt"": 1, ""n_matched"": 0}",148.92
ROM-DEL-SPA-R-002,delete,spatial,0.0,1.0,0.0,0.3333333333333333,spec,False,,1,0,,1.0425878800451756,"{""delta_node_precision"": 0.0, ""delta_node_recall"": 0.0, ""delta_node_f1"": 0.0, ""delta_edge_precision"": 0.0, ""delta_edge_recall"": 0.0, ""delta_edge_f1"": 0.0, ""delta_topology_score"": 0.0}","{""class_match"": 1.0, ""properties"": 1.0}","{""per_pair"": [0.0], ""n_gt"": 1, ""n_matched"": 0}",12.16
ROM-DEL-SPA-R-003,delete,spatial,0.0,1.0,0.0,0.3333333333333333,spec,False,,1,0,,0.5907848058268428,"{""delta_node_precision"": 0.0, ""delta_node_recall"": 0.0, ""delta_node_f1"": 0.0, ""delta_edge_precision"": 0.0, ""delta_edge_recall"": 0.0, ""delta_edge_f1"": 0.0, ""delta_topology_score"": 0.0}","{""class_match"": 1.0, ""properties"": 1.0}","{""per_pair"": [0.0], ""n_gt"": 1, ""n_matched"": 0}",5.33
ROM-DEL-SPA-R-004,delete,spatial,0.0,1.0,0.0,0.3333333333333333,spec,False,,1,0,,0.6299670150037855,"{""delta_node_precision"": 0.0, ""delta_node_recall"": 0.0, ""delta_node_f1"": 0.0, ""delta_edge_precision"": 0.0, ""delta_edge_recall"": 0.0, ""delta_edge_f1"": 0.0, ""delta_topology_score"": 0.0}","{""class_match"": 1.0, ""properties"": 1.0}","{""per_pair"": [0.0], ""n_gt"": 1, ""n_matched"": 0}",4.72
ROM-DEL-TOP-A-001,delete,topological,1.0,0.0,0.7002699055330633,0.5667566351776877,spec,True,,1,1,,0.011387880891561508,"{""delta_node_precision"": 0.5, ""delta_node_recall"": 1.0, ""delta_node_f1"": 0.6666666666666666, ""delta_edge_precision"": 0.46153846153846156, ""delta_edge_recall"": 1.0, ""delta_edge_f1"": 0.631578947368421, ""delta_topology_score"": 0.6421052631578946}","{""class_match"": 0.0, ""properties"": 0.0}","{""per_pair"": [1.0], ""n_gt"": 1, ""n_matched"": 1}",0.13
ROM-DEL-TOP-A-002,delete,topological,1.0,0.0,0.9729323308270678,0.6576441102756893,spec,True,,1,1,,0.013154065934941173,"{""delta_node_precision"": 1.0, ""delta_node_recall"": 1.0, ""delta_node_f1"": 1.0, ""delta_edge_precision"": 1.0, ""delta_edge_recall"": 0.9, ""delta_edge_f1"": 0.9473684210526316, ""delta_topology_score"": 0.963157894736842}","{""class_match"": 0.0, ""properties"": 0.0}","{""per_pair"": [1.0], ""n_gt"": 1, ""n_matched"": 1}",0.15
ROM-DEL-TOP-A-003,delete,topological,0.0,1.0,0.0,0.3333333333333333,spec,False,,1,0,,0.012163962936028838,"{""delta_node_precision"": 0.0, ""delta_node_recall"": 0.0, ""delta_node_f1"": 0.0, ""delta_edge_precision"": 0.0, ""delta_edge_recall"": 0.0, ""delta_edge_f1"": 0.0, ""delta_topology_score"": 0.0}","{""class_match"": 1.0, ""properties"": 1.0}","{""per_pair"": [0.0], ""n_gt"": 1, ""n_matched"": 0}",0.15
ROM-DEL-TOP-A-004,delete,topological,0.0,1.0,0.0,0.3333333333333333,spec,False,,1,0,,0.01470944588072598,"{""delta_node_precision"": 0.0, ""delta_node_recall"": 0.0, ""delta_node_f1"": 0.0, ""delta_edge_precision"": 0.0, ""delta_edge_recall"": 0.0, ""delta_edge_f1"": 0.0, ""delta_topology_score"": 0.0}","{""class_match"": 1.0, ""properties"": 1.0}","{""per_pair"": [0.0], ""n_gt"": 1, ""n_matched"": 0}",0.14
ROM-DEL-TOP-R-001,delete,topological,1.0,0.0,0.7142857142857143,0.5714285714285715,spec,True,,1,1,,17.585098416078836,"{""delta_node_precision"": 0.5, ""delta_node_recall"": 1.0, ""delta_node_f1"": 0.6666666666666666, ""delta_edge_precision"": 0.5, ""delta_edge_recall"": 1.0, ""delta_edge_f1"": 0.6666666666666666, ""delta_topology_score"": 0.6666666666666666}","{""class_match"": 0.0, ""properties"": 0.0}","{""per_pair"": [1.0], ""n_gt"": 1, ""n_matched"": 1}",148.92
ROM-DEL-TOP-R-002,delete,topological,1.0,0.0,1.0,0.6666666666666666,spec,True,,1,1,,1.0521007720381021,"{""delta_node_precision"": 1.0, ""delta_node_recall"": 1.0, ""delta_node_f1"": 1.0, ""delta_edge_precision"": 1.0, ""delta_edge_recall"": 1.0, ""delta_edge_f1"": 1.0, ""delta_topology_score"": 1.0}","{""class_match"": 0.0, ""properties"": 0.0}","{""per_pair"": [1.0], ""n_gt"": 1, ""n_matched"": 1}",12.16
ROM-DEL-TOP-R-003,delete,topological,0.0,1.0,0.0,0.3333333333333333,spec,False,,1,0,,0.59408233105205,"{""delta_node_precision"": 0.0, ""delta_node_recall"": 0.0, ""delta_node_f1"": 0.0, ""delta_edge_precision"": 0.0, ""delta_edge_recall"": 0.0, ""delta_edge_f1"": 0.0, ""delta_topology_score"": 0.0}","{""class_match"": 1.0, ""properties"": 1.0}","{""per_pair"": [0.0], ""n_gt"": 1, ""n_matched"": 0}",5.33
ROM-DEL-TOP-R-004,delete,topological,1.0,0.0,1.0,0.6666666666666666,spec,True,,1,1,,0.6039379679132253,"{""delta_node_precision"": 1.0, ""delta_node_recall"": 1.0, ""delta_node_f1"": 1.0, ""delta_edge_precision"": 1.0, ""delta_edge_recall"": 1.0, ""delta_edge_f1"": 1.0, ""delta_topology_score"": 1.0}","{""class_match"": 0.0, ""properties"": 0.0}","{""per_pair"": [1.0], ""n_gt"": 1, ""n_matched"": 1}",4.72
ROM-UPD-DIR-A-001,update,direct,0.9494026947404932,1.0,0.0,0.6498008982468311,spec,True,10VmbDUP13YPWiYkMLgRpN,1,1,,0.026092082960531116,"{""delta_node_precision"": 0.0, ""delta_node_recall"": 0.0, ""delta_node_f1"": 0.0, ""delta_edge_precision"": 0.0, ""delta_edge_recall"": 0.0, ""delta_edge_f1"": 0.0, ""delta_topology_score"": 0.0}","{""class_match"": 1.0, ""properties"": 1.0}","{""per_pair"": [0.9494026947404932], ""n_gt"": 1, ""n_matched"": 1}",0.13
ROM-UPD-DIR-A-002,update,direct,0.9595173982526359,1.0,0.0,0.653172466084212,spec,True,1BXMVsL3b4YOpeNFnqRn3h,1,1,,0.03354884800501168,"{""delta_node_precision"": 0.0, ""delta_node_recall"": 0.0, ""delta_node_f1"": 0.0, ""delta_edge_precision"": 0.0, ""delta_edge_recall"": 0.0, ""delta_edge_f1"": 0.0, ""delta_topology_score"": 0.0}","{""class_match"": 1.0, ""properties"": 1.0}","{""per_pair"": [0.9595173982526359], ""n_gt"": 1, ""n_matched"": 1}",0.15
ROM-UPD-DIR-A-003,update,direct,0.8878976303391539,1.0,0.4714285714285714,0.7864420672559085,spec,True,0TdJ$TWoL2cAeMVD_4_n8b,1,1,,0.03800579207018018,"{""delta_node_precision"": 1.0, ""delta_node_recall"": 1.0, ""delta_node_f1"": 1.0, ""delta_edge_precision"": 0.0, ""delta_edge_recall"": 0.0, ""delta_edge_f1"": 0.0, ""delta_topology_score"": 0.3}","{""class_match"": 1.0, ""properties"": 1.0}","{""per_pair"": [0.8878976303391539], ""n_gt"": 1, ""n_matched"": 1}",0.16
ROM-UPD-DIR-A-004,update,direct,0.9063499175303481,1.0,0.4714285714285714,0.7925928296529733,spec,True,3wxyd75Er8HBGYGI9jDteL,1,1,,0.05102254683151841,"{""delta_node_precision"": 1.0, ""delta_node_recall"": 1.0, ""delta_node_f1"": 1.0, ""delta_edge_precision"": 0.0, ""delta_edge_recall"": 0.0, ""delta_edge_f1"": 0.0, ""delta_topology_score"": 0.3}","{""class_match"": 1.0, ""properties"": 1.0}","{""per_pair"": [0.9063499175303481], ""n_gt"": 1, ""n_matched"": 1}",0.27
ROM-UPD-DIR-R-001,update,direct,0.9524414738185032,1.0,0.0,0.6508138246061678,spec,True,2975y8FcXF2RDxYtSJf7rT,1,1,,37.77426136191934,"{""delta_node_precision"": 0.0, ""delta_node_recall"": 0.0, ""delta_node_f1"": 0.0, ""delta_edge_precision"": 0.0, ""delta_edge_recall"": 0.0, ""delta_edge_f1"": 0.0, ""delta_topology_score"": 0.0}","{""class_match"": 1.0, ""properties"": 1.0}","{""per_pair"": [0.9524414738185032], ""n_gt"": 1, ""n_matched"": 1}",148.92
ROM-UPD-DIR-R-002,update,direct,0.0,0.0,0.0,0.0,spec,False,,1,0,,3.2233491980005056,"{""delta_node_precision"": 0.0, ""delta_node_recall"": 0.0, ""delta_node_f1"": 0.0, ""delta_edge_precision"": 0.0, ""delta_edge_recall"": 0.0, ""delta_edge_f1"": 0.0, ""delta_topology_score"": 0.0}","{""class_match"": 0.0, ""properties"": 0.0}","{""per_pair"": [0.0], ""n_gt"": 1, ""n_matched"": 0}",12.16
ROM-UPD-DIR-R-003,update,direct,0.925766495008917,1.0,0.4714285714285714,0.7990650221458294,spec,True,2pmk7OKR5DZuiLcSbvolRG,1,1,,1.173622831935063,"{""delta_node_precision"": 1.0, ""delta_node_recall"": 1.0, ""delta_node_f1"": 1.0, ""delta_edge_precision"": 0.0, ""delta_edge_recall"": 0.0, ""delta_edge_f1"": 0.0, ""delta_topology_score"": 0.3}","{""class_match"": 1.0, ""properties"": 1.0}","{""per_pair"": [0.925766495008917], ""n_gt"": 1, ""n_matched"": 1}",5.33
ROM-UPD-DIR-R-004,update,direct,0.9479787815855903,1.0,0.5285714285714286,0.8255167367190063,spec,True,1FTaCiZdnEZh_RpO3q0nGr,1,1,,1.3232099160086364,"{""delta_node_precision"": 0.0, ""delta_node_recall"": 0.0, ""delta_node_f1"": 0.0, ""delta_edge_precision"": 1.0, ""delta_edge_recall"": 1.0, ""delta_edge_f1"": 1.0, ""delta_topology_score"": 0.7}","{""class_match"": 1.0, ""properties"": 1.0}","{""per_pair"": [0.9479787815855903], ""n_gt"": 1, ""n_matched"": 1}",4.72
ROM-UPD-SPA-A-001,update,spatial,0.9494026947404932,1.0,0.0,0.6498008982468311,spec,True,10VmbDUP13YPWiYkMLgRpN,1,1,,0.019009863026440144,"{""delta_node_precision"": 0.0, ""delta_node_recall"": 0.0, ""delta_node_f1"": 0.0, ""delta_edge_precision"": 0.0, ""delta_edge_recall"": 0.0, ""delta_edge_f1"": 0.0, ""delta_topology_score"": 0.0}","{""class_match"": 1.0, ""properties"": 1.0}","{""per_pair"": [0.9494026947404932], ""n_gt"": 1, ""n_matched"": 1}",0.13
ROM-UPD-SPA-A-002,update,spatial,0.9595173982526359,1.0,0.0,0.653172466084212,spec,True,1BXMVsL3b4YOpeNFnqRn3h,1,1,,0.025277440901845694,"{""delta_node_precision"": 0.0, ""delta_node_recall"": 0.0, ""delta_node_f1"": 0.0, ""delta_edge_precision"": 0.0, ""delta_edge_recall"": 0.0, ""delta_edge_f1"": 0.0, ""delta_topology_score"": 0.0}","{""class_match"": 1.0, ""properties"": 1.0}","{""per_pair"": [0.9595173982526359], ""n_gt"": 1, ""n_matched"": 1}",0.15
ROM-UPD-SPA-A-003,update,spatial,0.9504809759601774,1.0,0.0,0.6501603253200591,spec,True,0TdJ$TWoL2cAeMVD_4_n8b,1,1,,0.02242019888944924,"{""delta_node_precision"": 0.0, ""delta_node_recall"": 0.0, ""delta_node_f1"": 0.0, ""delta_edge_precision"": 0.0, ""delta_edge_recall"": 0.0, ""delta_edge_f1"": 0.0, ""delta_topology_score"": 0.0}","{""class_match"": 1.0, ""properties"": 1.0}","{""per_pair"": [0.9504809759601774], ""n_gt"": 1, ""n_matched"": 1}",0.16
ROM-UPD-SPA-A-004,update,spatial,0.9063499175303481,1.0,0.4714285714285714,0.7925928296529733,spec,True,3wxyd75Er8HBGYGI9jDteL,1,1,,0.029044941067695618,"{""delta_node_precision"": 1.0, ""delta_node_recall"": 1.0, ""delta_node_f1"": 1.0, ""delta_edge_precision"": 0.0, ""delta_edge_recall"": 0.0, ""delta_edge_f1"": 0.0, ""delta_topology_score"": 0.3}","{""class_match"": 1.0, ""properties"": 1.0}","{""per_pair"": [0.9063499175303481], ""n_gt"": 1, ""n_matched"": 1}",0.27
ROM-UPD-SPA-R-001,update,spatial,0.9524414738185032,1.0,0.0,0.6508138246061678,spec,True,2975y8FcXF2RDxYtSJf7rT,1,1,,17.78105572820641,"{""delta_node_precision"": 0.0, ""delta_node_recall"": 0.0, ""delta_node_f1"": 0.0, ""delta_edge_precision"": 0.0, ""delta_edge_recall"": 0.0, ""delta_edge_f1"": 0.0, ""delta_topology_score"": 0.0}","{""class_match"": 1.0, ""properties"": 1.0}","{""per_pair"": [0.9524414738185032], ""n_gt"": 1, ""n_matched"": 1}",148.92
ROM-UPD-SPA-R-002,update,spatial,0.9589060783310778,1.0,0.5646023926812104,0.8411694903374295,spec,True,1fW7pzY$1E$uIfNS1NTuXH,1,1,,1.1831615080591291,"{""delta_node_precision"": 1.0, ""delta_node_recall"": 0.2, ""delta_node_f1"": 0.33333333333333337, ""delta_edge_precision"": 1.0, ""delta_edge_recall"": 0.38095238095238093, ""delta_edge_f1"": 0.5517241379310345, ""delta_topology_score"": 0.4862068965517241}","{""class_match"": 1.0, ""properties"": 1.0}","{""per_pair"": [0.9589060783310778], ""n_gt"": 1, ""n_matched"": 1}",12.16
ROM-UPD-SPA-R-003,update,spatial,0.9494915955314585,1.0,0.0,0.6498305318438194,spec,True,2pmk7OKR5DZuiLcSbvolRG,1,1,,0.5895943900104612,"{""delta_node_precision"": 0.0, ""delta_node_recall"": 0.0, ""delta_node_f1"": 0.0, ""delta_edge_precision"": 0.0, ""delta_edge_recall"": 0.0, ""delta_edge_f1"": 0.0, ""delta_topology_score"": 0.0}","{""class_match"": 1.0, ""properties"": 1.0}","{""per_pair"": [0.9494915955314585], ""n_gt"": 1, ""n_matched"": 1}",5.33
ROM-UPD-SPA-R-004,update,spatial,1.0,1.0,1.0,1.0,spec,True,1FTaCiZdnEZh_RpO3q0nGr,1,1,,0.6143839911092073,"{""delta_node_precision"": 1.0, ""delta_node_recall"": 1.0, ""delta_node_f1"": 1.0, ""delta_edge_precision"": 1.0, ""delta_edge_recall"": 1.0, ""delta_edge_f1"": 1.0, ""delta_topology_score"": 1.0}","{""class_match"": 1.0, ""properties"": 1.0}","{""per_pair"": [1.0], ""n_gt"": 1, ""n_matched"": 1}",4.72
ROM-UPD-TOP-A-001,update,topological,0.9494026947404932,1.0,0.0,0.6498008982468311,spec,True,10VmbDUP13YPWiYkMLgRpN,1,1,,0.018875516019761562,"{""delta_node_precision"": 0.0, ""delta_node_recall"": 0.0, ""delta_node_f1"": 0.0, ""delta_edge_precision"": 0.0, ""delta_edge_recall"": 0.0, ""delta_edge_f1"": 0.0, ""delta_topology_score"": 0.0}","{""class_match"": 1.0, ""properties"": 1.0}","{""per_pair"": [0.9494026947404932], ""n_gt"": 1, ""n_matched"": 1}",0.13
ROM-UPD-TOP-A-002,update,topological,0.9595173982526359,1.0,0.0,0.653172466084212,spec,True,1BXMVsL3b4YOpeNFnqRn3h,1,1,,0.025449933018535376,"{""delta_node_precision"": 0.0, ""delta_node_recall"": 0.0, ""delta_node_f1"": 0.0, ""delta_edge_precision"": 0.0, ""delta_edge_recall"": 0.0, ""delta_edge_f1"": 0.0, ""delta_topology_score"": 0.0}","{""class_match"": 1.0, ""properties"": 1.0}","{""per_pair"": [0.9595173982526359], ""n_gt"": 1, ""n_matched"": 1}",0.15
ROM-UPD-TOP-A-003,update,topological,0.9504809759601774,1.0,0.0,0.6501603253200591,spec,True,0TdJ$TWoL2cAeMVD_4_n8b,1,1,,0.022476830054074526,"{""delta_node_precision"": 0.0, ""delta_node_recall"": 0.0, ""delta_node_f1"": 0.0, ""delta_edge_precision"": 0.0, ""delta_edge_recall"": 0.0, ""delta_edge_f1"": 0.0, ""delta_topology_score"": 0.0}","{""class_match"": 1.0, ""properties"": 1.0}","{""per_pair"": [0.9504809759601774], ""n_gt"": 1, ""n_matched"": 1}",0.16
ROM-UPD-TOP-A-004,update,topological,0.9375805700773098,1.0,0.0,0.64586019002577,spec,True,3wxyd75Er8HBGYGI9jDteL,1,1,,0.028113233856856823,"{""delta_node_precision"": 0.0, ""delta_node_recall"": 0.0, ""delta_node_f1"": 0.0, ""delta_edge_precision"": 0.0, ""delta_edge_recall"": 0.0, ""delta_edge_f1"": 0.0, ""delta_topology_score"": 0.0}","{""class_match"": 1.0, ""properties"": 1.0}","{""per_pair"": [0.9375805700773098], ""n_gt"": 1, ""n_matched"": 1}",0.27
ROM-UPD-TOP-R-001,update,topological,0.9524414738185032,1.0,0.0,0.6508138246061678,spec,True,2975y8FcXF2RDxYtSJf7rT,1,1,,17.67217715200968,"{""delta_node_precision"": 0.0, ""delta_node_recall"": 0.0, ""delta_node_f1"": 0.0, ""delta_edge_precision"": 0.0, ""delta_edge_recall"": 0.0, ""delta_edge_f1"": 0.0, ""delta_topology_score"": 0.0}","{""class_match"": 1.0, ""properties"": 1.0}","{""per_pair"": [0.9524414738185032], ""n_gt"": 1, ""n_matched"": 1}",148.92
ROM-UPD-TOP-R-002,update,topological,0.0,0.0,0.0,0.0,spec,False,,1,0,,1.1654884219169617,"{""delta_node_precision"": 0.0, ""delta_node_recall"": 0.0, ""delta_node_f1"": 0.0, ""delta_edge_precision"": 0.0, ""delta_edge_recall"": 0.0, ""delta_edge_f1"": 0.0, ""delta_topology_score"": 0.0}","{""class_match"": 0.0, ""properties"": 0.0}","{""per_pair"": [0.0], ""n_gt"": 1, ""n_matched"": 0}",12.16
ROM-UPD-TOP-R-003,update,topological,0.9494915955314585,1.0,0.0,0.6498305318438194,spec,True,2pmk7OKR5DZuiLcSbvolRG,1,1,,0.5943649329710752,"{""delta_node_precision"": 0.0, ""delta_node_recall"": 0.0, ""delta_node_f1"": 0.0, ""delta_edge_precision"": 0.0, ""delta_edge_recall"": 0.0, ""delta_edge_f1"": 0.0, ""delta_topology_score"": 0.0}","{""class_match"": 1.0, ""properties"": 1.0}","{""per_pair"": [0.9494915955314585], ""n_gt"": 1, ""n_matched"": 1}",5.33
ROM-UPD-TOP-R-004,update,topological,0.9479787815855903,1.0,0.5285714285714286,0.8255167367190063,spec,True,1FTaCiZdnEZh_RpO3q0nGr,1,1,,0.6116165861021727,"{""delta_node_precision"": 0.0, ""delta_node_recall"": 0.0, ""delta_node_f1"": 0.0, ""delta_edge_precision"": 1.0, ""delta_edge_recall"": 1.0, ""delta_edge_f1"": 1.0, ""delta_topology_score"": 0.7}","{""class_match"": 1.0, ""properties"": 1.0}","{""per_pair"": [0.9479787815855903], ""n_gt"": 1, ""n_matched"": 1}",4.72
SLB-CRE-DIR-A-001,create,direct,0.9633329433329632,0.5,1.0,0.8211109811109877,diff,True,0X9QZO_gz10RZ8EKu0w32o,1,1,,0.05090855504386127,"{""delta_node_precision"": 1.0, ""delta_node_recall"": 1.0, ""delta_node_f1"": 1.0, ""delta_edge_precision"": 1.0, ""delta_edge_recall"": 1.0, ""delta_edge_f1"": 1.0, ""delta_topology_score"": 1.0}","{""class_match"": 1.0, ""properties"": 0.0}","{""per_pair"": [0.9633329433329632], ""n_gt"": 1, ""n_matched"": 1}",0.12
SLB-CRE-DIR-A-002,create,direct,0.9629497525246271,0.5,1.0,0.8209832508415423,diff,True,1CRXu4Y7P2hfJa3ug_Jd5o,1,1,,0.03517004498280585,"{""delta_node_precision"": 1.0, ""delta_node_recall"": 1.0, ""delta_node_f1"": 1.0, ""delta_edge_precision"": 1.0, ""delta_edge_recall"": 1.0, ""delta_edge_f1"": 1.0, ""delta_topology_score"": 1.0}","{""class_match"": 1.0, ""properties"": 0.0}","{""per_pair"": [0.9629497525246271], ""n_gt"": 1, ""n_matched"": 1}",0.4
SLB-CRE-DIR-A-003,create,direct,0.9625868337729887,0.5,0.9038095238095237,0.7887987858608375,diff,True,1JfoS$Ruf7hQLXZxGfnEgM,1,1,,0.02006151806563139,"{""delta_node_precision"": 1.0, ""delta_node_recall"": 1.0, ""delta_node_f1"": 1.0, ""delta_edge_precision"": 0.6666666666666666, ""delta_edge_recall"": 1.0, ""delta_edge_f1"": 0.8, ""delta_topology_score"": 0.8599999999999999}","{""class_match"": 1.0, ""properties"": 0.0}","{""per_pair"": [0.9625868337729887], ""n_gt"": 1, ""n_matched"": 1}",0.02
SLB-CRE-DIR-A-004,create,direct,0.9657275921442371,0.5,0.9038095238095237,0.7898457053179202,diff,True,2mnn3PtEfCJgmBFSKjZh41,1,1,,0.03454689704813063,"{""delta_node_precision"": 1.0, ""delta_node_recall"": 1.0, ""delta_node_f1"": 1.0, ""delta_edge_precision"": 0.6666666666666666, ""delta_edge_recall"": 1.0, ""delta_edge_f1"": 0.8, ""delta_topology_score"": 0.8599999999999999}","{""class_match"": 1.0, ""properties"": 0.0}","{""per_pair"": [0.9657275921442371], ""n_gt"": 1, ""n_matched"": 1}",0.03
SLB-CRE-DIR-R-001,create,direct,0.9691851250211574,0.5,1.0,0.8230617083403858,diff,True,21bPRZhaj4FP_WhhwU5j1R,1,1,,4.0530500339809805,"{""delta_node_precision"": 1.0, ""delta_node_recall"": 1.0, ""delta_node_f1"": 1.0, ""delta_edge_precision"": 1.0, ""delta_edge_recall"": 1.0, ""delta_edge_f1"": 1.0, ""delta_topology_score"": 1.0}","{""class_match"": 1.0, ""properties"": 0.0}","{""per_pair"": [0.9691851250211574], ""n_gt"": 1, ""n_matched"": 1}",21.45
SLB-CRE-DIR-R-002,create,direct,0.9653321732223116,0.5,1.0,0.8217773910741039,diff,True,0RRRGmzlj9IB9qZTc1JVgh,1,1,,25.718601781874895,"{""delta_node_precision"": 1.0, ""delta_node_recall"": 1.0, ""delta_node_f1"": 1.0, ""delta_edge_precision"": 1.0, ""delta_edge_recall"": 1.0, ""delta_edge_f1"": 1.0, ""delta_topology_score"": 1.0}","{""class_match"": 1.0, ""properties"": 0.0}","{""per_pair"": [0.9653321732223116], ""n_gt"": 1, ""n_matched"": 1}",154.67
SLB-CRE-DIR-R-003,create,direct,0.9631998671107888,0.5,1.0,0.821066622370263,diff,True,2AKwSljvz3Jh2_T7Sxv2Bu,1,1,,0.9783533208537847,"{""delta_node_precision"": 1.0, ""delta_node_recall"": 1.0, ""delta_node_f1"": 1.0, ""delta_edge_precision"": 1.0, ""delta_edge_recall"": 1.0, ""delta_edge_f1"": 1.0, ""delta_topology_score"": 1.0}","{""class_match"": 1.0, ""properties"": 0.0}","{""per_pair"": [0.9631998671107888], ""n_gt"": 1, ""n_matched"": 1}",5.33
SLB-CRE-DIR-R-004,create,direct,0.9656878094731517,0.5,0.5952380952380951,0.6869753015704155,diff,True,1CdJCj0Z1F7A5FXlFj3Db4,1,1,,0.7461202719714493,"{""delta_node_precision"": 0.3333333333333333, ""delta_node_recall"": 1.0, ""delta_node_f1"": 0.5, ""delta_edge_precision"": 0.3333333333333333, ""delta_edge_recall"": 1.0, ""delta_edge_f1"": 0.5, ""delta_topology_score"": 0.5}","{""class_match"": 1.0, ""properties"": 0.0}","{""per_pair"": [0.9656878094731517], ""n_gt"": 1, ""n_matched"": 1}",4.73
SLB-CRE-SPA-A-001,create,spatial,0.0,0.0,0.0,0.0,diff,False,,1,0,,0.011427044169977307,"{""delta_node_precision"": 0.0, ""delta_node_recall"": 0.0, ""delta_node_f1"": 0.0, ""delta_edge_precision"": 0.0, ""delta_edge_recall"": 0.0, ""delta_edge_f1"": 0.0, ""delta_topology_score"": 0.0}","{""class_match"": 0.0, ""properties"": 0.0}","{""per_pair"": [0.0], ""n_gt"": 1, ""n_matched"": 0}",0.12
SLB-CRE-SPA-A-002,create,spatial,0.0,0.0,0.0,0.0,diff,False,,1,0,,0.029940926004201174,"{""delta_node_precision"": 0.0, ""delta_node_recall"": 0.0, ""delta_node_f1"": 0.0, ""delta_edge_precision"": 0.0, ""delta_edge_recall"": 0.0, ""delta_edge_f1"": 0.0, ""delta_topology_score"": 0.0}","{""class_match"": 0.0, ""properties"": 0.0}","{""per_pair"": [0.0], ""n_gt"": 1, ""n_matched"": 0}",0.4
SLB-CRE-SPA-A-003,create,spatial,0.0,0.0,0.0,0.0,diff,False,,1,0,,0.0031074939761310816,"{""delta_node_precision"": 0.0, ""delta_node_recall"": 0.0, ""delta_node_f1"": 0.0, ""delta_edge_precision"": 0.0, ""delta_edge_recall"": 0.0, ""delta_edge_f1"": 0.0, ""delta_topology_score"": 0.0}","{""class_match"": 0.0, ""properties"": 0.0}","{""per_pair"": [0.0], ""n_gt"": 1, ""n_matched"": 0}",0.02
SLB-CRE-SPA-A-004,create,spatial,0.0,0.0,0.0,0.0,diff,False,,1,0,,0.004332680022343993,"{""delta_node_precision"": 0.0, ""delta_node_recall"": 0.0, ""delta_node_f1"": 0.0, ""delta_edge_precision"": 0.0, ""delta_edge_recall"": 0.0, ""delta_edge_f1"": 0.0, ""delta_topology_score"": 0.0}","{""class_match"": 0.0, ""properties"": 0.0}","{""per_pair"": [0.0], ""n_gt"": 1, ""n_matched"": 0}",0.03
SLB-CRE-SPA-R-001,create,spatial,0.0,0.0,0.0,0.0,diff,False,,1,0,,1.795249911956489,"{""delta_node_precision"": 0.0, ""delta_node_recall"": 0.0, ""delta_node_f1"": 0.0, ""delta_edge_precision"": 0.0, ""delta_edge_recall"": 0.0, ""delta_edge_f1"": 0.0, ""delta_topology_score"": 0.0}","{""class_match"": 0.0, ""properties"": 0.0}","{""per_pair"": [0.0], ""n_gt"": 1, ""n_matched"": 0}",21.45
SLB-CRE-SPA-R-002,create,spatial,0.0,0.0,0.0,0.0,diff,False,,1,0,,11.55913226492703,"{""delta_node_precision"": 0.0, ""delta_node_recall"": 0.0, ""delta_node_f1"": 0.0, ""delta_edge_precision"": 0.0, ""delta_edge_recall"": 0.0, ""delta_edge_f1"": 0.0, ""delta_topology_score"": 0.0}","{""class_match"": 0.0, ""properties"": 0.0}","{""per_pair"": [0.0], ""n_gt"": 1, ""n_matched"": 0}",154.67
SLB-CRE-SPA-R-003,create,spatial,0.0,0.0,0.0,0.0,diff,False,,1,0,,0.4968710660468787,"{""delta_node_precision"": 0.0, ""delta_node_recall"": 0.0, ""delta_node_f1"": 0.0, ""delta_edge_precision"": 0.0, ""delta_edge_recall"": 0.0, ""delta_edge_f1"": 0.0, ""delta_topology_score"": 0.0}","{""class_match"": 0.0, ""properties"": 0.0}","{""per_pair"": [0.0], ""n_gt"": 1, ""n_matched"": 0}",5.33
SLB-CRE-SPA-R-004,create,spatial,0.0,0.0,0.0,0.0,diff,False,,1,0,,0.3834723101463169,"{""delta_node_precision"": 0.0, ""delta_node_recall"": 0.0, ""delta_node_f1"": 0.0, ""delta_edge_precision"": 0.0, ""delta_edge_recall"": 0.0, ""delta_edge_f1"": 0.0, ""delta_topology_score"": 0.0}","{""class_match"": 0.0, ""properties"": 0.0}","{""per_pair"": [0.0], ""n_gt"": 1, ""n_matched"": 0}",4.73
SLB-CRE-TOP-A-001,create,topological,0.0,0.0,0.0,0.0,diff,False,,1,0,,0.011937042931094766,"{""delta_node_precision"": 0.0, ""delta_node_recall"": 0.0, ""delta_node_f1"": 0.0, ""delta_edge_precision"": 0.0, ""delta_edge_recall"": 0.0, ""delta_edge_f1"": 0.0, ""delta_topology_score"": 0.0}","{""class_match"": 0.0, ""properties"": 0.0}","{""per_pair"": [0.0], ""n_gt"": 1, ""n_matched"": 0}",0.12
SLB-CRE-TOP-A-002,create,topological,0.0,0.0,0.0,0.0,diff,False,,1,0,,0.02909353608265519,"{""delta_node_precision"": 0.0, ""delta_node_recall"": 0.0, ""delta_node_f1"": 0.0, ""delta_edge_precision"": 0.0, ""delta_edge_recall"": 0.0, ""delta_edge_f1"": 0.0, ""delta_topology_score"": 0.0}","{""class_match"": 0.0, ""properties"": 0.0}","{""per_pair"": [0.0], ""n_gt"": 1, ""n_matched"": 0}",0.4
SLB-CRE-TOP-A-003,create,topological,0.0,0.0,0.0,0.0,diff,False,,1,0,,0.0027861748822033405,"{""delta_node_precision"": 0.0, ""delta_node_recall"": 0.0, ""delta_node_f1"": 0.0, ""delta_edge_precision"": 0.0, ""delta_edge_recall"": 0.0, ""delta_edge_f1"": 0.0, ""delta_topology_score"": 0.0}","{""class_match"": 0.0, ""properties"": 0.0}","{""per_pair"": [0.0], ""n_gt"": 1, ""n_matched"": 0}",0.02
SLB-CRE-TOP-A-004,create,topological,0.0,0.0,0.0,0.0,diff,False,,1,0,,0.0035331309773027897,"{""delta_node_precision"": 0.0, ""delta_node_recall"": 0.0, ""delta_node_f1"": 0.0, ""delta_edge_precision"": 0.0, ""delta_edge_recall"": 0.0, ""delta_edge_f1"": 0.0, ""delta_topology_score"": 0.0}","{""class_match"": 0.0, ""properties"": 0.0}","{""per_pair"": [0.0], ""n_gt"": 1, ""n_matched"": 0}",0.03
SLB-CRE-TOP-R-001,create,topological,0.0,0.0,0.0,0.0,diff,False,,1,0,,1.9697355050593615,"{""delta_node_precision"": 0.0, ""delta_node_recall"": 0.0, ""delta_node_f1"": 0.0, ""delta_edge_precision"": 0.0, ""delta_edge_recall"": 0.0, ""delta_edge_f1"": 0.0, ""delta_topology_score"": 0.0}","{""class_match"": 0.0, ""properties"": 0.0}","{""per_pair"": [0.0], ""n_gt"": 1, ""n_matched"": 0}",21.45
SLB-CRE-TOP-R-002,create,topological,0.0,0.0,0.0,0.0,diff,False,,1,0,,13.818352178903297,"{""delta_node_precision"": 0.0, ""delta_node_recall"": 0.0, ""delta_node_f1"": 0.0, ""delta_edge_precision"": 0.0, ""delta_edge_recall"": 0.0, ""delta_edge_f1"": 0.0, ""delta_topology_score"": 0.0}","{""class_match"": 0.0, ""properties"": 0.0}","{""per_pair"": [0.0], ""n_gt"": 1, ""n_matched"": 0}",154.67
SLB-CRE-TOP-R-003,create,topological,0.0,0.0,0.0,0.0,diff,False,,1,0,,0.5212707468308508,"{""delta_node_precision"": 0.0, ""delta_node_recall"": 0.0, ""delta_node_f1"": 0.0, ""delta_edge_precision"": 0.0, ""delta_edge_recall"": 0.0, ""delta_edge_f1"": 0.0, ""delta_topology_score"": 0.0}","{""class_match"": 0.0, ""properties"": 0.0}","{""per_pair"": [0.0], ""n_gt"": 1, ""n_matched"": 0}",5.33
SLB-CRE-TOP-R-004,create,topological,0.0,0.0,0.0,0.0,diff,False,,1,0,,0.415942887077108,"{""delta_node_precision"": 0.0, ""delta_node_recall"": 0.0, ""delta_node_f1"": 0.0, ""delta_edge_precision"": 0.0, ""delta_edge_recall"": 0.0, ""delta_edge_f1"": 0.0, ""delta_topology_score"": 0.0}","{""class_match"": 0.0, ""properties"": 0.0}","{""per_pair"": [0.0], ""n_gt"": 1, ""n_matched"": 0}",4.73
SLB-DEL-DIR-A-001,delete,direct,1.0,0.0,1.0,0.6666666666666666,spec,True,,1,1,,0.07184916012920439,"{""delta_node_precision"": 1.0, ""delta_node_recall"": 1.0, ""delta_node_f1"": 1.0, ""delta_edge_precision"": 1.0, ""delta_edge_recall"": 1.0, ""delta_edge_f1"": 1.0, ""delta_topology_score"": 1.0}","{""class_match"": 0.0, ""properties"": 0.0}","{""per_pair"": [1.0], ""n_gt"": 1, ""n_matched"": 1}",0.12
SLB-DEL-DIR-A-002,delete,direct,1.0,0.0,1.0,0.6666666666666666,spec,True,,1,1,,0.06538438703864813,"{""delta_node_precision"": 1.0, ""delta_node_recall"": 1.0, ""delta_node_f1"": 1.0, ""delta_edge_precision"": 1.0, ""delta_edge_recall"": 1.0, ""delta_edge_f1"": 1.0, ""delta_topology_score"": 1.0}","{""class_match"": 0.0, ""properties"": 0.0}","{""per_pair"": [1.0], ""n_gt"": 1, ""n_matched"": 1}",0.4
SLB-DEL-DIR-A-003,delete,direct,1.0,0.0,0.5193877551020408,0.5064625850340136,spec,True,,1,1,,27.074161806842312,"{""delta_node_precision"": 0.3333333333333333, ""delta_node_recall"": 1.0, ""delta_node_f1"": 0.5, ""delta_edge_precision"": 0.16666666666666666, ""delta_edge_recall"": 1.0, ""delta_edge_f1"": 0.2857142857142857, ""delta_topology_score"": 0.35}","{""class_match"": 0.0, ""properties"": 0.0}","{""per_pair"": [1.0], ""n_gt"": 1, ""n_matched"": 1}",0.12
SLB-DEL-DIR-A-004,delete,direct,1.0,0.0,0.5157720057720058,0.5052573352573352,spec,True,,1,1,,0.009841216029599309,"{""delta_node_precision"": 0.25, ""delta_node_recall"": 1.0, ""delta_node_f1"": 0.4, ""delta_edge_precision"": 0.2222222222222222, ""delta_edge_recall"": 1.0, ""delta_edge_f1"": 0.3636363636363636, ""delta_topology_score"": 0.3745454545454545}","{""class_match"": 0.0, ""properties"": 0.0}","{""per_pair"": [1.0], ""n_gt"": 1, ""n_matched"": 1}",0.03
SLB-DEL-DIR-R-001,delete,direct,1.0,0.0,1.0,0.6666666666666666,spec,True,,1,1,,2.0058622849173844,"{""delta_node_precision"": 1.0, ""delta_node_recall"": 1.0, ""delta_node_f1"": 1.0, ""delta_edge_precision"": 1.0, ""delta_edge_recall"": 1.0, ""delta_edge_f1"": 1.0, ""delta_topology_score"": 1.0}","{""class_match"": 0.0, ""properties"": 0.0}","{""per_pair"": [1.0], ""n_gt"": 1, ""n_matched"": 1}",21.45
SLB-DEL-DIR-R-002,delete,direct,1.0,0.0,1.0,0.6666666666666666,spec,True,,1,1,,34.4243037190754,"{""delta_node_precision"": 1.0, ""delta_node_recall"": 1.0, ""delta_node_f1"": 1.0, ""delta_edge_precision"": 1.0, ""delta_edge_recall"": 1.0, ""delta_edge_f1"": 1.0, ""delta_topology_score"": 1.0}","{""class_match"": 0.0, ""properties"": 0.0}","{""per_pair"": [1.0], ""n_gt"": 1, ""n_matched"": 1}",157.78
SLB-DEL-DIR-R-003,delete,direct,1.0,0.0,0.5741496598639456,0.5247165532879818,spec,True,,1,1,,1.123275380115956,"{""delta_node_precision"": 0.5, ""delta_node_recall"": 1.0, ""delta_node_f1"": 0.6666666666666666, ""delta_edge_precision"": 0.16666666666666666, ""delta_edge_recall"": 1.0, ""delta_edge_f1"": 0.2857142857142857, ""delta_topology_score"": 0.39999999999999997}","{""class_match"": 0.0, ""properties"": 0.0}","{""per_pair"": [1.0], ""n_gt"": 1, ""n_matched"": 1}",5.33
SLB-DEL-DIR-R-004,delete,direct,0.0,1.0,0.0,0.3333333333333333,spec,False,,1,0,,1.9022502491716295,"{""delta_node_precision"": 0.0, ""delta_node_recall"": 0.0, ""delta_node_f1"": 0.0, ""delta_edge_precision"": 0.0, ""delta_edge_recall"": 0.0, ""delta_edge_f1"": 0.0, ""delta_topology_score"": 0.0}","{""class_match"": 1.0, ""properties"": 1.0}","{""per_pair"": [0.0], ""n_gt"": 1, ""n_matched"": 0}",4.73
SLB-DEL-SPA-A-001,delete,spatial,0.0,1.0,0.0,0.3333333333333333,spec,False,,1,0,,0.01565910899080336,"{""delta_node_precision"": 0.0, ""delta_node_recall"": 0.0, ""delta_node_f1"": 0.0, ""delta_edge_precision"": 0.0, ""delta_edge_recall"": 0.0, ""delta_edge_f1"": 0.0, ""delta_topology_score"": 0.0}","{""class_match"": 1.0, ""properties"": 1.0}","{""per_pair"": [0.0], ""n_gt"": 1, ""n_matched"": 0}",0.12
SLB-DEL-SPA-A-002,delete,spatial,0.0,1.0,0.0,0.3333333333333333,spec,False,,1,0,,0.02776589896529913,"{""delta_node_precision"": 0.0, ""delta_node_recall"": 0.0, ""delta_node_f1"": 0.0, ""delta_edge_precision"": 0.0, ""delta_edge_recall"": 0.0, ""delta_edge_f1"": 0.0, ""delta_topology_score"": 0.0}","{""class_match"": 1.0, ""properties"": 1.0}","{""per_pair"": [0.0], ""n_gt"": 1, ""n_matched"": 0}",0.4
SLB-DEL-SPA-A-003,delete,spatial,0.0,1.0,0.0,0.3333333333333333,spec,False,,1,0,,0.22919948305934668,"{""delta_node_precision"": 0.0, ""delta_node_recall"": 0.0, ""delta_node_f1"": 0.0, ""delta_edge_precision"": 0.0, ""delta_edge_recall"": 0.0, ""delta_edge_f1"": 0.0, ""delta_topology_score"": 0.0}","{""class_match"": 1.0, ""properties"": 1.0}","{""per_pair"": [0.0], ""n_gt"": 1, ""n_matched"": 0}",0.12
SLB-DEL-SPA-A-004,delete,spatial,0.0,1.0,0.0,0.3333333333333333,spec,False,,1,0,,0.004449164029210806,"{""delta_node_precision"": 0.0, ""delta_node_recall"": 0.0, ""delta_node_f1"": 0.0, ""delta_edge_precision"": 0.0, ""delta_edge_recall"": 0.0, ""delta_edge_f1"": 0.0, ""delta_topology_score"": 0.0}","{""class_match"": 1.0, ""properties"": 1.0}","{""per_pair"": [0.0], ""n_gt"": 1, ""n_matched"": 0}",0.03
SLB-DEL-SPA-R-001,delete,spatial,0.0,1.0,0.0,0.3333333333333333,spec,False,,1,0,,2.0960751038510352,"{""delta_node_precision"": 0.0, ""delta_node_recall"": 0.0, ""delta_node_f1"": 0.0, ""delta_edge_precision"": 0.0, ""delta_edge_recall"": 0.0, ""delta_edge_f1"": 0.0, ""delta_topology_score"": 0.0}","{""class_match"": 1.0, ""properties"": 1.0}","{""per_pair"": [0.0], ""n_gt"": 1, ""n_matched"": 0}",21.45
SLB-DEL-SPA-R-002,delete,spatial,0.0,1.0,0.0,0.3333333333333333,spec,False,,1,0,,19.33467950904742,"{""delta_node_precision"": 0.0, ""delta_node_recall"": 0.0, ""delta_node_f1"": 0.0, ""delta_edge_precision"": 0.0, ""delta_edge_recall"": 0.0, ""delta_edge_f1"": 0.0, ""delta_topology_score"": 0.0}","{""class_match"": 1.0, ""properties"": 1.0}","{""per_pair"": [0.0], ""n_gt"": 1, ""n_matched"": 0}",157.78
SLB-DEL-SPA-R-003,delete,spatial,0.0,1.0,0.0,0.3333333333333333,spec,False,,1,0,,0.579313978087157,"{""delta_node_precision"": 0.0, ""delta_node_recall"": 0.0, ""delta_node_f1"": 0.0, ""delta_edge_precision"": 0.0, ""delta_edge_recall"": 0.0, ""delta_edge_f1"": 0.0, ""delta_topology_score"": 0.0}","{""class_match"": 1.0, ""properties"": 1.0}","{""per_pair"": [0.0], ""n_gt"": 1, ""n_matched"": 0}",5.33
SLB-DEL-SPA-R-004,delete,spatial,0.0,1.0,0.0,0.3333333333333333,spec,False,,1,0,,0.6120728319510818,"{""delta_node_precision"": 0.0, ""delta_node_recall"": 0.0, ""delta_node_f1"": 0.0, ""delta_edge_precision"": 0.0, ""delta_edge_recall"": 0.0, ""delta_edge_f1"": 0.0, ""delta_topology_score"": 0.0}","{""class_match"": 1.0, ""properties"": 1.0}","{""per_pair"": [0.0], ""n_gt"": 1, ""n_matched"": 0}",4.73
SLB-DEL-TOP-A-001,delete,topological,1.0,0.0,1.0,0.6666666666666666,spec,True,,1,1,,0.01165536604821682,"{""delta_node_precision"": 1.0, ""delta_node_recall"": 1.0, ""delta_node_f1"": 1.0, ""delta_edge_precision"": 1.0, ""delta_edge_recall"": 1.0, ""delta_edge_f1"": 1.0, ""delta_topology_score"": 1.0}","{""class_match"": 0.0, ""properties"": 0.0}","{""per_pair"": [1.0], ""n_gt"": 1, ""n_matched"": 1}",0.12
SLB-DEL-TOP-A-002,delete,topological,1.0,0.0,1.0,0.6666666666666666,spec,True,,1,1,,0.027015332132577896,"{""delta_node_precision"": 1.0, ""delta_node_recall"": 1.0, ""delta_node_f1"": 1.0, ""delta_edge_precision"": 1.0, ""delta_edge_recall"": 1.0, ""delta_edge_f1"": 1.0, ""delta_topology_score"": 1.0}","{""class_match"": 0.0, ""properties"": 0.0}","{""per_pair"": [1.0], ""n_gt"": 1, ""n_matched"": 1}",0.4
SLB-DEL-TOP-A-003,delete,topological,0.0,1.0,0.0,0.3333333333333333,spec,False,,1,0,,0.02784841600805521,"{""delta_node_precision"": 0.0, ""delta_node_recall"": 0.0, ""delta_node_f1"": 0.0, ""delta_edge_precision"": 0.0, ""delta_edge_recall"": 0.0, ""delta_edge_f1"": 0.0, ""delta_topology_score"": 0.0}","{""class_match"": 1.0, ""properties"": 1.0}","{""per_pair"": [0.0], ""n_gt"": 1, ""n_matched"": 0}",0.12
SLB-DEL-TOP-A-004,delete,topological,1.0,0.0,1.0,0.6666666666666666,spec,True,,1,1,,0.002764758886769414,"{""delta_node_precision"": 1.0, ""delta_node_recall"": 1.0, ""delta_node_f1"": 1.0, ""delta_edge_precision"": 1.0, ""delta_edge_recall"": 1.0, ""delta_edge_f1"": 1.0, ""delta_topology_score"": 1.0}","{""class_match"": 0.0, ""properties"": 0.0}","{""per_pair"": [1.0], ""n_gt"": 1, ""n_matched"": 1}",0.03
SLB-DEL-TOP-R-001,delete,topological,0.0,1.0,0.0,0.3333333333333333,spec,False,,1,0,,2.053221418056637,"{""delta_node_precision"": 0.0, ""delta_node_recall"": 0.0, ""delta_node_f1"": 0.0, ""delta_edge_precision"": 0.0, ""delta_edge_recall"": 0.0, ""delta_edge_f1"": 0.0, ""delta_topology_score"": 0.0}","{""class_match"": 1.0, ""properties"": 1.0}","{""per_pair"": [0.0], ""n_gt"": 1, ""n_matched"": 0}",21.45
SLB-DEL-TOP-R-002,delete,topological,0.0,1.0,0.0,0.3333333333333333,spec,False,,1,0,,18.350970287108794,"{""delta_node_precision"": 0.0, ""delta_node_recall"": 0.0, ""delta_node_f1"": 0.0, ""delta_edge_precision"": 0.0, ""delta_edge_recall"": 0.0, ""delta_edge_f1"": 0.0, ""delta_topology_score"": 0.0}","{""class_match"": 1.0, ""properties"": 1.0}","{""per_pair"": [0.0], ""n_gt"": 1, ""n_matched"": 0}",157.78
SLB-DEL-TOP-R-003,delete,topological,1.0,0.0,0.41384711779448624,0.4712823725981621,spec,True,,1,1,,0.5749630739446729,"{""delta_node_precision"": 0.14285714285714285, ""delta_node_recall"": 1.0, ""delta_node_f1"": 0.25, ""delta_edge_precision"": 0.10526315789473684, ""delta_edge_recall"": 1.0, ""delta_edge_f1"": 0.1904761904761905, ""delta_topology_score"": 0.20833333333333331}","{""class_match"": 0.0, ""properties"": 0.0}","{""per_pair"": [1.0], ""n_gt"": 1, ""n_matched"": 1}",5.33
SLB-DEL-TOP-R-004,delete,topological,0.0,1.0,0.0,0.3333333333333333,spec,False,,1,0,,0.6045944718644023,"{""delta_node_precision"": 0.0, ""delta_node_recall"": 0.0, ""delta_node_f1"": 0.0, ""delta_edge_precision"": 0.0, ""delta_edge_recall"": 0.0, ""delta_edge_f1"": 0.0, ""delta_topology_score"": 0.0}","{""class_match"": 1.0, ""properties"": 1.0}","{""per_pair"": [0.0], ""n_gt"": 1, ""n_matched"": 0}",4.73
SLB-UPD-DIR-A-001,update,direct,0.0,0.0,0.0,0.0,spec,False,,1,0,,0.0351850560400635,"{""delta_node_precision"": 0.0, ""delta_node_recall"": 0.0, ""delta_node_f1"": 0.0, ""delta_edge_precision"": 0.0, ""delta_edge_recall"": 0.0, ""delta_edge_f1"": 0.0, ""delta_topology_score"": 0.0}","{""class_match"": 0.0, ""properties"": 0.0}","{""per_pair"": [0.0], ""n_gt"": 1, ""n_matched"": 0}",0.12
SLB-UPD-DIR-A-002,update,direct,0.9615854592465048,1.0,0.5285714285714286,0.8300522959393111,spec,True,11kJIqz$n2Jf_DfJV1SCVP,1,1,,0.06844721199013293,"{""delta_node_precision"": 0.0, ""delta_node_recall"": 0.0, ""delta_node_f1"": 0.0, ""delta_edge_precision"": 1.0, ""delta_edge_recall"": 1.0, ""delta_edge_f1"": 1.0, ""delta_topology_score"": 0.7}","{""class_match"": 1.0, ""properties"": 1.0}","{""per_pair"": [0.9615854592465048], ""n_gt"": 1, ""n_matched"": 1}",0.4
SLB-UPD-DIR-A-003,update,direct,0.9115342587266977,0.7222222222222222,1.0,0.8779188269829733,spec,True,1YFesBujH2gOEC_rLPiADs,1,1,,0.01802810886874795,"{""delta_node_precision"": 1.0, ""delta_node_recall"": 1.0, ""delta_node_f1"": 1.0, ""delta_edge_precision"": 1.0, ""delta_edge_recall"": 1.0, ""delta_edge_f1"": 1.0, ""delta_topology_score"": 1.0}","{""class_match"": 1.0, ""properties"": 0.4444444444444444}","{""per_pair"": [0.9115342587266977], ""n_gt"": 1, ""n_matched"": 1}",0.04
SLB-UPD-DIR-A-004,update,direct,0.0,0.0,0.0,0.0,spec,False,,1,0,,0.1979772769846022,"{""delta_node_precision"": 0.0, ""delta_node_recall"": 0.0, ""delta_node_f1"": 0.0, ""delta_edge_precision"": 0.0, ""delta_edge_recall"": 0.0, ""delta_edge_f1"": 0.0, ""delta_topology_score"": 0.0}","{""class_match"": 0.0, ""properties"": 0.0}","{""per_pair"": [0.0], ""n_gt"": 1, ""n_matched"": 0}",0.05
SLB-UPD-DIR-R-001,update,direct,0.9686679144060178,1.0,0.5285714285714286,0.8324131143258154,spec,True,0bqRrMdOXEnON1o90BM2ec,1,1,,3.9767147600650787,"{""delta_node_precision"": 0.0, ""delta_node_recall"": 0.0, ""delta_node_f1"": 0.0, ""delta_edge_precision"": 1.0, ""delta_edge_recall"": 1.0, ""delta_edge_f1"": 1.0, ""delta_topology_score"": 0.7}","{""class_match"": 1.0, ""properties"": 1.0}","{""per_pair"": [0.9686679144060178], ""n_gt"": 1, ""n_matched"": 1}",21.45
SLB-UPD-DIR-R-002,update,direct,0.9627942520400206,1.0,1.0,0.9875980840133401,spec,True,3o2OEZ4R1CNe$4DSxkxEcZ,1,1,,29.214792035054415,"{""delta_node_precision"": 1.0, ""delta_node_recall"": 1.0, ""delta_node_f1"": 1.0, ""delta_edge_precision"": 1.0, ""delta_edge_recall"": 1.0, ""delta_edge_f1"": 1.0, ""delta_topology_score"": 1.0}","{""class_match"": 1.0, ""properties"": 1.0}","{""per_pair"": [0.9627942520400206], ""n_gt"": 1, ""n_matched"": 1}",154.68
SLB-UPD-DIR-R-003,update,direct,0.910810148646929,0.7,1.0,0.8702700495489762,spec,True,00yrLiRn90MQI8Q5LMWRQP,1,1,,1.1467546210624278,"{""delta_node_precision"": 1.0, ""delta_node_recall"": 1.0, ""delta_node_f1"": 1.0, ""delta_edge_precision"": 1.0, ""delta_edge_recall"": 1.0, ""delta_edge_f1"": 1.0, ""delta_topology_score"": 1.0}","{""class_match"": 1.0, ""properties"": 0.4}","{""per_pair"": [0.910810148646929], ""n_gt"": 1, ""n_matched"": 1}",5.33
SLB-UPD-DIR-R-004,update,direct,0.0,0.0,0.0,0.0,spec,False,,1,0,,1.214498986955732,"{""delta_node_precision"": 0.0, ""delta_node_recall"": 0.0, ""delta_node_f1"": 0.0, ""delta_edge_precision"": 0.0, ""delta_edge_recall"": 0.0, ""delta_edge_f1"": 0.0, ""delta_topology_score"": 0.0}","{""class_match"": 0.0, ""properties"": 0.0}","{""per_pair"": [0.0], ""n_gt"": 1, ""n_matched"": 0}",4.73
SLB-UPD-SPA-A-001,update,spatial,0.0,0.0,0.0,0.0,spec,False,,1,0,,0.01611197693273425,"{""delta_node_precision"": 0.0, ""delta_node_recall"": 0.0, ""delta_node_f1"": 0.0, ""delta_edge_precision"": 0.0, ""delta_edge_recall"": 0.0, ""delta_edge_f1"": 0.0, ""delta_topology_score"": 0.0}","{""class_match"": 0.0, ""properties"": 0.0}","{""per_pair"": [0.0], ""n_gt"": 1, ""n_matched"": 0}",0.12
SLB-UPD-SPA-A-002,update,spatial,0.9615854592465048,1.0,0.5285714285714286,0.8300522959393111,spec,True,11kJIqz$n2Jf_DfJV1SCVP,1,1,,0.0421983408741653,"{""delta_node_precision"": 0.0, ""delta_node_recall"": 0.0, ""delta_node_f1"": 0.0, ""delta_edge_precision"": 1.0, ""delta_edge_recall"": 1.0, ""delta_edge_f1"": 1.0, ""delta_topology_score"": 0.7}","{""class_match"": 1.0, ""properties"": 1.0}","{""per_pair"": [0.9615854592465048], ""n_gt"": 1, ""n_matched"": 1}",0.4
SLB-UPD-SPA-A-003,update,spatial,0.9559761301382973,0.7222222222222222,0.5285714285714286,0.735589926977316,spec,True,1YFesBujH2gOEC_rLPiADs,1,1,,0.013487373013049364,"{""delta_node_precision"": 0.0, ""delta_node_recall"": 0.0, ""delta_node_f1"": 0.0, ""delta_edge_precision"": 1.0, ""delta_edge_recall"": 1.0, ""delta_edge_f1"": 1.0, ""delta_topology_score"": 0.7}","{""class_match"": 1.0, ""properties"": 0.4444444444444444}","{""per_pair"": [0.9559761301382973], ""n_gt"": 1, ""n_matched"": 1}",0.04
SLB-UPD-SPA-A-004,update,spatial,0.0,0.0,0.0,0.0,spec,False,,1,0,,0.009562368039041758,"{""delta_node_precision"": 0.0, ""delta_node_recall"": 0.0, ""delta_node_f1"": 0.0, ""delta_edge_precision"": 0.0, ""delta_edge_recall"": 0.0, ""delta_edge_f1"": 0.0, ""delta_topology_score"": 0.0}","{""class_match"": 0.0, ""properties"": 0.0}","{""per_pair"": [0.0], ""n_gt"": 1, ""n_matched"": 0}",0.05
SLB-UPD-SPA-R-001,update,spatial,0.9686679144060178,1.0,0.5285714285714286,0.8324131143258154,spec,True,0bqRrMdOXEnON1o90BM2ec,1,1,,2.104521900881082,"{""delta_node_precision"": 0.0, ""delta_node_recall"": 0.0, ""delta_node_f1"": 0.0, ""delta_edge_precision"": 1.0, ""delta_edge_recall"": 1.0, ""delta_edge_f1"": 1.0, ""delta_topology_score"": 0.7}","{""class_match"": 1.0, ""properties"": 1.0}","{""per_pair"": [0.9686679144060178], ""n_gt"": 1, ""n_matched"": 1}",21.45
SLB-UPD-SPA-R-002,update,spatial,0.9637856463645916,1.0,0.5285714285714286,0.8307856916453401,spec,True,3o2OEZ4R1CNe$4DSxkxEcZ,1,1,,17.00675387796946,"{""delta_node_precision"": 0.0, ""delta_node_recall"": 0.0, ""delta_node_f1"": 0.0, ""delta_edge_precision"": 1.0, ""delta_edge_recall"": 1.0, ""delta_edge_f1"": 1.0, ""delta_topology_score"": 0.7}","{""class_match"": 1.0, ""properties"": 1.0}","{""per_pair"": [0.9637856463645916], ""n_gt"": 1, ""n_matched"": 1}",154.68
SLB-UPD-SPA-R-003,update,spatial,0.957406241454486,0.7,0.5285714285714286,0.7286592233419715,spec,True,00yrLiRn90MQI8Q5LMWRQP,1,1,,0.5953152270521969,"{""delta_node_precision"": 0.0, ""delta_node_recall"": 0.0, ""delta_node_f1"": 0.0, ""delta_edge_precision"": 1.0, ""delta_edge_recall"": 1.0, ""delta_edge_f1"": 1.0, ""delta_topology_score"": 0.7}","{""class_match"": 1.0, ""properties"": 0.4}","{""per_pair"": [0.957406241454486], ""n_gt"": 1, ""n_matched"": 1}",5.33
SLB-UPD-SPA-R-004,update,spatial,0.0,0.0,0.0,0.0,spec,False,,1,0,,0.5988128581084311,"{""delta_node_precision"": 0.0, ""delta_node_recall"": 0.0, ""delta_node_f1"": 0.0, ""delta_edge_precision"": 0.0, ""delta_edge_recall"": 0.0, ""delta_edge_f1"": 0.0, ""delta_topology_score"": 0.0}","{""class_match"": 0.0, ""properties"": 0.0}","{""per_pair"": [0.0], ""n_gt"": 1, ""n_matched"": 0}",4.73
SLB-UPD-TOP-A-001,update,topological,0.0,0.0,0.0,0.0,spec,False,,1,0,,0.015145190991461277,"{""delta_node_precision"": 0.0, ""delta_node_recall"": 0.0, ""delta_node_f1"": 0.0, ""delta_edge_precision"": 0.0, ""delta_edge_recall"": 0.0, ""delta_edge_f1"": 0.0, ""delta_topology_score"": 0.0}","{""class_match"": 0.0, ""properties"": 0.0}","{""per_pair"": [0.0], ""n_gt"": 1, ""n_matched"": 0}",0.12
SLB-UPD-TOP-A-002,update,topological,0.9615854592465048,1.0,0.5285714285714286,0.8300522959393111,spec,True,11kJIqz$n2Jf_DfJV1SCVP,1,1,,0.03939074790105224,"{""delta_node_precision"": 0.0, ""delta_node_recall"": 0.0, ""delta_node_f1"": 0.0, ""delta_edge_precision"": 1.0, ""delta_edge_recall"": 1.0, ""delta_edge_f1"": 1.0, ""delta_topology_score"": 0.7}","{""class_match"": 1.0, ""properties"": 1.0}","{""per_pair"": [0.9615854592465048], ""n_gt"": 1, ""n_matched"": 1}",0.4
SLB-UPD-TOP-A-003,update,topological,0.9559761301382973,0.7222222222222222,0.5285714285714286,0.735589926977316,spec,True,1YFesBujH2gOEC_rLPiADs,1,1,,0.0132574369199574,"{""delta_node_precision"": 0.0, ""delta_node_recall"": 0.0, ""delta_node_f1"": 0.0, ""delta_edge_precision"": 1.0, ""delta_edge_recall"": 1.0, ""delta_edge_f1"": 1.0, ""delta_topology_score"": 0.7}","{""class_match"": 1.0, ""properties"": 0.4444444444444444}","{""per_pair"": [0.9559761301382973], ""n_gt"": 1, ""n_matched"": 1}",0.04
SLB-UPD-TOP-A-004,update,topological,0.0,0.0,0.0,0.0,spec,False,,1,0,,0.008126904023811221,"{""delta_node_precision"": 0.0, ""delta_node_recall"": 0.0, ""delta_node_f1"": 0.0, ""delta_edge_precision"": 0.0, ""delta_edge_recall"": 0.0, ""delta_edge_f1"": 0.0, ""delta_topology_score"": 0.0}","{""class_match"": 0.0, ""properties"": 0.0}","{""per_pair"": [0.0], ""n_gt"": 1, ""n_matched"": 0}",0.05
SLB-UPD-TOP-R-001,update,topological,0.9686679144060178,1.0,0.5285714285714286,0.8324131143258154,spec,True,0bqRrMdOXEnON1o90BM2ec,1,1,,2.143708701012656,"{""delta_node_precision"": 0.0, ""delta_node_recall"": 0.0, ""delta_node_f1"": 0.0, ""delta_edge_precision"": 1.0, ""delta_edge_recall"": 1.0, ""delta_edge_f1"": 1.0, ""delta_topology_score"": 0.7}","{""class_match"": 1.0, ""properties"": 1.0}","{""per_pair"": [0.9686679144060178], ""n_gt"": 1, ""n_matched"": 1}",21.45
SLB-UPD-TOP-R-002,update,topological,0.9637856463645916,1.0,0.5285714285714286,0.8307856916453401,spec,True,3o2OEZ4R1CNe$4DSxkxEcZ,1,1,,18.088304699165747,"{""delta_node_precision"": 0.0, ""delta_node_recall"": 0.0, ""delta_node_f1"": 0.0, ""delta_edge_precision"": 1.0, ""delta_edge_recall"": 1.0, ""delta_edge_f1"": 1.0, ""delta_topology_score"": 0.7}","{""class_match"": 1.0, ""properties"": 1.0}","{""per_pair"": [0.9637856463645916], ""n_gt"": 1, ""n_matched"": 1}",154.68
SLB-UPD-TOP-R-003,update,topological,0.957406241454486,0.7,0.5285714285714286,0.7286592233419715,spec,True,00yrLiRn90MQI8Q5LMWRQP,1,1,,0.5974988418165594,"{""delta_node_precision"": 0.0, ""delta_node_recall"": 0.0, ""delta_node_f1"": 0.0, ""delta_edge_precision"": 1.0, ""delta_edge_recall"": 1.0, ""delta_edge_f1"": 1.0, ""delta_topology_score"": 0.7}","{""class_match"": 1.0, ""properties"": 0.4}","{""per_pair"": [0.957406241454486], ""n_gt"": 1, ""n_matched"": 1}",5.33
SLB-UPD-TOP-R-004,update,topological,0.0,0.0,0.0,0.0,spec,False,,1,0,,0.6012198231182992,"{""delta_node_precision"": 0.0, ""delta_node_recall"": 0.0, ""delta_node_f1"": 0.0, ""delta_edge_precision"": 0.0, ""delta_edge_recall"": 0.0, ""delta_edge_f1"": 0.0, ""delta_topology_score"": 0.0}","{""class_match"": 0.0, ""properties"": 0.0}","{""per_pair"": [0.0], ""n_gt"": 1, ""n_matched"": 0}",4.73
WAL-CRE-DIR-A-001,create,direct,0.9999999999999996,0.5,0.7885714285714285,0.7628571428571428,diff,True,2wv6J9E_17ahIZkK0GGl_0,1,1,,0.2798491478897631,"{""delta_node_precision"": 1.0, ""delta_node_recall"": 1.0, ""delta_node_f1"": 1.0, ""delta_edge_precision"": 0.6, ""delta_edge_recall"": 0.6, ""delta_edge_f1"": 0.6, ""delta_topology_score"": 0.72}","{""class_match"": 1.0, ""properties"": 0.0}","{""per_pair"": [0.9999999999999996], ""n_gt"": 1, ""n_matched"": 1}",0.41
WAL-CRE-DIR-A-002,create,direct,0.9999999999999996,0.5,0.7885714285714285,0.7628571428571428,diff,True,0de5OB5qr3yBE448q0xOdD,1,1,,0.038248154101893306,"{""delta_node_precision"": 1.0, ""delta_node_recall"": 1.0, ""delta_node_f1"": 1.0, ""delta_edge_precision"": 0.6, ""delta_edge_recall"": 0.6, ""delta_edge_f1"": 0.6, ""delta_topology_score"": 0.72}","{""class_match"": 1.0, ""properties"": 0.0}","{""per_pair"": [0.9999999999999996], ""n_gt"": 1, ""n_matched"": 1}",0.4
WAL-CRE-DIR-A-003,create,direct,0.9999999999999991,0.5,0.47047619047619044,0.6568253968253965,diff,True,1BEpN_kRbFoP8_S52Ic7nf,1,1,,0.033825764898210764,"{""delta_node_precision"": 0.3333333333333333, ""delta_node_recall"": 1.0, ""delta_node_f1"": 0.5, ""delta_edge_precision"": 0.2, ""delta_edge_recall"": 0.6, ""delta_edge_f1"": 0.3, ""delta_topology_score"": 0.36}","{""class_match"": 1.0, ""properties"": 0.0}","{""per_pair"": [0.9999999999999991], ""n_gt"": 1, ""n_matched"": 1}",0.11
WAL-CRE-DIR-A-004,create,direct,0.0,0.0,0.0,0.0,diff,False,,1,0,,0.013983479933813214,"{""delta_node_precision"": 0.0, ""delta_node_recall"": 0.0, ""delta_node_f1"": 0.0, ""delta_edge_precision"": 0.0, ""delta_edge_recall"": 0.0, ""delta_edge_f1"": 0.0, ""delta_topology_score"": 0.0}","{""class_match"": 0.0, ""properties"": 0.0}","{""per_pair"": [0.0], ""n_gt"": 1, ""n_matched"": 0}",0.03
WAL-CRE-DIR-R-001,create,direct,0.9614253334402157,0.5,0.8821428571428571,0.7811893968610243,diff,True,0e_NIp28HBIhDPAwTWDyT$,1,1,,34.29852976906113,"{""delta_node_precision"": 1.0, ""delta_node_recall"": 1.0, ""delta_node_f1"": 1.0, ""delta_edge_precision"": 1.0, ""delta_edge_recall"": 0.6, ""delta_edge_f1"": 0.7499999999999999, ""delta_topology_score"": 0.825}","{""class_match"": 1.0, ""properties"": 0.0}","{""per_pair"": [0.9614253334402157], ""n_gt"": 1, ""n_matched"": 1}",224.95
WAL-CRE-DIR-R-002,create,direct,0.9992883025470395,0.5,0.8821428571428571,0.7938103865632988,diff,True,0uvQcvwDv69vcOwgOPZv9Q,1,1,,8.181941882008687,"{""delta_node_precision"": 1.0, ""delta_node_recall"": 1.0, ""delta_node_f1"": 1.0, ""delta_edge_precision"": 1.0, ""delta_edge_recall"": 0.6, ""delta_edge_f1"": 0.7499999999999999, ""delta_topology_score"": 0.825}","{""class_match"": 1.0, ""properties"": 0.0}","{""per_pair"": [0.9992883025470395], ""n_gt"": 1, ""n_matched"": 1}",47.02
WAL-CRE-DIR-R-003,create,direct,0.9999474501783264,0.5,0.7452380952380953,0.7483951818054738,diff,True,2SHrBYS49Dzex3jy31RHx7,1,1,,0.8416190729476511,"{""delta_node_precision"": 1.0, ""delta_node_recall"": 1.0, ""delta_node_f1"": 1.0, ""delta_edge_precision"": 0.4, ""delta_edge_recall"": 0.6666666666666666, ""delta_edge_f1"": 0.5, ""delta_topology_score"": 0.6499999999999999}","{""class_match"": 1.0, ""properties"": 0.0}","{""per_pair"": [0.9999474501783264], ""n_gt"": 1, ""n_matched"": 1}",5.25
WAL-CRE-DIR-R-004,create,direct,0.9619026030084409,0.5,0.2833333333333333,0.5817453121139247,diff,True,3OMg0AC558dw5TdQ6QhEsk,1,1,,3.046586418990046,"{""delta_node_precision"": 0.3333333333333333, ""delta_node_recall"": 1.0, ""delta_node_f1"": 0.5, ""delta_edge_precision"": 0.0, ""delta_edge_recall"": 0.0, ""delta_edge_f1"": 0.0, ""delta_topology_score"": 0.15}","{""class_match"": 1.0, ""properties"": 0.0}","{""per_pair"": [0.9619026030084409], ""n_gt"": 1, ""n_matched"": 1}",5.25
WAL-CRE-SPA-A-001,create,spatial,0.0,0.0,0.0,0.0,diff,False,,1,0,,0.05460275197401643,"{""delta_node_precision"": 0.0, ""delta_node_recall"": 0.0, ""delta_node_f1"": 0.0, ""delta_edge_precision"": 0.0, ""delta_edge_recall"": 0.0, ""delta_edge_f1"": 0.0, ""delta_topology_score"": 0.0}","{""class_match"": 0.0, ""properties"": 0.0}","{""per_pair"": [0.0], ""n_gt"": 1, ""n_matched"": 0}",0.41
WAL-CRE-SPA-A-002,create,spatial,0.0,0.0,0.0,0.0,diff,False,,1,0,,0.02967821410857141,"{""delta_node_precision"": 0.0, ""delta_node_recall"": 0.0, ""delta_node_f1"": 0.0, ""delta_edge_precision"": 0.0, ""delta_edge_recall"": 0.0, ""delta_edge_f1"": 0.0, ""delta_topology_score"": 0.0}","{""class_match"": 0.0, ""properties"": 0.0}","{""per_pair"": [0.0], ""n_gt"": 1, ""n_matched"": 0}",0.4
WAL-CRE-SPA-A-003,create,spatial,0.0,0.0,0.0,0.0,diff,False,,1,0,,0.007708618883043528,"{""delta_node_precision"": 0.0, ""delta_node_recall"": 0.0, ""delta_node_f1"": 0.0, ""delta_edge_precision"": 0.0, ""delta_edge_recall"": 0.0, ""delta_edge_f1"": 0.0, ""delta_topology_score"": 0.0}","{""class_match"": 0.0, ""properties"": 0.0}","{""per_pair"": [0.0], ""n_gt"": 1, ""n_matched"": 0}",0.11
WAL-CRE-SPA-A-004,create,spatial,0.0,0.0,0.0,0.0,diff,False,,1,0,,0.004013249883428216,"{""delta_node_precision"": 0.0, ""delta_node_recall"": 0.0, ""delta_node_f1"": 0.0, ""delta_edge_precision"": 0.0, ""delta_edge_recall"": 0.0, ""delta_edge_f1"": 0.0, ""delta_topology_score"": 0.0}","{""class_match"": 0.0, ""properties"": 0.0}","{""per_pair"": [0.0], ""n_gt"": 1, ""n_matched"": 0}",0.03
WAL-CRE-SPA-R-001,create,spatial,0.0,0.0,0.0,0.0,diff,False,,1,0,,15.238136481959373,"{""delta_node_precision"": 0.0, ""delta_node_recall"": 0.0, ""delta_node_f1"": 0.0, ""delta_edge_precision"": 0.0, ""delta_edge_recall"": 0.0, ""delta_edge_f1"": 0.0, ""delta_topology_score"": 0.0}","{""class_match"": 0.0, ""properties"": 0.0}","{""per_pair"": [0.0], ""n_gt"": 1, ""n_matched"": 0}",224.95
WAL-CRE-SPA-R-002,create,spatial,0.0,0.0,0.0,0.0,diff,False,,1,0,,3.5836984349880368,"{""delta_node_precision"": 0.0, ""delta_node_recall"": 0.0, ""delta_node_f1"": 0.0, ""delta_edge_precision"": 0.0, ""delta_edge_recall"": 0.0, ""delta_edge_f1"": 0.0, ""delta_topology_score"": 0.0}","{""class_match"": 0.0, ""properties"": 0.0}","{""per_pair"": [0.0], ""n_gt"": 1, ""n_matched"": 0}",47.02
WAL-CRE-SPA-R-003,create,spatial,0.0,0.0,0.0,0.0,diff,False,,1,0,,0.3944914280436933,"{""delta_node_precision"": 0.0, ""delta_node_recall"": 0.0, ""delta_node_f1"": 0.0, ""delta_edge_precision"": 0.0, ""delta_edge_recall"": 0.0, ""delta_edge_f1"": 0.0, ""delta_topology_score"": 0.0}","{""class_match"": 0.0, ""properties"": 0.0}","{""per_pair"": [0.0], ""n_gt"": 1, ""n_matched"": 0}",5.25
WAL-CRE-SPA-R-004,create,spatial,0.0,0.0,0.0,0.0,diff,False,,1,0,,0.7366863079369068,"{""delta_node_precision"": 0.0, ""delta_node_recall"": 0.0, ""delta_node_f1"": 0.0, ""delta_edge_precision"": 0.0, ""delta_edge_recall"": 0.0, ""delta_edge_f1"": 0.0, ""delta_topology_score"": 0.0}","{""class_match"": 0.0, ""properties"": 0.0}","{""per_pair"": [0.0], ""n_gt"": 1, ""n_matched"": 0}",5.25
WAL-CRE-TOP-A-001,create,topological,0.0,0.0,0.0,0.0,diff,False,,1,0,,0.044472032925114036,"{""delta_node_precision"": 0.0, ""delta_node_recall"": 0.0, ""delta_node_f1"": 0.0, ""delta_edge_precision"": 0.0, ""delta_edge_recall"": 0.0, ""delta_edge_f1"": 0.0, ""delta_topology_score"": 0.0}","{""class_match"": 0.0, ""properties"": 0.0}","{""per_pair"": [0.0], ""n_gt"": 1, ""n_matched"": 0}",0.41
WAL-CRE-TOP-A-002,create,topological,0.0,0.0,0.0,0.0,diff,False,,1,0,,0.028631615918129683,"{""delta_node_precision"": 0.0, ""delta_node_recall"": 0.0, ""delta_node_f1"": 0.0, ""delta_edge_precision"": 0.0, ""delta_edge_recall"": 0.0, ""delta_edge_f1"": 0.0, ""delta_topology_score"": 0.0}","{""class_match"": 0.0, ""properties"": 0.0}","{""per_pair"": [0.0], ""n_gt"": 1, ""n_matched"": 0}",0.4
WAL-CRE-TOP-A-003,create,topological,0.0,0.0,0.0,0.0,diff,False,,1,0,,0.0074542248621582985,"{""delta_node_precision"": 0.0, ""delta_node_recall"": 0.0, ""delta_node_f1"": 0.0, ""delta_edge_precision"": 0.0, ""delta_edge_recall"": 0.0, ""delta_edge_f1"": 0.0, ""delta_topology_score"": 0.0}","{""class_match"": 0.0, ""properties"": 0.0}","{""per_pair"": [0.0], ""n_gt"": 1, ""n_matched"": 0}",0.11
WAL-CRE-TOP-A-004,create,topological,0.0,0.0,0.0,0.0,diff,False,,1,0,,0.0037980200722813606,"{""delta_node_precision"": 0.0, ""delta_node_recall"": 0.0, ""delta_node_f1"": 0.0, ""delta_edge_precision"": 0.0, ""delta_edge_recall"": 0.0, ""delta_edge_f1"": 0.0, ""delta_topology_score"": 0.0}","{""class_match"": 0.0, ""properties"": 0.0}","{""per_pair"": [0.0], ""n_gt"": 1, ""n_matched"": 0}",0.03
WAL-CRE-TOP-R-001,create,topological,0.0,0.0,0.0,0.0,diff,False,,1,0,,19.219838289078325,"{""delta_node_precision"": 0.0, ""delta_node_recall"": 0.0, ""delta_node_f1"": 0.0, ""delta_edge_precision"": 0.0, ""delta_edge_recall"": 0.0, ""delta_edge_f1"": 0.0, ""delta_topology_score"": 0.0}","{""class_match"": 0.0, ""properties"": 0.0}","{""per_pair"": [0.0], ""n_gt"": 1, ""n_matched"": 0}",224.95
WAL-CRE-TOP-R-002,create,topological,0.0,0.0,0.0,0.0,diff,False,,1,0,,3.9420113009400666,"{""delta_node_precision"": 0.0, ""delta_node_recall"": 0.0, ""delta_node_f1"": 0.0, ""delta_edge_precision"": 0.0, ""delta_edge_recall"": 0.0, ""delta_edge_f1"": 0.0, ""delta_topology_score"": 0.0}","{""class_match"": 0.0, ""properties"": 0.0}","{""per_pair"": [0.0], ""n_gt"": 1, ""n_matched"": 0}",47.02
WAL-CRE-TOP-R-003,create,topological,0.0,0.0,0.0,0.0,diff,False,,1,0,,0.4208026530686766,"{""delta_node_precision"": 0.0, ""delta_node_recall"": 0.0, ""delta_node_f1"": 0.0, ""delta_edge_precision"": 0.0, ""delta_edge_recall"": 0.0, ""delta_edge_f1"": 0.0, ""delta_topology_score"": 0.0}","{""class_match"": 0.0, ""properties"": 0.0}","{""per_pair"": [0.0], ""n_gt"": 1, ""n_matched"": 0}",5.25
WAL-CRE-TOP-R-004,create,topological,0.0,0.0,0.0,0.0,diff,False,,1,0,,0.7544632949866354,"{""delta_node_precision"": 0.0, ""delta_node_recall"": 0.0, ""delta_node_f1"": 0.0, ""delta_edge_precision"": 0.0, ""delta_edge_recall"": 0.0, ""delta_edge_f1"": 0.0, ""delta_topology_score"": 0.0}","{""class_match"": 0.0, ""properties"": 0.0}","{""per_pair"": [0.0], ""n_gt"": 1, ""n_matched"": 0}",5.25
WAL-DEL-DIR-A-001,delete,direct,1.0,0.0,1.0,0.6666666666666666,spec,True,,1,1,,0.8228143458254635,"{""delta_node_precision"": 1.0, ""delta_node_recall"": 1.0, ""delta_node_f1"": 1.0, ""delta_edge_precision"": 1.0, ""delta_edge_recall"": 1.0, ""delta_edge_f1"": 1.0, ""delta_topology_score"": 1.0}","{""class_match"": 0.0, ""properties"": 0.0}","{""per_pair"": [1.0], ""n_gt"": 1, ""n_matched"": 1}",0.41
WAL-DEL-DIR-A-002,delete,direct,1.0,0.0,1.0,0.6666666666666666,spec,True,,1,1,,0.06574475392699242,"{""delta_node_precision"": 1.0, ""delta_node_recall"": 1.0, ""delta_node_f1"": 1.0, ""delta_edge_precision"": 1.0, ""delta_edge_recall"": 1.0, ""delta_edge_f1"": 1.0, ""delta_topology_score"": 1.0}","{""class_match"": 0.0, ""properties"": 0.0}","{""per_pair"": [1.0], ""n_gt"": 1, ""n_matched"": 1}",0.41
WAL-DEL-DIR-A-003,delete,direct,1.0,0.0,1.0,0.6666666666666666,spec,True,,1,1,,0.018947536125779152,"{""delta_node_precision"": 1.0, ""delta_node_recall"": 1.0, ""delta_node_f1"": 1.0, ""delta_edge_precision"": 1.0, ""delta_edge_recall"": 1.0, ""delta_edge_f1"": 1.0, ""delta_topology_score"": 1.0}","{""class_match"": 0.0, ""properties"": 0.0}","{""per_pair"": [1.0], ""n_gt"": 1, ""n_matched"": 1}",0.11
WAL-DEL-DIR-A-004,delete,direct,0.0,1.0,0.0,0.3333333333333333,spec,False,,1,0,,0.03580103605054319,"{""delta_node_precision"": 0.0, ""delta_node_recall"": 0.0, ""delta_node_f1"": 0.0, ""delta_edge_precision"": 0.0, ""delta_edge_recall"": 0.0, ""delta_edge_f1"": 0.0, ""delta_topology_score"": 0.0}","{""class_match"": 1.0, ""properties"": 1.0}","{""per_pair"": [0.0], ""n_gt"": 1, ""n_matched"": 0}",0.17
WAL-DEL-DIR-R-001,delete,direct,1.0,0.0,1.0,0.6666666666666666,spec,True,,1,1,,42.38284831098281,"{""delta_node_precision"": 1.0, ""delta_node_recall"": 1.0, ""delta_node_f1"": 1.0, ""delta_edge_precision"": 1.0, ""delta_edge_recall"": 1.0, ""delta_edge_f1"": 1.0, ""delta_topology_score"": 1.0}","{""class_match"": 0.0, ""properties"": 0.0}","{""per_pair"": [1.0], ""n_gt"": 1, ""n_matched"": 1}",224.95
WAL-DEL-DIR-R-002,delete,direct,1.0,0.0,1.0,0.6666666666666666,spec,True,,1,1,,4.220385693013668,"{""delta_node_precision"": 1.0, ""delta_node_recall"": 1.0, ""delta_node_f1"": 1.0, ""delta_edge_precision"": 1.0, ""delta_edge_recall"": 1.0, ""delta_edge_f1"": 1.0, ""delta_topology_score"": 1.0}","{""class_match"": 0.0, ""properties"": 0.0}","{""per_pair"": [1.0], ""n_gt"": 1, ""n_matched"": 1}",47.02
WAL-DEL-DIR-R-003,delete,direct,0.0,1.0,0.0,0.3333333333333333,spec,False,,1,0,,1.1773472188506275,"{""delta_node_precision"": 0.0, ""delta_node_recall"": 0.0, ""delta_node_f1"": 0.0, ""delta_edge_precision"": 0.0, ""delta_edge_recall"": 0.0, ""delta_edge_f1"": 0.0, ""delta_topology_score"": 0.0}","{""class_match"": 1.0, ""properties"": 1.0}","{""per_pair"": [0.0], ""n_gt"": 1, ""n_matched"": 0}",5.33
WAL-DEL-DIR-R-004,delete,direct,0.0,1.0,0.0,0.3333333333333333,spec,False,,1,0,,2.506854807958007,"{""delta_node_precision"": 0.0, ""delta_node_recall"": 0.0, ""delta_node_f1"": 0.0, ""delta_edge_precision"": 0.0, ""delta_edge_recall"": 0.0, ""delta_edge_f1"": 0.0, ""delta_topology_score"": 0.0}","{""class_match"": 1.0, ""properties"": 1.0}","{""per_pair"": [0.0], ""n_gt"": 1, ""n_matched"": 0}",5.26
WAL-DEL-SPA-A-001,delete,spatial,1.0,0.0,1.0,0.6666666666666666,spec,True,,1,1,,0.06776478700339794,"{""delta_node_precision"": 1.0, ""delta_node_recall"": 1.0, ""delta_node_f1"": 1.0, ""delta_edge_precision"": 1.0, ""delta_edge_recall"": 1.0, ""delta_edge_f1"": 1.0, ""delta_topology_score"": 1.0}","{""class_match"": 0.0, ""properties"": 0.0}","{""per_pair"": [1.0], ""n_gt"": 1, ""n_matched"": 1}",0.41
WAL-DEL-SPA-A-002,delete,spatial,1.0,0.0,0.5149749373433583,0.5049916457811194,spec,True,,1,1,,0.02653076802380383,"{""delta_node_precision"": 0.2, ""delta_node_recall"": 1.0, ""delta_node_f1"": 0.33333333333333337, ""delta_edge_precision"": 0.2631578947368421, ""delta_edge_recall"": 1.0, ""delta_edge_f1"": 0.4166666666666667, ""delta_topology_score"": 0.3916666666666667}","{""class_match"": 0.0, ""properties"": 0.0}","{""per_pair"": [1.0], ""n_gt"": 1, ""n_matched"": 1}",0.41
WAL-DEL-SPA-A-003,delete,spatial,1.0,0.0,1.0,0.6666666666666666,spec,True,,1,1,,0.007224283879622817,"{""delta_node_precision"": 1.0, ""delta_node_recall"": 1.0, ""delta_node_f1"": 1.0, ""delta_edge_precision"": 1.0, ""delta_edge_recall"": 1.0, ""delta_edge_f1"": 1.0, ""delta_topology_score"": 1.0}","{""class_match"": 0.0, ""properties"": 0.0}","{""per_pair"": [1.0], ""n_gt"": 1, ""n_matched"": 1}",0.11
WAL-DEL-SPA-A-004,delete,spatial,0.0,1.0,0.0,0.3333333333333333,spec,False,,1,0,,0.014891899889335036,"{""delta_node_precision"": 0.0, ""delta_node_recall"": 0.0, ""delta_node_f1"": 0.0, ""delta_edge_precision"": 0.0, ""delta_edge_recall"": 0.0, ""delta_edge_f1"": 0.0, ""delta_topology_score"": 0.0}","{""class_match"": 1.0, ""properties"": 1.0}","{""per_pair"": [0.0], ""n_gt"": 1, ""n_matched"": 0}",0.17
WAL-DEL-SPA-R-001,delete,spatial,0.0,1.0,0.0,0.3333333333333333,spec,False,,1,0,,21.823562368983403,"{""delta_node_precision"": 0.0, ""delta_node_recall"": 0.0, ""delta_node_f1"": 0.0, ""delta_edge_precision"": 0.0, ""delta_edge_recall"": 0.0, ""delta_edge_f1"": 0.0, ""delta_topology_score"": 0.0}","{""class_match"": 1.0, ""properties"": 1.0}","{""per_pair"": [0.0], ""n_gt"": 1, ""n_matched"": 0}",224.95
WAL-DEL-SPA-R-002,delete,spatial,0.0,1.0,0.0,0.3333333333333333,spec,False,,1,0,,4.357754959957674,"{""delta_node_precision"": 0.0, ""delta_node_recall"": 0.0, ""delta_node_f1"": 0.0, ""delta_edge_precision"": 0.0, ""delta_edge_recall"": 0.0, ""delta_edge_f1"": 0.0, ""delta_topology_score"": 0.0}","{""class_match"": 1.0, ""properties"": 1.0}","{""per_pair"": [0.0], ""n_gt"": 1, ""n_matched"": 0}",47.02
WAL-DEL-SPA-R-003,delete,spatial,0.0,1.0,0.0,0.3333333333333333,spec,False,,1,0,,0.5967118369881064,"{""delta_node_precision"": 0.0, ""delta_node_recall"": 0.0, ""delta_node_f1"": 0.0, ""delta_edge_precision"": 0.0, ""delta_edge_recall"": 0.0, ""delta_edge_f1"": 0.0, ""delta_topology_score"": 0.0}","{""class_match"": 1.0, ""properties"": 1.0}","{""per_pair"": [0.0], ""n_gt"": 1, ""n_matched"": 0}",5.33
WAL-DEL-SPA-R-004,delete,spatial,1.0,0.0,0.7142857142857143,0.5714285714285715,spec,True,,1,1,,0.6432931781746447,"{""delta_node_precision"": 1.0, ""delta_node_recall"": 0.5, ""delta_node_f1"": 0.6666666666666666, ""delta_edge_precision"": 1.0, ""delta_edge_recall"": 0.5, ""delta_edge_f1"": 0.6666666666666666, ""delta_topology_score"": 0.6666666666666666}","{""class_match"": 0.0, ""properties"": 0.0}","{""per_pair"": [1.0], ""n_gt"": 1, ""n_matched"": 1}",5.26
WAL-DEL-TOP-A-001,delete,topological,1.0,0.0,1.0,0.6666666666666666,spec,True,,1,1,,0.09762506000697613,"{""delta_node_precision"": 1.0, ""delta_node_recall"": 1.0, ""delta_node_f1"": 1.0, ""delta_edge_precision"": 1.0, ""delta_edge_recall"": 1.0, ""delta_edge_f1"": 1.0, ""delta_topology_score"": 1.0}","{""class_match"": 0.0, ""properties"": 0.0}","{""per_pair"": [1.0], ""n_gt"": 1, ""n_matched"": 1}",0.41
WAL-DEL-TOP-A-002,delete,topological,1.0,0.0,0.5149749373433583,0.5049916457811194,spec,True,,1,1,,0.02535636816173792,"{""delta_node_precision"": 0.2, ""delta_node_recall"": 1.0, ""delta_node_f1"": 0.33333333333333337, ""delta_edge_precision"": 0.2631578947368421, ""delta_edge_recall"": 1.0, ""delta_edge_f1"": 0.4166666666666667, ""delta_topology_score"": 0.3916666666666667}","{""class_match"": 0.0, ""properties"": 0.0}","{""per_pair"": [1.0], ""n_gt"": 1, ""n_matched"": 1}",0.41
WAL-DEL-TOP-A-003,delete,topological,1.0,0.0,0.5745542427497314,0.5248514142499104,spec,True,,1,1,,0.006637232145294547,"{""delta_node_precision"": 0.25, ""delta_node_recall"": 1.0, ""delta_node_f1"": 0.4, ""delta_edge_precision"": 0.35714285714285715, ""delta_edge_recall"": 1.0, ""delta_edge_f1"": 0.5263157894736842, ""delta_topology_score"": 0.4884210526315789}","{""class_match"": 0.0, ""properties"": 0.0}","{""per_pair"": [1.0], ""n_gt"": 1, ""n_matched"": 1}",0.11
WAL-DEL-TOP-A-004,delete,topological,1.0,0.0,1.0,0.6666666666666666,spec,True,,1,1,,0.01242862013168633,"{""delta_node_precision"": 1.0, ""delta_node_recall"": 1.0, ""delta_node_f1"": 1.0, ""delta_edge_precision"": 1.0, ""delta_edge_recall"": 1.0, ""delta_edge_f1"": 1.0, ""delta_topology_score"": 1.0}","{""class_match"": 0.0, ""properties"": 0.0}","{""per_pair"": [1.0], ""n_gt"": 1, ""n_matched"": 1}",0.17
WAL-DEL-TOP-R-001,delete,topological,1.0,0.0,1.0,0.6666666666666666,spec,True,,1,1,,25.7583232850302,"{""delta_node_precision"": 1.0, ""delta_node_recall"": 1.0, ""delta_node_f1"": 1.0, ""delta_edge_precision"": 1.0, ""delta_edge_recall"": 1.0, ""delta_edge_f1"": 1.0, ""delta_topology_score"": 1.0}","{""class_match"": 0.0, ""properties"": 0.0}","{""per_pair"": [1.0], ""n_gt"": 1, ""n_matched"": 1}",224.95
WAL-DEL-TOP-R-002,delete,topological,0.0,1.0,0.0,0.3333333333333333,spec,False,,1,0,,4.395805571926758,"{""delta_node_precision"": 0.0, ""delta_node_recall"": 0.0, ""delta_node_f1"": 0.0, ""delta_edge_precision"": 0.0, ""delta_edge_recall"": 0.0, ""delta_edge_f1"": 0.0, ""delta_topology_score"": 0.0}","{""class_match"": 1.0, ""properties"": 1.0}","{""per_pair"": [0.0], ""n_gt"": 1, ""n_matched"": 0}",47.02
WAL-DEL-TOP-R-003,delete,topological,1.0,0.0,0.39909655561829477,0.4663655185394316,spec,True,,1,1,,0.5937876561656594,"{""delta_node_precision"": 0.5, ""delta_node_recall"": 0.25, ""delta_node_f1"": 0.3333333333333333, ""delta_edge_precision"": 0.4166666666666667, ""delta_edge_recall"": 0.45454545454545453, ""delta_edge_f1"": 0.43478260869565216, ""delta_topology_score"": 0.40434782608695646}","{""class_match"": 0.0, ""properties"": 0.0}","{""per_pair"": [1.0], ""n_gt"": 1, ""n_matched"": 1}",5.33
WAL-DEL-TOP-R-004,delete,topological,1.0,0.0,0.7142857142857143,0.5714285714285715,spec,True,,1,1,,0.6455479490105063,"{""delta_node_precision"": 1.0, ""delta_node_recall"": 0.5, ""delta_node_f1"": 0.6666666666666666, ""delta_edge_precision"": 1.0, ""delta_edge_recall"": 0.5, ""delta_edge_f1"": 0.6666666666666666, ""delta_topology_score"": 0.6666666666666666}","{""class_match"": 0.0, ""properties"": 0.0}","{""per_pair"": [1.0], ""n_gt"": 1, ""n_matched"": 1}",5.26
WAL-UPD-DIR-A-001,update,direct,0.9741361699758829,1.0,0.5741496598639456,0.8494286099466094,spec,True,0okaGdY4n1xulccRQajpx9,1,1,,0.2372324161697179,"{""delta_node_precision"": 0.5, ""delta_node_recall"": 1.0, ""delta_node_f1"": 0.6666666666666666, ""delta_edge_precision"": 0.16666666666666666, ""delta_edge_recall"": 1.0, ""delta_edge_f1"": 0.2857142857142857, ""delta_topology_score"": 0.39999999999999997}","{""class_match"": 1.0, ""properties"": 1.0}","{""per_pair"": [0.9741361699758829], ""n_gt"": 1, ""n_matched"": 1}",0.41
WAL-UPD-DIR-A-002,update,direct,0.9624347278054668,1.0,1.0,0.9874782426018222,spec,True,0JseLab3T6bx_3inDW04pz,1,1,,0.04861822281964123,"{""delta_node_precision"": 1.0, ""delta_node_recall"": 1.0, ""delta_node_f1"": 1.0, ""delta_edge_precision"": 1.0, ""delta_edge_recall"": 1.0, ""delta_edge_f1"": 1.0, ""delta_topology_score"": 1.0}","{""class_match"": 1.0, ""properties"": 1.0}","{""per_pair"": [0.9624347278054668], ""n_gt"": 1, ""n_matched"": 1}",0.14
WAL-UPD-DIR-A-003,update,direct,0.9171099010124681,0.7222222222222222,1.0,0.8797773744115635,spec,True,000irGlVjApOlI2apOJp9x,1,1,,0.028676857938989997,"{""delta_node_precision"": 1.0, ""delta_node_recall"": 1.0, ""delta_node_f1"": 1.0, ""delta_edge_precision"": 1.0, ""delta_edge_recall"": 1.0, ""delta_edge_f1"": 1.0, ""delta_topology_score"": 1.0}","{""class_match"": 1.0, ""properties"": 0.4444444444444444}","{""per_pair"": [0.9171099010124681], ""n_gt"": 1, ""n_matched"": 1}",0.11
WAL-UPD-DIR-A-004,update,direct,0.9438796539911325,1.0,0.4714285714285714,0.8051027418065679,spec,True,0SW1L9fQP9xeGsED2XHlvo,1,1,,0.014613945968449116,"{""delta_node_precision"": 1.0, ""delta_node_recall"": 1.0, ""delta_node_f1"": 1.0, ""delta_edge_precision"": 0.0, ""delta_edge_recall"": 0.0, ""delta_edge_f1"": 0.0, ""delta_topology_score"": 0.3}","{""class_match"": 1.0, ""properties"": 1.0}","{""per_pair"": [0.9438796539911325], ""n_gt"": 1, ""n_matched"": 1}",0.02
WAL-UPD-DIR-R-001,update,direct,0.9622300451100412,1.0,0.0,0.6540766817033471,spec,True,30a7nM35T5pgZzaItbPb1c,1,1,,55.34841122105718,"{""delta_node_precision"": 0.0, ""delta_node_recall"": 0.0, ""delta_node_f1"": 0.0, ""delta_edge_precision"": 0.0, ""delta_edge_recall"": 0.0, ""delta_edge_f1"": 0.0, ""delta_topology_score"": 0.0}","{""class_match"": 1.0, ""properties"": 1.0}","{""per_pair"": [0.9622300451100412], ""n_gt"": 1, ""n_matched"": 1}",224.95
WAL-UPD-DIR-R-002,update,direct,0.9940495871349427,1.0,1.0,0.998016529044981,spec,True,18rZd98AjEd9pV6_jMu$XT,1,1,,8.532459248090163,"{""delta_node_precision"": 1.0, ""delta_node_recall"": 1.0, ""delta_node_f1"": 1.0, ""delta_edge_precision"": 1.0, ""delta_edge_recall"": 1.0, ""delta_edge_f1"": 1.0, ""delta_topology_score"": 1.0}","{""class_match"": 1.0, ""properties"": 1.0}","{""per_pair"": [0.9940495871349427], ""n_gt"": 1, ""n_matched"": 1}",47.02
WAL-UPD-DIR-R-003,update,direct,0.9597184300044257,0.75,0.5285714285714286,0.7460966195252848,spec,True,2QS621lD51vfaO5mAA7tdk,1,1,,1.186564336065203,"{""delta_node_precision"": 0.0, ""delta_node_recall"": 0.0, ""delta_node_f1"": 0.0, ""delta_edge_precision"": 1.0, ""delta_edge_recall"": 1.0, ""delta_edge_f1"": 1.0, ""delta_topology_score"": 0.7}","{""class_match"": 1.0, ""properties"": 0.5}","{""per_pair"": [0.9597184300044257], ""n_gt"": 1, ""n_matched"": 1}",5.33
WAL-UPD-DIR-R-004,update,direct,0.9478099684941115,1.0,0.4714285714285714,0.8064128466408943,spec,True,2Nq3EKEYP8kfBFwGBhtRhO,1,1,,1.676609681919217,"{""delta_node_precision"": 1.0, ""delta_node_recall"": 1.0, ""delta_node_f1"": 1.0, ""delta_edge_precision"": 0.0, ""delta_edge_recall"": 0.0, ""delta_edge_f1"": 0.0, ""delta_topology_score"": 0.3}","{""class_match"": 1.0, ""properties"": 1.0}","{""per_pair"": [0.9478099684941115], ""n_gt"": 1, ""n_matched"": 1}",5.26
WAL-UPD-SPA-A-001,update,spatial,0.9372435736722317,1.0,0.4714285714285714,0.802890715033601,spec,True,0okaGdY4n1xulccRQajpx9,1,1,,0.06654927600175142,"{""delta_node_precision"": 1.0, ""delta_node_recall"": 1.0, ""delta_node_f1"": 1.0, ""delta_edge_precision"": 0.0, ""delta_edge_recall"": 0.0, ""delta_edge_f1"": 0.0, ""delta_topology_score"": 0.3}","{""class_match"": 1.0, ""properties"": 1.0}","{""per_pair"": [0.9372435736722317], ""n_gt"": 1, ""n_matched"": 1}",0.41
WAL-UPD-SPA-A-002,update,spatial,0.0,0.0,0.0,0.0,spec,False,,1,0,,0.017302520107477903,"{""delta_node_precision"": 0.0, ""delta_node_recall"": 0.0, ""delta_node_f1"": 0.0, ""delta_edge_precision"": 0.0, ""delta_edge_recall"": 0.0, ""delta_edge_f1"": 0.0, ""delta_topology_score"": 0.0}","{""class_match"": 0.0, ""properties"": 0.0}","{""per_pair"": [0.0], ""n_gt"": 1, ""n_matched"": 0}",0.14
WAL-UPD-SPA-A-003,update,spatial,0.9589843174143203,0.7222222222222222,0.5285714285714286,0.7365926560693237,spec,True,000irGlVjApOlI2apOJp9x,1,1,,0.017760817892849445,"{""delta_node_precision"": 0.0, ""delta_node_recall"": 0.0, ""delta_node_f1"": 0.0, ""delta_edge_precision"": 1.0, ""delta_edge_recall"": 1.0, ""delta_edge_f1"": 1.0, ""delta_topology_score"": 0.7}","{""class_match"": 1.0, ""properties"": 0.4444444444444444}","{""per_pair"": [0.9589843174143203], ""n_gt"": 1, ""n_matched"": 1}",0.11
WAL-UPD-SPA-A-004,update,spatial,0.0,0.0,0.0,0.0,spec,False,,1,0,,0.00519285281188786,"{""delta_node_precision"": 0.0, ""delta_node_recall"": 0.0, ""delta_node_f1"": 0.0, ""delta_edge_precision"": 0.0, ""delta_edge_recall"": 0.0, ""delta_edge_f1"": 0.0, ""delta_topology_score"": 0.0}","{""class_match"": 0.0, ""properties"": 0.0}","{""per_pair"": [0.0], ""n_gt"": 1, ""n_matched"": 0}",0.02
WAL-UPD-SPA-R-001,update,spatial,0.9267054435932159,1.0,0.4714285714285714,0.7993780050072625,spec,True,30a7nM35T5pgZzaItbPb1c,1,1,,27.679139198036864,"{""delta_node_precision"": 1.0, ""delta_node_recall"": 1.0, ""delta_node_f1"": 1.0, ""delta_edge_precision"": 0.0, ""delta_edge_recall"": 0.0, ""delta_edge_f1"": 0.0, ""delta_topology_score"": 0.3}","{""class_match"": 1.0, ""properties"": 1.0}","{""per_pair"": [0.9267054435932159], ""n_gt"": 1, ""n_matched"": 1}",224.95
WAL-UPD-SPA-R-002,update,spatial,0.0,0.0,0.0,0.0,spec,False,,1,0,,4.656525582075119,"{""delta_node_precision"": 0.0, ""delta_node_recall"": 0.0, ""delta_node_f1"": 0.0, ""delta_edge_precision"": 0.0, ""delta_edge_recall"": 0.0, ""delta_edge_f1"": 0.0, ""delta_topology_score"": 0.0}","{""class_match"": 0.0, ""properties"": 0.0}","{""per_pair"": [0.0], ""n_gt"": 1, ""n_matched"": 0}",47.02
WAL-UPD-SPA-R-003,update,spatial,0.9597184300044257,0.75,0.5285714285714286,0.7460966195252848,spec,True,2QS621lD51vfaO5mAA7tdk,1,1,,0.6080770511180162,"{""delta_node_precision"": 0.0, ""delta_node_recall"": 0.0, ""delta_node_f1"": 0.0, ""delta_edge_precision"": 1.0, ""delta_edge_recall"": 1.0, ""delta_edge_f1"": 1.0, ""delta_topology_score"": 0.7}","{""class_match"": 1.0, ""properties"": 0.5}","{""per_pair"": [0.9597184300044257], ""n_gt"": 1, ""n_matched"": 1}",5.33
WAL-UPD-SPA-R-004,update,spatial,0.9722730729410084,1.0,0.0,0.6574243576470028,spec,True,2Nq3EKEYP8kfBFwGBhtRhO,1,1,,0.5767841129563749,"{""delta_node_precision"": 0.0, ""delta_node_recall"": 0.0, ""delta_node_f1"": 0.0, ""delta_edge_precision"": 0.0, ""delta_edge_recall"": 0.0, ""delta_edge_f1"": 0.0, ""delta_topology_score"": 0.0}","{""class_match"": 1.0, ""properties"": 1.0}","{""per_pair"": [0.9722730729410084], ""n_gt"": 1, ""n_matched"": 1}",5.26
WAL-UPD-TOP-A-001,update,topological,0.5646260193890281,1.0,0.4714285714285714,0.6786848636058666,spec,True,0okaGdY4n1xulccRQajpx9,1,1,,0.058955688029527664,"{""delta_node_precision"": 1.0, ""delta_node_recall"": 1.0, ""delta_node_f1"": 1.0, ""delta_edge_precision"": 0.0, ""delta_edge_recall"": 0.0, ""delta_edge_f1"": 0.0, ""delta_topology_score"": 0.3}","{""class_match"": 1.0, ""properties"": 1.0}","{""per_pair"": [0.5646260193890281], ""n_gt"": 1, ""n_matched"": 1}",0.41
WAL-UPD-TOP-A-002,update,topological,0.0,0.0,0.0,0.0,spec,False,,1,0,,0.016514864983037114,"{""delta_node_precision"": 0.0, ""delta_node_recall"": 0.0, ""delta_node_f1"": 0.0, ""delta_edge_precision"": 0.0, ""delta_edge_recall"": 0.0, ""delta_edge_f1"": 0.0, ""delta_topology_score"": 0.0}","{""class_match"": 0.0, ""properties"": 0.0}","{""per_pair"": [0.0], ""n_gt"": 1, ""n_matched"": 0}",0.14
WAL-UPD-TOP-A-003,update,topological,0.9696053666254084,0.7222222222222222,1.0,0.8972758629492102,spec,True,000irGlVjApOlI2apOJp9x,1,1,,0.017757340101525187,"{""delta_node_precision"": 1.0, ""delta_node_recall"": 1.0, ""delta_node_f1"": 1.0, ""delta_edge_precision"": 1.0, ""delta_edge_recall"": 1.0, ""delta_edge_f1"": 1.0, ""delta_topology_score"": 1.0}","{""class_match"": 1.0, ""properties"": 0.4444444444444444}","{""per_pair"": [0.9696053666254084], ""n_gt"": 1, ""n_matched"": 1}",0.11
WAL-UPD-TOP-A-004,update,topological,0.0,0.0,0.0,0.0,spec,False,,1,0,,0.00504660583101213,"{""delta_node_precision"": 0.0, ""delta_node_recall"": 0.0, ""delta_node_f1"": 0.0, ""delta_edge_precision"": 0.0, ""delta_edge_recall"": 0.0, ""delta_edge_f1"": 0.0, ""delta_topology_score"": 0.0}","{""class_match"": 0.0, ""properties"": 0.0}","{""per_pair"": [0.0], ""n_gt"": 1, ""n_matched"": 0}",0.02
WAL-UPD-TOP-R-001,update,topological,0.9622300451100412,1.0,0.0,0.6540766817033471,spec,True,30a7nM35T5pgZzaItbPb1c,1,1,,27.992780092870817,"{""delta_node_precision"": 0.0, ""delta_node_recall"": 0.0, ""delta_node_f1"": 0.0, ""delta_edge_precision"": 0.0, ""delta_edge_recall"": 0.0, ""delta_edge_f1"": 0.0, ""delta_topology_score"": 0.0}","{""class_match"": 1.0, ""properties"": 1.0}","{""per_pair"": [0.9622300451100412], ""n_gt"": 1, ""n_matched"": 1}",224.95
WAL-UPD-TOP-R-002,update,topological,0.0,0.0,0.0,0.0,spec,False,,1,0,,4.724716853816062,"{""delta_node_precision"": 0.0, ""delta_node_recall"": 0.0, ""delta_node_f1"": 0.0, ""delta_edge_precision"": 0.0, ""delta_edge_recall"": 0.0, ""delta_edge_f1"": 0.0, ""delta_topology_score"": 0.0}","{""class_match"": 0.0, ""properties"": 0.0}","{""per_pair"": [0.0], ""n_gt"": 1, ""n_matched"": 0}",47.02
WAL-UPD-TOP-R-003,update,topological,0.9597184300044257,0.75,0.5285714285714286,0.7460966195252848,spec,True,2QS621lD51vfaO5mAA7tdk,1,1,,0.5871106241829693,"{""delta_node_precision"": 0.0, ""delta_node_recall"": 0.0, ""delta_node_f1"": 0.0, ""delta_edge_precision"": 1.0, ""delta_edge_recall"": 1.0, ""delta_edge_f1"": 1.0, ""delta_topology_score"": 0.7}","{""class_match"": 1.0, ""properties"": 0.5}","{""per_pair"": [0.9597184300044257], ""n_gt"": 1, ""n_matched"": 1}",5.33
WAL-UPD-TOP-R-004,update,topological,0.9722730729410084,1.0,0.0,0.6574243576470028,spec,True,2Nq3EKEYP8kfBFwGBhtRhO,1,1,,0.595619275001809,"{""delta_node_precision"": 0.0, ""delta_node_recall"": 0.0, ""delta_node_f1"": 0.0, ""delta_edge_precision"": 0.0, ""delta_edge_recall"": 0.0, ""delta_edge_f1"": 0.0, ""delta_topology_score"": 0.0}","{""class_match"": 1.0, ""properties"": 1.0}","{""per_pair"": [0.9722730729410084], ""n_gt"": 1, ""n_matched"": 1}",5.26
WIN-CRE-DIR-A-001,create,direct,0.0,0.0,0.0,0.0,diff,False,,1,0,,0.011374972993507981,"{""delta_node_precision"": 0.0, ""delta_node_recall"": 0.0, ""delta_node_f1"": 0.0, ""delta_edge_precision"": 0.0, ""delta_edge_recall"": 0.0, ""delta_edge_f1"": 0.0, ""delta_topology_score"": 0.0}","{""class_match"": 0.0, ""properties"": 0.0}","{""per_pair"": [0.0], ""n_gt"": 1, ""n_matched"": 0}",0.14
WIN-CRE-DIR-R-001,create,direct,0.0,0.0,0.0,0.0,diff,False,,1,0,,25.544821424176916,"{""delta_node_precision"": 0.0, ""delta_node_recall"": 0.0, ""delta_node_f1"": 0.0, ""delta_edge_precision"": 0.0, ""delta_edge_recall"": 0.0, ""delta_edge_f1"": 0.0, ""delta_topology_score"": 0.0}","{""class_match"": 0.0, ""properties"": 0.0}","{""per_pair"": [0.0], ""n_gt"": 1, ""n_matched"": 0}",161.25
WIN-CRE-SPA-A-001,create,spatial,0.0,0.0,0.0,0.0,diff,False,,1,0,,0.014639756875112653,"{""delta_node_precision"": 0.0, ""delta_node_recall"": 0.0, ""delta_node_f1"": 0.0, ""delta_edge_precision"": 0.0, ""delta_edge_recall"": 0.0, ""delta_edge_f1"": 0.0, ""delta_topology_score"": 0.0}","{""class_match"": 0.0, ""properties"": 0.0}","{""per_pair"": [0.0], ""n_gt"": 1, ""n_matched"": 0}",0.14
WIN-CRE-SPA-R-001,create,spatial,0.0,0.0,0.0,0.0,diff,False,,1,0,,12.186532832914963,"{""delta_node_precision"": 0.0, ""delta_node_recall"": 0.0, ""delta_node_f1"": 0.0, ""delta_edge_precision"": 0.0, ""delta_edge_recall"": 0.0, ""delta_edge_f1"": 0.0, ""delta_topology_score"": 0.0}","{""class_match"": 0.0, ""properties"": 0.0}","{""per_pair"": [0.0], ""n_gt"": 1, ""n_matched"": 0}",161.25
WIN-CRE-TOP-A-001,create,topological,0.0,0.0,0.0,0.0,diff,False,,1,0,,0.013078119838610291,"{""delta_node_precision"": 0.0, ""delta_node_recall"": 0.0, ""delta_node_f1"": 0.0, ""delta_edge_precision"": 0.0, ""delta_edge_recall"": 0.0, ""delta_edge_f1"": 0.0, ""delta_topology_score"": 0.0}","{""class_match"": 0.0, ""properties"": 0.0}","{""per_pair"": [0.0], ""n_gt"": 1, ""n_matched"": 0}",0.14
WIN-CRE-TOP-R-001,create,topological,0.0,0.0,0.0,0.0,diff,False,,1,0,,13.407387244980782,"{""delta_node_precision"": 0.0, ""delta_node_recall"": 0.0, ""delta_node_f1"": 0.0, ""delta_edge_precision"": 0.0, ""delta_edge_recall"": 0.0, ""delta_edge_f1"": 0.0, ""delta_topology_score"": 0.0}","{""class_match"": 0.0, ""properties"": 0.0}","{""per_pair"": [0.0], ""n_gt"": 1, ""n_matched"": 0}",161.25
WIN-DEL-DIR-A-001,delete,direct,1.0,0.0,0.8725417439703155,0.6241805813234386,spec,True,,1,1,,0.041906877886503935,"{""delta_node_precision"": 1.0, ""delta_node_recall"": 1.0, ""delta_node_f1"": 1.0, ""delta_edge_precision"": 1.0, ""delta_edge_recall"": 0.5714285714285714, ""delta_edge_f1"": 0.7272727272727273, ""delta_topology_score"": 0.8090909090909091}","{""class_match"": 0.0, ""properties"": 0.0}","{""per_pair"": [1.0], ""n_gt"": 1, ""n_matched"": 1}",0.15
WIN-DEL-DIR-A-002,delete,direct,1.0,0.0,0.51859410430839,0.5061980347694633,spec,True,,1,1,,0.05034654890187085,"{""delta_node_precision"": 0.2857142857142857, ""delta_node_recall"": 1.0, ""delta_node_f1"": 0.4444444444444445, ""delta_edge_precision"": 0.2, ""delta_edge_recall"": 1.0, ""delta_edge_f1"": 0.33333333333333337, ""delta_topology_score"": 0.3666666666666667}","{""class_match"": 0.0, ""properties"": 0.0}","{""per_pair"": [1.0], ""n_gt"": 1, ""n_matched"": 1}",0.24
WIN-DEL-DIR-R-001,delete,direct,1.0,0.0,0.8596825396825397,0.6198941798941799,spec,True,,1,1,,15.556991409976035,"{""delta_node_precision"": 1.0, ""delta_node_recall"": 0.6666666666666666, ""delta_node_f1"": 0.8, ""delta_edge_precision"": 1.0, ""delta_edge_recall"": 0.8, ""delta_edge_f1"": 0.888888888888889, ""delta_topology_score"": 0.8622222222222222}","{""class_match"": 0.0, ""properties"": 0.0}","{""per_pair"": [1.0], ""n_gt"": 1, ""n_matched"": 1}",161.43
WIN-DEL-DIR-R-002,delete,direct,1.0,0.0,1.0,0.6666666666666666,spec,True,,1,1,,1.1969897609669715,"{""delta_node_precision"": 1.0, ""delta_node_recall"": 1.0, ""delta_node_f1"": 1.0, ""delta_edge_precision"": 1.0, ""delta_edge_recall"": 1.0, ""delta_edge_f1"": 1.0, ""delta_topology_score"": 1.0}","{""class_match"": 0.0, ""properties"": 0.0}","{""per_pair"": [1.0], ""n_gt"": 1, ""n_matched"": 1}",5.33
WIN-DEL-SPA-A-001,delete,spatial,1.0,0.0,0.8725417439703155,0.6241805813234386,spec,True,,1,1,,0.012192443013191223,"{""delta_node_precision"": 1.0, ""delta_node_recall"": 1.0, ""delta_node_f1"": 1.0, ""delta_edge_precision"": 1.0, ""delta_edge_recall"": 0.5714285714285714, ""delta_edge_f1"": 0.7272727272727273, ""delta_topology_score"": 0.8090909090909091}","{""class_match"": 0.0, ""properties"": 0.0}","{""per_pair"": [1.0], ""n_gt"": 1, ""n_matched"": 1}",0.15
WIN-DEL-SPA-A-002,delete,spatial,0.0,1.0,0.0,0.3333333333333333,spec,False,,1,0,,0.026566709857434034,"{""delta_node_precision"": 0.0, ""delta_node_recall"": 0.0, ""delta_node_f1"": 0.0, ""delta_edge_precision"": 0.0, ""delta_edge_recall"": 0.0, ""delta_edge_f1"": 0.0, ""delta_topology_score"": 0.0}","{""class_match"": 1.0, ""properties"": 1.0}","{""per_pair"": [0.0], ""n_gt"": 1, ""n_matched"": 0}",0.24
WIN-DEL-SPA-R-001,delete,spatial,1.0,0.0,0.8596825396825397,0.6198941798941799,spec,True,,1,1,,17.062671951949596,"{""delta_node_precision"": 1.0, ""delta_node_recall"": 0.6666666666666666, ""delta_node_f1"": 0.8, ""delta_edge_precision"": 1.0, ""delta_edge_recall"": 0.8, ""delta_edge_f1"": 0.888888888888889, ""delta_topology_score"": 0.8622222222222222}","{""class_match"": 0.0, ""properties"": 0.0}","{""per_pair"": [1.0], ""n_gt"": 1, ""n_matched"": 1}",161.43
WIN-DEL-SPA-R-002,delete,spatial,0.0,1.0,0.0,0.3333333333333333,spec,False,,1,0,,0.6215343908406794,"{""delta_node_precision"": 0.0, ""delta_node_recall"": 0.0, ""delta_node_f1"": 0.0, ""delta_edge_precision"": 0.0, ""delta_edge_recall"": 0.0, ""delta_edge_f1"": 0.0, ""delta_topology_score"": 0.0}","{""class_match"": 1.0, ""properties"": 1.0}","{""per_pair"": [0.0], ""n_gt"": 1, ""n_matched"": 0}",5.33
WIN-DEL-TOP-A-001,delete,topological,1.0,0.0,0.8725417439703155,0.6241805813234386,spec,True,,1,1,,0.011850954964756966,"{""delta_node_precision"": 1.0, ""delta_node_recall"": 1.0, ""delta_node_f1"": 1.0, ""delta_edge_precision"": 1.0, ""delta_edge_recall"": 0.5714285714285714, ""delta_edge_f1"": 0.7272727272727273, ""delta_topology_score"": 0.8090909090909091}","{""class_match"": 0.0, ""properties"": 0.0}","{""per_pair"": [1.0], ""n_gt"": 1, ""n_matched"": 1}",0.15
WIN-DEL-TOP-A-002,delete,topological,0.0,1.0,0.0,0.3333333333333333,spec,False,,1,0,,0.027298186905682087,"{""delta_node_precision"": 0.0, ""delta_node_recall"": 0.0, ""delta_node_f1"": 0.0, ""delta_edge_precision"": 0.0, ""delta_edge_recall"": 0.0, ""delta_edge_f1"": 0.0, ""delta_topology_score"": 0.0}","{""class_match"": 1.0, ""properties"": 1.0}","{""per_pair"": [0.0], ""n_gt"": 1, ""n_matched"": 0}",0.24
WIN-DEL-TOP-R-001,delete,topological,1.0,0.0,0.8596825396825397,0.6198941798941799,spec,True,,1,1,,17.44613098492846,"{""delta_node_precision"": 1.0, ""delta_node_recall"": 0.6666666666666666, ""delta_node_f1"": 0.8, ""delta_edge_precision"": 1.0, ""delta_edge_recall"": 0.8, ""delta_edge_f1"": 0.888888888888889, ""delta_topology_score"": 0.8622222222222222}","{""class_match"": 0.0, ""properties"": 0.0}","{""per_pair"": [1.0], ""n_gt"": 1, ""n_matched"": 1}",161.43
WIN-DEL-TOP-R-002,delete,topological,0.0,1.0,0.0,0.3333333333333333,spec,False,,1,0,,0.6202682158909738,"{""delta_node_precision"": 0.0, ""delta_node_recall"": 0.0, ""delta_node_f1"": 0.0, ""delta_edge_precision"": 0.0, ""delta_edge_recall"": 0.0, ""delta_edge_f1"": 0.0, ""delta_topology_score"": 0.0}","{""class_match"": 1.0, ""properties"": 1.0}","{""per_pair"": [0.0], ""n_gt"": 1, ""n_matched"": 0}",5.33
WIN-UPD-DIR-A-001,update,direct,0.0,0.0,0.0,0.0,spec,False,,1,0,,0.16460606805048883,"{""delta_node_precision"": 0.0, ""delta_node_recall"": 0.0, ""delta_node_f1"": 0.0, ""delta_edge_precision"": 0.0, ""delta_edge_recall"": 0.0, ""delta_edge_f1"": 0.0, ""delta_topology_score"": 0.0}","{""class_match"": 0.0, ""properties"": 0.0}","{""per_pair"": [0.0], ""n_gt"": 1, ""n_matched"": 0}",0.45
WIN-UPD-DIR-A-002,update,direct,0.0,0.0,0.0,0.0,spec,False,,1,0,,0.055564755806699395,"{""delta_node_precision"": 0.0, ""delta_node_recall"": 0.0, ""delta_node_f1"": 0.0, ""delta_edge_precision"": 0.0, ""delta_edge_recall"": 0.0, ""delta_edge_f1"": 0.0, ""delta_topology_score"": 0.0}","{""class_match"": 0.0, ""properties"": 0.0}","{""per_pair"": [0.0], ""n_gt"": 1, ""n_matched"": 0}",0.15
WIN-UPD-DIR-A-003,update,direct,0.9573368998403592,0.7222222222222222,0.5285714285714286,0.7360435168780034,spec,True,00Q96FYDLC7A$JCmG1v0oW,1,1,,0.08738096989691257,"{""delta_node_precision"": 0.0, ""delta_node_recall"": 0.0, ""delta_node_f1"": 0.0, ""delta_edge_precision"": 1.0, ""delta_edge_recall"": 1.0, ""delta_edge_f1"": 1.0, ""delta_topology_score"": 0.7}","{""class_match"": 1.0, ""properties"": 0.4444444444444444}","{""per_pair"": [0.9573368998403592], ""n_gt"": 1, ""n_matched"": 1}",0.23
WIN-UPD-DIR-R-001,update,direct,0.0,0.0,0.0,0.0,spec,False,,1,0,,3.9388559530489147,"{""delta_node_precision"": 0.0, ""delta_node_recall"": 0.0, ""delta_node_f1"": 0.0, ""delta_edge_precision"": 0.0, ""delta_edge_recall"": 0.0, ""delta_edge_f1"": 0.0, ""delta_topology_score"": 0.0}","{""class_match"": 0.0, ""properties"": 0.0}","{""per_pair"": [0.0], ""n_gt"": 1, ""n_matched"": 0}",16.1
WIN-UPD-DIR-R-002,update,direct,0.7467425032093806,1.0,0.0,0.5822475010697935,spec,True,3nIe_FFgf4Vg9OnX4KtvkQ,1,1,,47.75818991614506,"{""delta_node_precision"": 0.0, ""delta_node_recall"": 0.0, ""delta_node_f1"": 0.0, ""delta_edge_precision"": 0.0, ""delta_edge_recall"": 0.0, ""delta_edge_f1"": 0.0, ""delta_topology_score"": 0.0}","{""class_match"": 1.0, ""properties"": 1.0}","{""per_pair"": [0.7467425032093806], ""n_gt"": 1, ""n_matched"": 1}",161.43
WIN-UPD-DIR-R-003,update,direct,0.9585829075409844,0.6875,0.5285714285714286,0.7248847787041376,spec,True,2JsRSBbh53LeGcXsUnFg8G,1,1,,1.3666835478506982,"{""delta_node_precision"": 0.0, ""delta_node_recall"": 0.0, ""delta_node_f1"": 0.0, ""delta_edge_precision"": 1.0, ""delta_edge_recall"": 1.0, ""delta_edge_f1"": 1.0, ""delta_topology_score"": 0.7}","{""class_match"": 1.0, ""properties"": 0.375}","{""per_pair"": [0.9585829075409844], ""n_gt"": 1, ""n_matched"": 1}",5.33
WIN-UPD-SPA-A-001,update,spatial,0.0,0.0,0.0,0.0,spec,False,,1,0,,0.07211742317304015,"{""delta_node_precision"": 0.0, ""delta_node_recall"": 0.0, ""delta_node_f1"": 0.0, ""delta_edge_precision"": 0.0, ""delta_edge_recall"": 0.0, ""delta_edge_f1"": 0.0, ""delta_topology_score"": 0.0}","{""class_match"": 0.0, ""properties"": 0.0}","{""per_pair"": [0.0], ""n_gt"": 1, ""n_matched"": 0}",0.45
WIN-UPD-SPA-A-002,update,spatial,0.0,0.0,0.0,0.0,spec,False,,1,0,,0.04802214098162949,"{""delta_node_precision"": 0.0, ""delta_node_recall"": 0.0, ""delta_node_f1"": 0.0, ""delta_edge_precision"": 0.0, ""delta_edge_recall"": 0.0, ""delta_edge_f1"": 0.0, ""delta_topology_score"": 0.0}","{""class_match"": 0.0, ""properties"": 0.0}","{""per_pair"": [0.0], ""n_gt"": 1, ""n_matched"": 0}",0.15
WIN-UPD-SPA-A-003,update,spatial,0.9573368998403592,0.7222222222222222,0.5285714285714286,0.7360435168780034,spec,True,00Q96FYDLC7A$JCmG1v0oW,1,1,,0.054822579957544804,"{""delta_node_precision"": 0.0, ""delta_node_recall"": 0.0, ""delta_node_f1"": 0.0, ""delta_edge_precision"": 1.0, ""delta_edge_recall"": 1.0, ""delta_edge_f1"": 1.0, ""delta_topology_score"": 0.7}","{""class_match"": 1.0, ""properties"": 0.4444444444444444}","{""per_pair"": [0.9573368998403592], ""n_gt"": 1, ""n_matched"": 1}",0.23
WIN-UPD-SPA-R-001,update,spatial,0.0,0.0,0.0,0.0,spec,False,,1,0,,1.5827614041045308,"{""delta_node_precision"": 0.0, ""delta_node_recall"": 0.0, ""delta_node_f1"": 0.0, ""delta_edge_precision"": 0.0, ""delta_edge_recall"": 0.0, ""delta_edge_f1"": 0.0, ""delta_topology_score"": 0.0}","{""class_match"": 0.0, ""properties"": 0.0}","{""per_pair"": [0.0], ""n_gt"": 1, ""n_matched"": 0}",16.1
WIN-UPD-SPA-R-002,update,spatial,0.9542336376934609,1.0,0.2833333333333333,0.7458556570089314,spec,True,3nIe_FFgf4Vg9OnX4KtvkQ,1,1,,18.33716147299856,"{""delta_node_precision"": 1.0, ""delta_node_recall"": 0.3333333333333333, ""delta_node_f1"": 0.5, ""delta_edge_precision"": 0.0, ""delta_edge_recall"": 0.0, ""delta_edge_f1"": 0.0, ""delta_topology_score"": 0.15}","{""class_match"": 1.0, ""properties"": 1.0}","{""per_pair"": [0.9542336376934609], ""n_gt"": 1, ""n_matched"": 1}",161.43
WIN-UPD-SPA-R-003,update,spatial,0.9585829075409844,0.6875,0.5285714285714286,0.7248847787041376,spec,True,2JsRSBbh53LeGcXsUnFg8G,1,1,,0.7394261190202087,"{""delta_node_precision"": 0.0, ""delta_node_recall"": 0.0, ""delta_node_f1"": 0.0, ""delta_edge_precision"": 1.0, ""delta_edge_recall"": 1.0, ""delta_edge_f1"": 1.0, ""delta_topology_score"": 0.7}","{""class_match"": 1.0, ""properties"": 0.375}","{""per_pair"": [0.9585829075409844], ""n_gt"": 1, ""n_matched"": 1}",5.33
WIN-UPD-TOP-A-001,update,topological,0.0,0.0,0.0,0.0,spec,False,,1,0,,0.07187947700731456,"{""delta_node_precision"": 0.0, ""delta_node_recall"": 0.0, ""delta_node_f1"": 0.0, ""delta_edge_precision"": 0.0, ""delta_edge_recall"": 0.0, ""delta_edge_f1"": 0.0, ""delta_topology_score"": 0.0}","{""class_match"": 0.0, ""properties"": 0.0}","{""per_pair"": [0.0], ""n_gt"": 1, ""n_matched"": 0}",0.45
WIN-UPD-TOP-A-002,update,topological,0.0,0.0,0.0,0.0,spec,False,,1,0,,0.04680513101629913,"{""delta_node_precision"": 0.0, ""delta_node_recall"": 0.0, ""delta_node_f1"": 0.0, ""delta_edge_precision"": 0.0, ""delta_edge_recall"": 0.0, ""delta_edge_f1"": 0.0, ""delta_topology_score"": 0.0}","{""class_match"": 0.0, ""properties"": 0.0}","{""per_pair"": [0.0], ""n_gt"": 1, ""n_matched"": 0}",0.15
WIN-UPD-TOP-A-003,update,topological,0.9573368998403592,0.7222222222222222,0.5285714285714286,0.7360435168780034,spec,True,00Q96FYDLC7A$JCmG1v0oW,1,1,,0.055518114008009434,"{""delta_node_precision"": 0.0, ""delta_node_recall"": 0.0, ""delta_node_f1"": 0.0, ""delta_edge_precision"": 1.0, ""delta_edge_recall"": 1.0, ""delta_edge_f1"": 1.0, ""delta_topology_score"": 0.7}","{""class_match"": 1.0, ""properties"": 0.4444444444444444}","{""per_pair"": [0.9573368998403592], ""n_gt"": 1, ""n_matched"": 1}",0.23
WIN-UPD-TOP-R-001,update,topological,0.0,0.0,0.0,0.0,spec,False,,1,0,,1.6444546799175441,"{""delta_node_precision"": 0.0, ""delta_node_recall"": 0.0, ""delta_node_f1"": 0.0, ""delta_edge_precision"": 0.0, ""delta_edge_recall"": 0.0, ""delta_edge_f1"": 0.0, ""delta_topology_score"": 0.0}","{""class_match"": 0.0, ""properties"": 0.0}","{""per_pair"": [0.0], ""n_gt"": 1, ""n_matched"": 0}",16.1
WIN-UPD-TOP-R-002,update,topological,0.9503294716283517,1.0,0.2833333333333333,0.7445542683205617,spec,True,3nIe_FFgf4Vg9OnX4KtvkQ,1,1,,19.697437427937984,"{""delta_node_precision"": 1.0, ""delta_node_recall"": 0.3333333333333333, ""delta_node_f1"": 0.5, ""delta_edge_precision"": 0.0, ""delta_edge_recall"": 0.0, ""delta_edge_f1"": 0.0, ""delta_topology_score"": 0.15}","{""class_match"": 1.0, ""properties"": 1.0}","{""per_pair"": [0.9503294716283517], ""n_gt"": 1, ""n_matched"": 1}",161.43
WIN-UPD-TOP-R-003,update,topological,0.9585829075409844,0.6875,0.5285714285714286,0.7248847787041376,spec,True,2JsRSBbh53LeGcXsUnFg8G,1,1,,0.7508754811715335,"{""delta_node_precision"": 0.0, ""delta_node_recall"": 0.0, ""delta_node_f1"": 0.0, ""delta_edge_precision"": 1.0, ""delta_edge_recall"": 1.0, ""delta_edge_f1"": 1.0, ""delta_topology_score"": 0.7}","{""class_match"": 1.0, ""properties"": 0.375}","{""per_pair"": [0.9585829075409844], ""n_gt"": 1, ""n_matched"": 1}",5.33
