task_id,operation,category,geometry,semantics,topology,final_score,gt_source,class_match,best_match_guid,n_reference,n_matched,error,seconds,topology_breakdown,semantics_breakdown,geometry_breakdown,input_mb
COL-CRE-DIR-A-001,create,direct,0.0,0.0,0.0,0.0,diff,False,,1,0,,0.009879100834950805,"{""delta_node_precision"": 0.0, ""delta_node_recall"": 0.0, ""delta_node_f1"": 0.0, ""delta_edge_precision"": 0.0, ""delta_edge_recall"": 0.0, ""delta_edge_f1"": 0.0, ""delta_topology_score"": 0.0}","{""class_match"": 0.0, ""properties"": 0.0}","{""per_pair"": [0.0], ""n_gt"": 1, ""n_matched"": 0}",0.13
COL-CRE-DIR-A-002,create,direct,0.9763869501534417,0.5,1.0,0.825462316717814,diff,True,0tXes8orrAng26c6qKZwbe,1,1,,15.306434937054291,"{""delta_node_precision"": 1.0, ""delta_node_recall"": 1.0, ""delta_node_f1"": 1.0, ""delta_edge_precision"": 1.0, ""delta_edge_recall"": 1.0, ""delta_edge_f1"": 1.0, ""delta_topology_score"": 1.0}","{""class_match"": 1.0, ""properties"": 0.0}","{""per_pair"": [0.9763869501534417], ""n_gt"": 1, ""n_matched"": 1}",0.12
COL-CRE-DIR-R-001,create,direct,0.0,0.0,0.0,0.0,diff,False,,1,0,,55.16324106208049,"{""delta_node_precision"": 0.0, ""delta_node_recall"": 0.0, ""delta_node_f1"": 0.0, ""delta_edge_precision"": 0.0, ""delta_edge_recall"": 0.0, ""delta_edge_f1"": 0.0, ""delta_topology_score"": 0.0}","{""class_match"": 0.0, ""properties"": 0.0}","{""per_pair"": [0.0], ""n_gt"": 1, ""n_matched"": 0}",348.96
COL-CRE-DIR-R-002,create,direct,0.977031780730792,0.5,1.0,0.8256772602435974,diff,True,3dUXEZOFf42hCPdIoCYUq5,1,1,,1.1957509720232338,"{""delta_node_precision"": 1.0, ""delta_node_recall"": 1.0, ""delta_node_f1"": 1.0, ""delta_edge_precision"": 1.0, ""delta_edge_recall"": 1.0, ""delta_edge_f1"": 1.0, ""delta_topology_score"": 1.0}","{""class_match"": 1.0, ""properties"": 0.0}","{""per_pair"": [0.977031780730792], ""n_gt"": 1, ""n_matched"": 1}",5.33
COL-CRE-SPA-A-001,create,spatial,0.0,0.0,0.0,0.0,diff,False,,1,0,,0.008497863076627254,"{""delta_node_precision"": 0.0, ""delta_node_recall"": 0.0, ""delta_node_f1"": 0.0, ""delta_edge_precision"": 0.0, ""delta_edge_recall"": 0.0, ""delta_edge_f1"": 0.0, ""delta_topology_score"": 0.0}","{""class_match"": 0.0, ""properties"": 0.0}","{""per_pair"": [0.0], ""n_gt"": 1, ""n_matched"": 0}",0.13
COL-CRE-SPA-A-002,create,spatial,0.0,0.0,0.0,0.0,diff,False,,1,0,,0.20007704594172537,"{""delta_node_precision"": 0.0, ""delta_node_recall"": 0.0, ""delta_node_f1"": 0.0, ""delta_edge_precision"": 0.0, ""delta_edge_recall"": 0.0, ""delta_edge_f1"": 0.0, ""delta_topology_score"": 0.0}","{""class_match"": 0.0, ""properties"": 0.0}","{""per_pair"": [0.0], ""n_gt"": 1, ""n_matched"": 0}",0.12
COL-CRE-SPA-R-001,create,spatial,0.0,0.0,0.0,0.0,diff,False,,1,0,,24.506503593176603,"{""delta_node_precision"": 0.0, ""delta_node_recall"": 0.0, ""delta_node_f1"": 0.0, ""delta_edge_precision"": 0.0, ""delta_edge_recall"": 0.0, ""delta_edge_f1"": 0.0, ""delta_topology_score"": 0.0}","{""class_match"": 0.0, ""properties"": 0.0}","{""per_pair"": [0.0], ""n_gt"": 1, ""n_matched"": 0}",348.96
COL-CRE-SPA-R-002,create,spatial,0.0,0.0,0.0,0.0,diff,False,,1,0,,0.46961904293857515,"{""delta_node_precision"": 0.0, ""delta_node_recall"": 0.0, ""delta_node_f1"": 0.0, ""delta_edge_precision"": 0.0, ""delta_edge_recall"": 0.0, ""delta_edge_f1"": 0.0, ""delta_topology_score"": 0.0}","{""class_match"": 0.0, ""properties"": 0.0}","{""per_pair"": [0.0], ""n_gt"": 1, ""n_matched"": 0}",5.33
COL-CRE-TOP-A-001,create,topological,0.0,0.0,0.0,0.0,diff,False,,1,0,,0.007951570907607675,"{""delta_node_precision"": 0.0, ""delta_node_recall"": 0.0, ""delta_node_f1"": 0.0, ""delta_edge_precision"": 0.0, ""delta_edge_recall"": 0.0, ""delta_edge_f1"": 0.0, ""delta_topology_score"": 0.0}","{""class_match"": 0.0, ""properties"": 0.0}","{""per_pair"": [0.0], ""n_gt"": 1, ""n_matched"": 0}",0.13
COL-CRE-TOP-A-002,create,topological,0.0,0.0,0.0,0.0,diff,False,,1,0,,0.023856518091633916,"{""delta_node_precision"": 0.0, ""delta_node_recall"": 0.0, ""delta_node_f1"": 0.0, ""delta_edge_precision"": 0.0, ""delta_edge_recall"": 0.0, ""delta_edge_f1"": 0.0, ""delta_topology_score"": 0.0}","{""class_match"": 0.0, ""properties"": 0.0}","{""per_pair"": [0.0], ""n_gt"": 1, ""n_matched"": 0}",0.12
COL-CRE-TOP-R-001,create,topological,0.0,0.0,0.0,0.0,diff,False,,1,0,,29.368589385878295,"{""delta_node_precision"": 0.0, ""delta_node_recall"": 0.0, ""delta_node_f1"": 0.0, ""delta_edge_precision"": 0.0, ""delta_edge_recall"": 0.0, ""delta_edge_f1"": 0.0, ""delta_topology_score"": 0.0}","{""class_match"": 0.0, ""properties"": 0.0}","{""per_pair"": [0.0], ""n_gt"": 1, ""n_matched"": 0}",348.96
COL-CRE-TOP-R-002,create,topological,0.0,0.0,0.0,0.0,diff,False,,1,0,,0.4836112291086465,"{""delta_node_precision"": 0.0, ""delta_node_recall"": 0.0, ""delta_node_f1"": 0.0, ""delta_edge_precision"": 0.0, ""delta_edge_recall"": 0.0, ""delta_edge_f1"": 0.0, ""delta_topology_score"": 0.0}","{""class_match"": 0.0, ""properties"": 0.0}","{""per_pair"": [0.0], ""n_gt"": 1, ""n_matched"": 0}",5.33
COL-DEL-DIR-A-001,delete,direct,1.0,0.0,1.0,0.6666666666666666,spec,True,,1,1,,0.020564422011375427,"{""delta_node_precision"": 1.0, ""delta_node_recall"": 1.0, ""delta_node_f1"": 1.0, ""delta_edge_precision"": 1.0, ""delta_edge_recall"": 1.0, ""delta_edge_f1"": 1.0, ""delta_topology_score"": 1.0}","{""class_match"": 0.0, ""properties"": 0.0}","{""per_pair"": [1.0], ""n_gt"": 1, ""n_matched"": 1}",0.13
COL-DEL-DIR-A-002,delete,direct,1.0,0.0,0.4953741496598639,0.49845804988662135,spec,True,,1,1,,0.04448620602488518,"{""delta_node_precision"": 0.3333333333333333, ""delta_node_recall"": 1.0, ""delta_node_f1"": 0.5, ""delta_edge_precision"": 0.12, ""delta_edge_recall"": 1.0, ""delta_edge_f1"": 0.21428571428571425, ""delta_topology_score"": 0.29999999999999993}","{""class_match"": 0.0, ""properties"": 0.0}","{""per_pair"": [1.0], ""n_gt"": 1, ""n_matched"": 1}",0.14
COL-DEL-DIR-R-001,delete,direct,1.0,0.0,1.0,0.6666666666666666,spec,True,,1,1,,70.93716691597365,"{""delta_node_precision"": 1.0, ""delta_node_recall"": 1.0, ""delta_node_f1"": 1.0, ""delta_edge_precision"": 1.0, ""delta_edge_recall"": 1.0, ""delta_edge_f1"": 1.0, ""delta_topology_score"": 1.0}","{""class_match"": 0.0, ""properties"": 0.0}","{""per_pair"": [1.0], ""n_gt"": 1, ""n_matched"": 1}",349.08
COL-DEL-DIR-R-002,delete,direct,0.0,1.0,0.0,0.3333333333333333,spec,False,,1,0,,2.2223855671472847,"{""delta_node_precision"": 0.0, ""delta_node_recall"": 0.0, ""delta_node_f1"": 0.0, ""delta_edge_precision"": 0.0, ""delta_edge_recall"": 0.0, ""delta_edge_f1"": 0.0, ""delta_topology_score"": 0.0}","{""class_match"": 1.0, ""properties"": 1.0}","{""per_pair"": [0.0], ""n_gt"": 1, ""n_matched"": 0}",5.33
COL-DEL-SPA-A-001,delete,spatial,0.0,1.0,0.0,0.3333333333333333,spec,False,,1,0,,0.009462367044761777,"{""delta_node_precision"": 0.0, ""delta_node_recall"": 0.0, ""delta_node_f1"": 0.0, ""delta_edge_precision"": 0.0, ""delta_edge_recall"": 0.0, ""delta_edge_f1"": 0.0, ""delta_topology_score"": 0.0}","{""class_match"": 1.0, ""properties"": 1.0}","{""per_pair"": [0.0], ""n_gt"": 1, ""n_matched"": 0}",0.13
COL-DEL-SPA-A-002,delete,spatial,0.0,1.0,0.0,0.3333333333333333,spec,False,,1,0,,0.01388718793168664,"{""delta_node_precision"": 0.0, ""delta_node_recall"": 0.0, ""delta_node_f1"": 0.0, ""delta_edge_precision"": 0.0, ""delta_edge_recall"": 0.0, ""delta_edge_f1"": 0.0, ""delta_topology_score"": 0.0}","{""class_match"": 1.0, ""properties"": 1.0}","{""per_pair"": [0.0], ""n_gt"": 1, ""n_matched"": 0}",0.14
COL-DEL-SPA-R-001,delete,spatial,0.0,1.0,0.0,0.3333333333333333,spec,False,,1,0,,41.232593602035195,"{""delta_node_precision"": 0.0, ""delta_node_recall"": 0.0, ""delta_node_f1"": 0.0, ""delta_edge_precision"": 0.0, ""delta_edge_recall"": 0.0, ""delta_edge_f1"": 0.0, ""delta_topology_score"": 0.0}","{""class_match"": 1.0, ""properties"": 1.0}","{""per_pair"": [0.0], ""n_gt"": 1, ""n_matched"": 0}",349.08
COL-DEL-SPA-R-002,delete,spatial,1.0,0.0,1.0,0.6666666666666666,spec,True,,1,1,,0.6459349028300494,"{""delta_node_precision"": 1.0, ""delta_node_recall"": 1.0, ""delta_node_f1"": 1.0, ""delta_edge_precision"": 1.0, ""delta_edge_recall"": 1.0, ""delta_edge_f1"": 1.0, ""delta_topology_score"": 1.0}","{""class_match"": 0.0, ""properties"": 0.0}","{""per_pair"": [1.0], ""n_gt"": 1, ""n_matched"": 1}",5.33
COL-DEL-TOP-A-001,delete,topological,0.0,1.0,0.0,0.3333333333333333,spec,False,,1,0,,0.009608338121324778,"{""delta_node_precision"": 0.0, ""delta_node_recall"": 0.0, ""delta_node_f1"": 0.0, ""delta_edge_precision"": 0.0, ""delta_edge_recall"": 0.0, ""delta_edge_f1"": 0.0, ""delta_topology_score"": 0.0}","{""class_match"": 1.0, ""properties"": 1.0}","{""per_pair"": [0.0], ""n_gt"": 1, ""n_matched"": 0}",0.13
COL-DEL-TOP-A-002,delete,topological,1.0,0.0,1.0,0.6666666666666666,spec,True,,1,1,,0.01080946484580636,"{""delta_node_precision"": 1.0, ""delta_node_recall"": 1.0, ""delta_node_f1"": 1.0, ""delta_edge_precision"": 1.0, ""delta_edge_recall"": 1.0, ""delta_edge_f1"": 1.0, ""delta_topology_score"": 1.0}","{""class_match"": 0.0, ""properties"": 0.0}","{""per_pair"": [1.0], ""n_gt"": 1, ""n_matched"": 1}",0.14
COL-DEL-TOP-R-001,delete,topological,1.0,0.0,1.0,0.6666666666666666,spec,True,,1,1,,41.5118688759394,"{""delta_node_precision"": 1.0, ""delta_node_recall"": 1.0, ""delta_node_f1"": 1.0, ""delta_edge_precision"": 1.0, ""delta_edge_recall"": 1.0, ""delta_edge_f1"": 1.0, ""delta_topology_score"": 1.0}","{""class_match"": 0.0, ""properties"": 0.0}","{""per_pair"": [1.0], ""n_gt"": 1, ""n_matched"": 1}",349.08
COL-DEL-TOP-R-002,delete,topological,1.0,0.0,1.0,0.6666666666666666,spec,True,,1,1,,0.5979996649548411,"{""delta_node_precision"": 1.0, ""delta_node_recall"": 1.0, ""delta_node_f1"": 1.0, ""delta_edge_precision"": 1.0, ""delta_edge_recall"": 1.0, ""delta_edge_f1"": 1.0, ""delta_topology_score"": 1.0}","{""class_match"": 0.0, ""properties"": 0.0}","{""per_pair"": [1.0], ""n_gt"": 1, ""n_matched"": 1}",5.33
COL-UPD-DIR-A-001,update,direct,0.0,0.0,0.0,0.0,spec,False,,1,0,,0.01981431501917541,"{""delta_node_precision"": 0.0, ""delta_node_recall"": 0.0, ""delta_node_f1"": 0.0, ""delta_edge_precision"": 0.0, ""delta_edge_recall"": 0.0, ""delta_edge_f1"": 0.0, ""delta_topology_score"": 0.0}","{""class_match"": 0.0, ""properties"": 0.0}","{""per_pair"": [0.0], ""n_gt"": 1, ""n_matched"": 0}",0.14
COL-UPD-DIR-A-002,update,direct,1.0,1.0,1.0,1.0,spec,True,2$e8udr$D3w9y2FOxedsKA,1,1,,0.15788200194947422,"{""delta_node_precision"": 1.0, ""delta_node_recall"": 1.0, ""delta_node_f1"": 1.0, ""delta_edge_precision"": 1.0, ""delta_edge_recall"": 1.0, ""delta_edge_f1"": 1.0, ""delta_topology_score"": 1.0}","{""class_match"": 1.0, ""properties"": 1.0}","{""per_pair"": [1.0], ""n_gt"": 1, ""n_matched"": 1}",0.22
COL-UPD-DIR-R-001,update,direct,0.999916204361774,1.0,1.0,0.9999720681205914,spec,True,16lgaIqan5BeMYyMYTHdSc,1,1,,63.18792292592116,"{""delta_node_precision"": 1.0, ""delta_node_recall"": 1.0, ""delta_node_f1"": 1.0, ""delta_edge_precision"": 1.0, ""delta_edge_recall"": 1.0, ""delta_edge_f1"": 1.0, ""delta_topology_score"": 1.0}","{""class_match"": 1.0, ""properties"": 1.0}","{""per_pair"": [0.999916204361774], ""n_gt"": 1, ""n_matched"": 1}",349.08
COL-UPD-DIR-R-002,update,direct,1.0,1.0,1.0,1.0,spec,True,00yrLiRn90MQI8Q5LMWRlo,1,1,,1.253871371038258,"{""delta_node_precision"": 1.0, ""delta_node_recall"": 1.0, ""delta_node_f1"": 1.0, ""delta_edge_precision"": 1.0, ""delta_edge_recall"": 1.0, ""delta_edge_f1"": 1.0, ""delta_topology_score"": 1.0}","{""class_match"": 1.0, ""properties"": 1.0}","{""per_pair"": [1.0], ""n_gt"": 1, ""n_matched"": 1}",5.33
COL-UPD-SPA-A-001,update,spatial,0.0,0.0,0.0,0.0,spec,False,,1,0,,0.013267630944028497,"{""delta_node_precision"": 0.0, ""delta_node_recall"": 0.0, ""delta_node_f1"": 0.0, ""delta_edge_precision"": 0.0, ""delta_edge_recall"": 0.0, ""delta_edge_f1"": 0.0, ""delta_topology_score"": 0.0}","{""class_match"": 0.0, ""properties"": 0.0}","{""per_pair"": [0.0], ""n_gt"": 1, ""n_matched"": 0}",0.14
COL-UPD-SPA-A-002,update,spatial,0.0,0.0,0.0,0.0,spec,False,,1,0,,0.021349472925066948,"{""delta_node_precision"": 0.0, ""delta_node_recall"": 0.0, ""delta_node_f1"": 0.0, ""delta_edge_precision"": 0.0, ""delta_edge_recall"": 0.0, ""delta_edge_f1"": 0.0, ""delta_topology_score"": 0.0}","{""class_match"": 0.0, ""properties"": 0.0}","{""per_pair"": [0.0], ""n_gt"": 1, ""n_matched"": 0}",0.22
COL-UPD-SPA-R-001,update,spatial,0.7561368534483742,1.0,0.5285714285714286,0.7615694273399343,spec,True,16lgaIqan5BeMYyMYTHdSc,1,1,,37.237711247988045,"{""delta_node_precision"": 0.0, ""delta_node_recall"": 0.0, ""delta_node_f1"": 0.0, ""delta_edge_precision"": 1.0, ""delta_edge_recall"": 1.0, ""delta_edge_f1"": 1.0, ""delta_topology_score"": 0.7}","{""class_match"": 1.0, ""properties"": 1.0}","{""per_pair"": [0.7561368534483742], ""n_gt"": 1, ""n_matched"": 1}",349.08
COL-UPD-SPA-R-002,update,spatial,1.0,1.0,1.0,1.0,spec,True,00yrLiRn90MQI8Q5LMWRlo,1,1,,0.6089676250703633,"{""delta_node_precision"": 1.0, ""delta_node_recall"": 1.0, ""delta_node_f1"": 1.0, ""delta_edge_precision"": 1.0, ""delta_edge_recall"": 1.0, ""delta_edge_f1"": 1.0, ""delta_topology_score"": 1.0}","{""class_match"": 1.0, ""properties"": 1.0}","{""per_pair"": [1.0], ""n_gt"": 1, ""n_matched"": 1}",5.33
COL-UPD-TOP-A-001,update,topological,0.0,0.0,0.0,0.0,spec,False,,1,0,,0.01409882609732449,"{""delta_node_precision"": 0.0, ""delta_node_recall"": 0.0, ""delta_node_f1"": 0.0, ""delta_edge_precision"": 0.0, ""delta_edge_recall"": 0.0, ""delta_edge_f1"": 0.0, ""delta_topology_score"": 0.0}","{""class_match"": 0.0, ""properties"": 0.0}","{""per_pair"": [0.0], ""n_gt"": 1, ""n_matched"": 0}",0.14
COL-UPD-TOP-A-002,update,topological,0.0,0.0,0.0,0.0,spec,False,,1,0,,0.019934030016884208,"{""delta_node_precision"": 0.0, ""delta_node_recall"": 0.0, ""delta_node_f1"": 0.0, ""delta_edge_precision"": 0.0, ""delta_edge_recall"": 0.0, ""delta_edge_f1"": 0.0, ""delta_topology_score"": 0.0}","{""class_match"": 0.0, ""properties"": 0.0}","{""per_pair"": [0.0], ""n_gt"": 1, ""n_matched"": 0}",0.22
COL-UPD-TOP-R-001,update,topological,0.999916204361774,1.0,1.0,0.9999720681205914,spec,True,16lgaIqan5BeMYyMYTHdSc,1,1,,38.613803008105606,"{""delta_node_precision"": 1.0, ""delta_node_recall"": 1.0, ""delta_node_f1"": 1.0, ""delta_edge_precision"": 1.0, ""delta_edge_recall"": 1.0, ""delta_edge_f1"": 1.0, ""delta_topology_score"": 1.0}","{""class_match"": 1.0, ""properties"": 1.0}","{""per_pair"": [0.999916204361774], ""n_gt"": 1, ""n_matched"": 1}",349.08
COL-UPD-TOP-R-002,update,topological,0.0,0.0,0.0,0.0,spec,False,,1,0,,0.5985190598294139,"{""delta_node_precision"": 0.0, ""delta_node_recall"": 0.0, ""delta_node_f1"": 0.0, ""delta_edge_precision"": 0.0, ""delta_edge_recall"": 0.0, ""delta_edge_f1"": 0.0, ""delta_topology_score"": 0.0}","{""class_match"": 0.0, ""properties"": 0.0}","{""per_pair"": [0.0], ""n_gt"": 1, ""n_matched"": 0}",5.33
DOR-CRE-DIR-A-001,create,direct,0.0,0.0,0.0,0.0,diff,False,,1,0,,0.21273906296119094,"{""delta_node_precision"": 0.0, ""delta_node_recall"": 0.0, ""delta_node_f1"": 0.0, ""delta_edge_precision"": 0.0, ""delta_edge_recall"": 0.0, ""delta_edge_f1"": 0.0, ""delta_topology_score"": 0.0}","{""class_match"": 0.0, ""properties"": 0.0}","{""per_pair"": [0.0], ""n_gt"": 1, ""n_matched"": 0}",0.41
DOR-CRE-DIR-A-002,create,direct,0.0,0.0,0.0,0.0,diff,False,,1,0,,0.0939803880173713,"{""delta_node_precision"": 0.0, ""delta_node_recall"": 0.0, ""delta_node_f1"": 0.0, ""delta_edge_precision"": 0.0, ""delta_edge_recall"": 0.0, ""delta_edge_f1"": 0.0, ""delta_topology_score"": 0.0}","{""class_match"": 0.0, ""properties"": 0.0}","{""per_pair"": [0.0], ""n_gt"": 1, ""n_matched"": 0}",0.2
DOR-CRE-DIR-A-003,create,direct,0.0,0.0,0.0,0.0,diff,False,,1,0,,0.08392496011219919,"{""delta_node_precision"": 0.0, ""delta_node_recall"": 0.0, ""delta_node_f1"": 0.0, ""delta_edge_precision"": 0.0, ""delta_edge_recall"": 0.0, ""delta_edge_f1"": 0.0, ""delta_topology_score"": 0.0}","{""class_match"": 0.0, ""properties"": 0.0}","{""per_pair"": [0.0], ""n_gt"": 1, ""n_matched"": 0}",0.14
DOR-CRE-DIR-R-001,create,direct,0.0,0.0,0.0,0.0,diff,False,,1,0,,2.6326551239471883,"{""delta_node_precision"": 0.0, ""delta_node_recall"": 0.0, ""delta_node_f1"": 0.0, ""delta_edge_precision"": 0.0, ""delta_edge_recall"": 0.0, ""delta_edge_f1"": 0.0, ""delta_topology_score"": 0.0}","{""class_match"": 0.0, ""properties"": 0.0}","{""per_pair"": [0.0], ""n_gt"": 1, ""n_matched"": 0}",16.1
DOR-CRE-DIR-R-002,create,direct,0.0,0.0,0.0,0.0,diff,False,,1,0,,0.9351198528893292,"{""delta_node_precision"": 0.0, ""delta_node_recall"": 0.0, ""delta_node_f1"": 0.0, ""delta_edge_precision"": 0.0, ""delta_edge_recall"": 0.0, ""delta_edge_f1"": 0.0, ""delta_topology_score"": 0.0}","{""class_match"": 0.0, ""properties"": 0.0}","{""per_pair"": [0.0], ""n_gt"": 1, ""n_matched"": 0}",5.32
DOR-CRE-DIR-R-003,create,direct,0.0,0.0,0.0,0.0,diff,False,,1,0,,14.854199162917212,"{""delta_node_precision"": 0.0, ""delta_node_recall"": 0.0, ""delta_node_f1"": 0.0, ""delta_edge_precision"": 0.0, ""delta_edge_recall"": 0.0, ""delta_edge_f1"": 0.0, ""delta_topology_score"": 0.0}","{""class_match"": 0.0, ""properties"": 0.0}","{""per_pair"": [0.0], ""n_gt"": 1, ""n_matched"": 0}",5.26
DOR-CRE-SPA-A-001,create,spatial,0.0,0.0,0.0,0.0,diff,False,,1,0,,0.04326736507937312,"{""delta_node_precision"": 0.0, ""delta_node_recall"": 0.0, ""delta_node_f1"": 0.0, ""delta_edge_precision"": 0.0, ""delta_edge_recall"": 0.0, ""delta_edge_f1"": 0.0, ""delta_topology_score"": 0.0}","{""class_match"": 0.0, ""properties"": 0.0}","{""per_pair"": [0.0], ""n_gt"": 1, ""n_matched"": 0}",0.41
DOR-CRE-SPA-A-002,create,spatial,0.0,0.0,0.0,0.0,diff,False,,1,0,,0.024806725792586803,"{""delta_node_precision"": 0.0, ""delta_node_recall"": 0.0, ""delta_node_f1"": 0.0, ""delta_edge_precision"": 0.0, ""delta_edge_recall"": 0.0, ""delta_edge_f1"": 0.0, ""delta_topology_score"": 0.0}","{""class_match"": 0.0, ""properties"": 0.0}","{""per_pair"": [0.0], ""n_gt"": 1, ""n_matched"": 0}",0.2
DOR-CRE-SPA-A-003,create,spatial,0.0,0.0,0.0,0.0,diff,False,,1,0,,0.014108716044574976,"{""delta_node_precision"": 0.0, ""delta_node_recall"": 0.0, ""delta_node_f1"": 0.0, ""delta_edge_precision"": 0.0, ""delta_edge_recall"": 0.0, ""delta_edge_f1"": 0.0, ""delta_topology_score"": 0.0}","{""class_match"": 0.0, ""properties"": 0.0}","{""per_pair"": [0.0], ""n_gt"": 1, ""n_matched"": 0}",0.14
DOR-CRE-SPA-R-001,create,spatial,0.0,0.0,0.0,0.0,diff,False,,1,0,,1.1797804930247366,"{""delta_node_precision"": 0.0, ""delta_node_recall"": 0.0, ""delta_node_f1"": 0.0, ""delta_edge_precision"": 0.0, ""delta_edge_recall"": 0.0, ""delta_edge_f1"": 0.0, ""delta_topology_score"": 0.0}","{""class_match"": 0.0, ""properties"": 0.0}","{""per_pair"": [0.0], ""n_gt"": 1, ""n_matched"": 0}",16.1
DOR-CRE-SPA-R-002,create,spatial,0.0,0.0,0.0,0.0,diff,False,,1,0,,0.392661910969764,"{""delta_node_precision"": 0.0, ""delta_node_recall"": 0.0, ""delta_node_f1"": 0.0, ""delta_edge_precision"": 0.0, ""delta_edge_recall"": 0.0, ""delta_edge_f1"": 0.0, ""delta_topology_score"": 0.0}","{""class_match"": 0.0, ""properties"": 0.0}","{""per_pair"": [0.0], ""n_gt"": 1, ""n_matched"": 0}",5.32
DOR-CRE-SPA-R-003,create,spatial,0.0,0.0,0.0,0.0,diff,False,,1,0,,0.8312777578830719,"{""delta_node_precision"": 0.0, ""delta_node_recall"": 0.0, ""delta_node_f1"": 0.0, ""delta_edge_precision"": 0.0, ""delta_edge_recall"": 0.0, ""delta_edge_f1"": 0.0, ""delta_topology_score"": 0.0}","{""class_match"": 0.0, ""properties"": 0.0}","{""per_pair"": [0.0], ""n_gt"": 1, ""n_matched"": 0}",5.26
DOR-CRE-TOP-A-001,create,topological,0.0,0.0,0.0,0.0,diff,False,,1,0,,0.04371068510226905,"{""delta_node_precision"": 0.0, ""delta_node_recall"": 0.0, ""delta_node_f1"": 0.0, ""delta_edge_precision"": 0.0, ""delta_edge_recall"": 0.0, ""delta_edge_f1"": 0.0, ""delta_topology_score"": 0.0}","{""class_match"": 0.0, ""properties"": 0.0}","{""per_pair"": [0.0], ""n_gt"": 1, ""n_matched"": 0}",0.41
DOR-CRE-TOP-A-002,create,topological,0.0,0.0,0.0,0.0,diff,False,,1,0,,0.020713083911687136,"{""delta_node_precision"": 0.0, ""delta_node_recall"": 0.0, ""delta_node_f1"": 0.0, ""delta_edge_precision"": 0.0, ""delta_edge_recall"": 0.0, ""delta_edge_f1"": 0.0, ""delta_topology_score"": 0.0}","{""class_match"": 0.0, ""properties"": 0.0}","{""per_pair"": [0.0], ""n_gt"": 1, ""n_matched"": 0}",0.2
DOR-CRE-TOP-A-003,create,topological,0.0,0.0,0.0,0.0,diff,False,,1,0,,0.020491495030000806,"{""delta_node_precision"": 0.0, ""delta_node_recall"": 0.0, ""delta_node_f1"": 0.0, ""delta_edge_precision"": 0.0, ""delta_edge_recall"": 0.0, ""delta_edge_f1"": 0.0, ""delta_topology_score"": 0.0}","{""class_match"": 0.0, ""properties"": 0.0}","{""per_pair"": [0.0], ""n_gt"": 1, ""n_matched"": 0}",0.14
DOR-CRE-TOP-R-001,create,topological,0.0,0.0,0.0,0.0,diff,False,,1,0,,1.2494714290369302,"{""delta_node_precision"": 0.0, ""delta_node_recall"": 0.0, ""delta_node_f1"": 0.0, ""delta_edge_precision"": 0.0, ""delta_edge_recall"": 0.0, ""delta_edge_f1"": 0.0, ""delta_topology_score"": 0.0}","{""class_match"": 0.0, ""properties"": 0.0}","{""per_pair"": [0.0], ""n_gt"": 1, ""n_matched"": 0}",16.1
DOR-CRE-TOP-R-002,create,topological,0.0,0.0,0.0,0.0,diff,False,,1,0,,0.40514529100619256,"{""delta_node_precision"": 0.0, ""delta_node_recall"": 0.0, ""delta_node_f1"": 0.0, ""delta_edge_precision"": 0.0, ""delta_edge_recall"": 0.0, ""delta_edge_f1"": 0.0, ""delta_topology_score"": 0.0}","{""class_match"": 0.0, ""properties"": 0.0}","{""per_pair"": [0.0], ""n_gt"": 1, ""n_matched"": 0}",5.32
DOR-CRE-TOP-R-003,create,topological,0.0,0.0,0.0,0.0,diff,False,,1,0,,0.694824927020818,"{""delta_node_precision"": 0.0, ""delta_node_recall"": 0.0, ""delta_node_f1"": 0.0, ""delta_edge_precision"": 0.0, ""delta_edge_recall"": 0.0, ""delta_edge_f1"": 0.0, ""delta_topology_score"": 0.0}","{""class_match"": 0.0, ""properties"": 0.0}","{""per_pair"": [0.0], ""n_gt"": 1, ""n_matched"": 0}",5.26
DOR-DEL-DIR-A-001,delete,direct,0.0,1.0,0.0,0.3333333333333333,spec,False,,1,0,,0.19457806507125497,"{""delta_node_precision"": 0.0, ""delta_node_recall"": 0.0, ""delta_node_f1"": 0.0, ""delta_edge_precision"": 0.0, ""delta_edge_recall"": 0.0, ""delta_edge_f1"": 0.0, ""delta_topology_score"": 0.0}","{""class_match"": 1.0, ""properties"": 1.0}","{""per_pair"": [0.0], ""n_gt"": 1, ""n_matched"": 0}",0.14
DOR-DEL-DIR-A-002,delete,direct,1.0,0.0,1.0,0.6666666666666666,spec,True,,1,1,,0.12480343389324844,"{""delta_node_precision"": 1.0, ""delta_node_recall"": 1.0, ""delta_node_f1"": 1.0, ""delta_edge_precision"": 1.0, ""delta_edge_recall"": 1.0, ""delta_edge_f1"": 1.0, ""delta_topology_score"": 1.0}","{""class_match"": 0.0, ""properties"": 0.0}","{""per_pair"": [1.0], ""n_gt"": 1, ""n_matched"": 1}",0.22
DOR-DEL-DIR-R-001,delete,direct,0.0,1.0,0.0,0.3333333333333333,spec,False,,1,0,,6.009036167059094,"{""delta_node_precision"": 0.0, ""delta_node_recall"": 0.0, ""delta_node_f1"": 0.0, ""delta_edge_precision"": 0.0, ""delta_edge_recall"": 0.0, ""delta_edge_f1"": 0.0, ""delta_topology_score"": 0.0}","{""class_match"": 1.0, ""properties"": 1.0}","{""per_pair"": [0.0], ""n_gt"": 1, ""n_matched"": 0}",16.92
DOR-DEL-DIR-R-002,delete,direct,1.0,0.0,1.0,0.6666666666666666,spec,True,,1,1,,2.0410755530465394,"{""delta_node_precision"": 1.0, ""delta_node_recall"": 1.0, ""delta_node_f1"": 1.0, ""delta_edge_precision"": 1.0, ""delta_edge_recall"": 1.0, ""delta_edge_f1"": 1.0, ""delta_topology_score"": 1.0}","{""class_match"": 0.0, ""properties"": 0.0}","{""per_pair"": [1.0], ""n_gt"": 1, ""n_matched"": 1}",5.26
DOR-DEL-SPA-A-001,delete,spatial,0.0,1.0,0.0,0.3333333333333333,spec,False,,1,0,,0.0917935948818922,"{""delta_node_precision"": 0.0, ""delta_node_recall"": 0.0, ""delta_node_f1"": 0.0, ""delta_edge_precision"": 0.0, ""delta_edge_recall"": 0.0, ""delta_edge_f1"": 0.0, ""delta_topology_score"": 0.0}","{""class_match"": 1.0, ""properties"": 1.0}","{""per_pair"": [0.0], ""n_gt"": 1, ""n_matched"": 0}",0.14
DOR-DEL-SPA-A-002,delete,spatial,0.0,1.0,0.0,0.3333333333333333,spec,False,,1,0,,0.11041770805604756,"{""delta_node_precision"": 0.0, ""delta_node_recall"": 0.0, ""delta_node_f1"": 0.0, ""delta_edge_precision"": 0.0, ""delta_edge_recall"": 0.0, ""delta_edge_f1"": 0.0, ""delta_topology_score"": 0.0}","{""class_match"": 1.0, ""properties"": 1.0}","{""per_pair"": [0.0], ""n_gt"": 1, ""n_matched"": 0}",0.22
DOR-DEL-SPA-R-001,delete,spatial,0.0,1.0,0.0,0.3333333333333333,spec,False,,1,0,,2.330364055931568,"{""delta_node_precision"": 0.0, ""delta_node_recall"": 0.0, ""delta_node_f1"": 0.0, ""delta_edge_precision"": 0.0, ""delta_edge_recall"": 0.0, ""delta_edge_f1"": 0.0, ""delta_topology_score"": 0.0}","{""class_match"": 1.0, ""properties"": 1.0}","{""per_pair"": [0.0], ""n_gt"": 1, ""n_matched"": 0}",16.92
DOR-DEL-SPA-R-002,delete,spatial,0.0,1.0,0.0,0.3333333333333333,spec,False,,1,0,,0.7171494658105075,"{""delta_node_precision"": 0.0, ""delta_node_recall"": 0.0, ""delta_node_f1"": 0.0, ""delta_edge_precision"": 0.0, ""delta_edge_recall"": 0.0, ""delta_edge_f1"": 0.0, ""delta_topology_score"": 0.0}","{""class_match"": 1.0, ""properties"": 1.0}","{""per_pair"": [0.0], ""n_gt"": 1, ""n_matched"": 0}",5.26
DOR-DEL-TOP-A-001,delete,topological,1.0,0.0,0.6938949938949938,0.5646316646316646,spec,True,,1,1,,0.016982205910608172,"{""delta_node_precision"": 0.5, ""delta_node_recall"": 1.0, ""delta_node_f1"": 0.6666666666666666, ""delta_edge_precision"": 0.4444444444444444, ""delta_edge_recall"": 1.0, ""delta_edge_f1"": 0.6153846153846153, ""delta_topology_score"": 0.6307692307692306}","{""class_match"": 0.0, ""properties"": 0.0}","{""per_pair"": [1.0], ""n_gt"": 1, ""n_matched"": 1}",0.14
DOR-DEL-TOP-A-002,delete,topological,1.0,0.0,1.0,0.6666666666666666,spec,True,,1,1,,0.015910274116322398,"{""delta_node_precision"": 1.0, ""delta_node_recall"": 1.0, ""delta_node_f1"": 1.0, ""delta_edge_precision"": 1.0, ""delta_edge_recall"": 1.0, ""delta_edge_f1"": 1.0, ""delta_topology_score"": 1.0}","{""class_match"": 0.0, ""properties"": 0.0}","{""per_pair"": [1.0], ""n_gt"": 1, ""n_matched"": 1}",0.22
DOR-DEL-TOP-R-001,delete,topological,0.0,1.0,0.0,0.3333333333333333,spec,False,,1,0,,2.2947225039824843,"{""delta_node_precision"": 0.0, ""delta_node_recall"": 0.0, ""delta_node_f1"": 0.0, ""delta_edge_precision"": 0.0, ""delta_edge_recall"": 0.0, ""delta_edge_f1"": 0.0, ""delta_topology_score"": 0.0}","{""class_match"": 1.0, ""properties"": 1.0}","{""per_pair"": [0.0], ""n_gt"": 1, ""n_matched"": 0}",16.92
DOR-DEL-TOP-R-002,delete,topological,1.0,0.0,1.0,0.6666666666666666,spec,True,,1,1,,0.5924107439350337,"{""delta_node_precision"": 1.0, ""delta_node_recall"": 1.0, ""delta_node_f1"": 1.0, ""delta_edge_precision"": 1.0, ""delta_edge_recall"": 1.0, ""delta_edge_f1"": 1.0, ""delta_topology_score"": 1.0}","{""class_match"": 0.0, ""properties"": 0.0}","{""per_pair"": [1.0], ""n_gt"": 1, ""n_matched"": 1}",5.26
DOR-UPD-DIR-A-001,update,direct,0.9999999999999876,1.0,1.0,0.9999999999999959,spec,True,3weZ9R4j52LPSdY$3bzEMo,1,1,,1.4444391201250255,"{""delta_node_precision"": 1.0, ""delta_node_recall"": 1.0, ""delta_node_f1"": 1.0, ""delta_edge_precision"": 1.0, ""delta_edge_recall"": 1.0, ""delta_edge_f1"": 1.0, ""delta_topology_score"": 1.0}","{""class_match"": 1.0, ""properties"": 1.0}","{""per_pair"": [0.9999999999999876], ""n_gt"": 1, ""n_matched"": 1}",0.22
DOR-UPD-DIR-R-001,update,direct,0.9999999999999848,1.0,1.0,0.999999999999995,spec,True,2AGvcvmtT5tuw78WQbzQMZ,1,1,,1.57617146987468,"{""delta_node_precision"": 1.0, ""delta_node_recall"": 1.0, ""delta_node_f1"": 1.0, ""delta_edge_precision"": 1.0, ""delta_edge_recall"": 1.0, ""delta_edge_f1"": 1.0, ""delta_topology_score"": 1.0}","{""class_match"": 1.0, ""properties"": 1.0}","{""per_pair"": [0.9999999999999848], ""n_gt"": 1, ""n_matched"": 1}",5.26
DOR-UPD-SPA-A-001,update,spatial,0.8890910286697021,1.0,0.5285714285714286,0.8058874857470436,spec,True,3weZ9R4j52LPSdY$3bzEMo,1,1,,0.2299153869971633,"{""delta_node_precision"": 0.0, ""delta_node_recall"": 0.0, ""delta_node_f1"": 0.0, ""delta_edge_precision"": 1.0, ""delta_edge_recall"": 1.0, ""delta_edge_f1"": 1.0, ""delta_topology_score"": 0.7}","{""class_match"": 1.0, ""properties"": 1.0}","{""per_pair"": [0.8890910286697021], ""n_gt"": 1, ""n_matched"": 1}",0.22
DOR-UPD-SPA-R-001,update,spatial,0.9999999999999848,1.0,1.0,0.999999999999995,spec,True,2AGvcvmtT5tuw78WQbzQMZ,1,1,,0.918340431060642,"{""delta_node_precision"": 1.0, ""delta_node_recall"": 1.0, ""delta_node_f1"": 1.0, ""delta_edge_precision"": 1.0, ""delta_edge_recall"": 1.0, ""delta_edge_f1"": 1.0, ""delta_topology_score"": 1.0}","{""class_match"": 1.0, ""properties"": 1.0}","{""per_pair"": [0.9999999999999848], ""n_gt"": 1, ""n_matched"": 1}",5.26
DOR-UPD-TOP-A-001,update,topological,0.9999999999999876,1.0,1.0,0.9999999999999959,spec,True,3weZ9R4j52LPSdY$3bzEMo,1,1,,0.21836119494400918,"{""delta_node_precision"": 1.0, ""delta_node_recall"": 1.0, ""delta_node_f1"": 1.0, ""delta_edge_precision"": 1.0, ""delta_edge_recall"": 1.0, ""delta_edge_f1"": 1.0, ""delta_topology_score"": 1.0}","{""class_match"": 1.0, ""properties"": 1.0}","{""per_pair"": [0.9999999999999876], ""n_gt"": 1, ""n_matched"": 1}",0.22
DOR-UPD-TOP-R-001,update,topological,0.9353446244965221,1.0,0.5285714285714286,0.8213053510226502,spec,True,2AGvcvmtT5tuw78WQbzQMZ,1,1,,0.8914588890038431,"{""delta_node_precision"": 0.0, ""delta_node_recall"": 0.0, ""delta_node_f1"": 0.0, ""delta_edge_precision"": 1.0, ""delta_edge_recall"": 1.0, ""delta_edge_f1"": 1.0, ""delta_topology_score"": 0.7}","{""class_match"": 1.0, ""properties"": 1.0}","{""per_pair"": [0.9353446244965221], ""n_gt"": 1, ""n_matched"": 1}",5.26
ROM-CRE-DIR-A-001,create,direct,0.9999999999999757,0.5,1.0,0.8333333333333252,diff,True,19Fc_j49v9t9YtLgggOLQM,1,1,,0.0275237369351089,"{""delta_node_precision"": 1.0, ""delta_node_recall"": 1.0, ""delta_node_f1"": 1.0, ""delta_edge_precision"": 1.0, ""delta_edge_recall"": 1.0, ""delta_edge_f1"": 1.0, ""delta_topology_score"": 1.0}","{""class_match"": 1.0, ""properties"": 0.0}","{""per_pair"": [0.9999999999999757], ""n_gt"": 1, ""n_matched"": 1}",0.13
ROM-CRE-DIR-A-002,create,direct,0.0,0.0,0.0,0.0,diff,False,,1,0,,0.02637200802564621,"{""delta_node_precision"": 0.0, ""delta_node_recall"": 0.0, ""delta_node_f1"": 0.0, ""delta_edge_precision"": 0.0, ""delta_edge_recall"": 0.0, ""delta_edge_f1"": 0.0, ""delta_topology_score"": 0.0}","{""class_match"": 0.0, ""properties"": 0.0}","{""per_pair"": [0.0], ""n_gt"": 1, ""n_matched"": 0}",0.14
ROM-CRE-DIR-A-003,create,direct,0.9291645674158661,0.5,0.5236661888835802,0.6509435854331488,diff,True,1PxDvDEpLA8RRQvwIUYFSp,1,1,,0.04248898709192872,"{""delta_node_precision"": 0.5, ""delta_node_recall"": 1.0, ""delta_node_f1"": 0.6666666666666666, ""delta_edge_precision"": 0.3076923076923077, ""delta_edge_recall"": 0.4, ""delta_edge_f1"": 0.34782608695652173, ""delta_topology_score"": 0.4434782608695652}","{""class_match"": 1.0, ""properties"": 0.0}","{""per_pair"": [0.9291645674158661], ""n_gt"": 1, ""n_matched"": 1}",0.17
ROM-CRE-DIR-A-004,create,direct,0.0,0.0,0.0,0.0,diff,False,,1,0,,0.022898104041814804,"{""delta_node_precision"": 0.0, ""delta_node_recall"": 0.0, ""delta_node_f1"": 0.0, ""delta_edge_precision"": 0.0, ""delta_edge_recall"": 0.0, ""delta_edge_f1"": 0.0, ""delta_topology_score"": 0.0}","{""class_match"": 0.0, ""properties"": 0.0}","{""per_pair"": [0.0], ""n_gt"": 1, ""n_matched"": 0}",0.15
ROM-CRE-DIR-R-001,create,direct,0.0,0.0,0.0,0.0,diff,False,,1,0,,44.56087304279208,"{""delta_node_precision"": 0.0, ""delta_node_recall"": 0.0, ""delta_node_f1"": 0.0, ""delta_edge_precision"": 0.0, ""delta_edge_recall"": 0.0, ""delta_edge_f1"": 0.0, ""delta_topology_score"": 0.0}","{""class_match"": 0.0, ""properties"": 0.0}","{""per_pair"": [0.0], ""n_gt"": 1, ""n_matched"": 0}",148.91
ROM-CRE-DIR-R-002,create,direct,0.9518505212832525,0.5,0.96984126984127,0.8072305970415075,diff,True,1bxPBmscr9xuiD$X21zP9h,1,1,,1.0676168601494282,"{""delta_node_precision"": 1.0, ""delta_node_recall"": 1.0, ""delta_node_f1"": 1.0, ""delta_edge_precision"": 1.0, ""delta_edge_recall"": 0.8888888888888888, ""delta_edge_f1"": 0.9411764705882353, ""delta_topology_score"": 0.9588235294117646}","{""class_match"": 1.0, ""properties"": 0.0}","{""per_pair"": [0.9518505212832525], ""n_gt"": 1, ""n_matched"": 1}",12.15
ROM-CRE-DIR-R-003,create,direct,0.9557986248838316,0.5,0.7315229515229513,0.7291071921355942,diff,True,17TpQM4Zb2mRHPcvytrTD0,1,1,,0.8138636299408972,"{""delta_node_precision"": 1.0, ""delta_node_recall"": 1.0, ""delta_node_f1"": 1.0, ""delta_edge_precision"": 1.0, ""delta_edge_recall"": 0.21621621621621623, ""delta_edge_f1"": 0.35555555555555557, ""delta_topology_score"": 0.5488888888888889}","{""class_match"": 1.0, ""properties"": 0.0}","{""per_pair"": [0.9557986248838316], ""n_gt"": 1, ""n_matched"": 1}",5.32
ROM-CRE-DIR-R-004,create,direct,0.9997049783553232,0.5,1.0,0.8332349927851078,diff,True,2QhZYoi2b10xRZek_Vl9dZ,1,1,,1.3766481168568134,"{""delta_node_precision"": 1.0, ""delta_node_recall"": 1.0, ""delta_node_f1"": 1.0, ""delta_edge_precision"": 1.0, ""delta_edge_recall"": 1.0, ""delta_edge_f1"": 1.0, ""delta_topology_score"": 1.0}","{""class_match"": 1.0, ""properties"": 0.0}","{""per_pair"": [0.9997049783553232], ""n_gt"": 1, ""n_matched"": 1}",4.71
ROM-CRE-SPA-A-001,create,spatial,0.0,0.0,0.0,0.0,diff,False,,1,0,,0.008247275836765766,"{""delta_node_precision"": 0.0, ""delta_node_recall"": 0.0, ""delta_node_f1"": 0.0, ""delta_edge_precision"": 0.0, ""delta_edge_recall"": 0.0, ""delta_edge_f1"": 0.0, ""delta_topology_score"": 0.0}","{""class_match"": 0.0, ""properties"": 0.0}","{""per_pair"": [0.0], ""n_gt"": 1, ""n_matched"": 0}",0.13
ROM-CRE-SPA-A-002,create,spatial,0.0,0.0,0.0,0.0,diff,False,,1,0,,0.01076925708912313,"{""delta_node_precision"": 0.0, ""delta_node_recall"": 0.0, ""delta_node_f1"": 0.0, ""delta_edge_precision"": 0.0, ""delta_edge_recall"": 0.0, ""delta_edge_f1"": 0.0, ""delta_topology_score"": 0.0}","{""class_match"": 0.0, ""properties"": 0.0}","{""per_pair"": [0.0], ""n_gt"": 1, ""n_matched"": 0}",0.14
ROM-CRE-SPA-A-003,create,spatial,0.0,0.0,0.0,0.0,diff,False,,1,0,,0.012778401840478182,"{""delta_node_precision"": 0.0, ""delta_node_recall"": 0.0, ""delta_node_f1"": 0.0, ""delta_edge_precision"": 0.0, ""delta_edge_recall"": 0.0, ""delta_edge_f1"": 0.0, ""delta_topology_score"": 0.0}","{""class_match"": 0.0, ""properties"": 0.0}","{""per_pair"": [0.0], ""n_gt"": 1, ""n_matched"": 0}",0.17
ROM-CRE-SPA-A-004,create,spatial,0.0,0.0,0.0,0.0,diff,False,,1,0,,0.011802830034866929,"{""delta_node_precision"": 0.0, ""delta_node_recall"": 0.0, ""delta_node_f1"": 0.0, ""delta_edge_precision"": 0.0, ""delta_edge_recall"": 0.0, ""delta_edge_f1"": 0.0, ""delta_topology_score"": 0.0}","{""class_match"": 0.0, ""properties"": 0.0}","{""per_pair"": [0.0], ""n_gt"": 1, ""n_matched"": 0}",0.15
ROM-CRE-SPA-R-001,create,spatial,0.0,0.0,0.0,0.0,diff,False,,1,0,,14.932560687884688,"{""delta_node_precision"": 0.0, ""delta_node_recall"": 0.0, ""delta_node_f1"": 0.0, ""delta_edge_precision"": 0.0, ""delta_edge_recall"": 0.0, ""delta_edge_f1"": 0.0, ""delta_topology_score"": 0.0}","{""class_match"": 0.0, ""properties"": 0.0}","{""per_pair"": [0.0], ""n_gt"": 1, ""n_matched"": 0}",148.91
ROM-CRE-SPA-R-002,create,spatial,0.0,0.0,0.0,0.0,diff,False,,1,0,,1.0867006541229784,"{""delta_node_precision"": 0.0, ""delta_node_recall"": 0.0, ""delta_node_f1"": 0.0, ""delta_edge_precision"": 0.0, ""delta_edge_recall"": 0.0, ""delta_edge_f1"": 0.0, ""delta_topology_score"": 0.0}","{""class_match"": 0.0, ""properties"": 0.0}","{""per_pair"": [0.0], ""n_gt"": 1, ""n_matched"": 0}",12.15
ROM-CRE-SPA-R-003,create,spatial,0.0,0.0,0.0,0.0,diff,False,,1,0,,0.4709283721167594,"{""delta_node_precision"": 0.0, ""delta_node_recall"": 0.0, ""delta_node_f1"": 0.0, ""delta_edge_precision"": 0.0, ""delta_edge_recall"": 0.0, ""delta_edge_f1"": 0.0, ""delta_topology_score"": 0.0}","{""class_match"": 0.0, ""properties"": 0.0}","{""per_pair"": [0.0], ""n_gt"": 1, ""n_matched"": 0}",5.32
ROM-CRE-SPA-R-004,create,spatial,0.0,0.0,0.0,0.0,diff,False,,1,0,,0.5056721610017121,"{""delta_node_precision"": 0.0, ""delta_node_recall"": 0.0, ""delta_node_f1"": 0.0, ""delta_edge_precision"": 0.0, ""delta_edge_recall"": 0.0, ""delta_edge_f1"": 0.0, ""delta_topology_score"": 0.0}","{""class_match"": 0.0, ""properties"": 0.0}","{""per_pair"": [0.0], ""n_gt"": 1, ""n_matched"": 0}",4.71
ROM-CRE-TOP-A-001,create,topological,0.0,0.0,0.0,0.0,diff,False,,1,0,,0.008471728069707751,"{""delta_node_precision"": 0.0, ""delta_node_recall"": 0.0, ""delta_node_f1"": 0.0, ""delta_edge_precision"": 0.0, ""delta_edge_recall"": 0.0, ""delta_edge_f1"": 0.0, ""delta_topology_score"": 0.0}","{""class_match"": 0.0, ""properties"": 0.0}","{""per_pair"": [0.0], ""n_gt"": 1, ""n_matched"": 0}",0.13
ROM-CRE-TOP-A-002,create,topological,0.0,0.0,0.0,0.0,diff,False,,1,0,,0.00967148900963366,"{""delta_node_precision"": 0.0, ""delta_node_recall"": 0.0, ""delta_node_f1"": 0.0, ""delta_edge_precision"": 0.0, ""delta_edge_recall"": 0.0, ""delta_edge_f1"": 0.0, ""delta_topology_score"": 0.0}","{""class_match"": 0.0, ""properties"": 0.0}","{""per_pair"": [0.0], ""n_gt"": 1, ""n_matched"": 0}",0.14
ROM-CRE-TOP-A-003,create,topological,0.0,0.0,0.0,0.0,diff,False,,1,0,,0.012243987992405891,"{""delta_node_precision"": 0.0, ""delta_node_recall"": 0.0, ""delta_node_f1"": 0.0, ""delta_edge_precision"": 0.0, ""delta_edge_recall"": 0.0, ""delta_edge_f1"": 0.0, ""delta_topology_score"": 0.0}","{""class_match"": 0.0, ""properties"": 0.0}","{""per_pair"": [0.0], ""n_gt"": 1, ""n_matched"": 0}",0.17
ROM-CRE-TOP-A-004,create,topological,0.0,0.0,0.0,0.0,diff,False,,1,0,,0.010223048971965909,"{""delta_node_precision"": 0.0, ""delta_node_recall"": 0.0, ""delta_node_f1"": 0.0, ""delta_edge_precision"": 0.0, ""delta_edge_recall"": 0.0, ""delta_edge_f1"": 0.0, ""delta_topology_score"": 0.0}","{""class_match"": 0.0, ""properties"": 0.0}","{""per_pair"": [0.0], ""n_gt"": 1, ""n_matched"": 0}",0.15
ROM-CRE-TOP-R-001,create,topological,0.0,0.0,0.0,0.0,diff,False,,1,0,,16.00439139106311,"{""delta_node_precision"": 0.0, ""delta_node_recall"": 0.0, ""delta_node_f1"": 0.0, ""delta_edge_precision"": 0.0, ""delta_edge_recall"": 0.0, ""delta_edge_f1"": 0.0, ""delta_topology_score"": 0.0}","{""class_match"": 0.0, ""properties"": 0.0}","{""per_pair"": [0.0], ""n_gt"": 1, ""n_matched"": 0}",148.91
ROM-CRE-TOP-R-002,create,topological,0.0,0.0,0.0,0.0,diff,False,,1,0,,1.0991628922056407,"{""delta_node_precision"": 0.0, ""delta_node_recall"": 0.0, ""delta_node_f1"": 0.0, ""delta_edge_precision"": 0.0, ""delta_edge_recall"": 0.0, ""delta_edge_f1"": 0.0, ""delta_topology_score"": 0.0}","{""class_match"": 0.0, ""properties"": 0.0}","{""per_pair"": [0.0], ""n_gt"": 1, ""n_matched"": 0}",12.15
ROM-CRE-TOP-R-003,create,topological,0.0,0.0,0.0,0.0,diff,False,,1,0,,0.48763906001113355,"{""delta_node_precision"": 0.0, ""delta_node_recall"": 0.0, ""delta_node_f1"": 0.0, ""delta_edge_precision"": 0.0, ""delta_edge_recall"": 0.0, ""delta_edge_f1"": 0.0, ""delta_topology_score"": 0.0}","{""class_match"": 0.0, ""properties"": 0.0}","{""per_pair"": [0.0], ""n_gt"": 1, ""n_matched"": 0}",5.32
ROM-CRE-TOP-R-004,create,topological,0.0,0.0,0.0,0.0,diff,False,,1,0,,0.5040248541627079,"{""delta_node_precision"": 0.0, ""delta_node_recall"": 0.0, ""delta_node_f1"": 0.0, ""delta_edge_precision"": 0.0, ""delta_edge_recall"": 0.0, ""delta_edge_f1"": 0.0, ""delta_topology_score"": 0.0}","{""class_match"": 0.0, ""properties"": 0.0}","{""per_pair"": [0.0], ""n_gt"": 1, ""n_matched"": 0}",4.71
ROM-DEL-DIR-A-001,delete,direct,1.0,0.0,1.0,0.6666666666666666,spec,True,,1,1,,0.020602182019501925,"{""delta_node_precision"": 1.0, ""delta_node_recall"": 1.0, ""delta_node_f1"": 1.0, ""delta_edge_precision"": 1.0, ""delta_edge_recall"": 1.0, ""delta_edge_f1"": 1.0, ""delta_topology_score"": 1.0}","{""class_match"": 0.0, ""properties"": 0.0}","{""per_pair"": [1.0], ""n_gt"": 1, ""n_matched"": 1}",0.13
ROM-DEL-DIR-A-002,delete,direct,1.0,0.0,0.9729323308270678,0.6576441102756893,spec,True,,1,1,,0.03969855303876102,"{""delta_node_precision"": 1.0, ""delta_node_recall"": 1.0, ""delta_node_f1"": 1.0, ""delta_edge_precision"": 1.0, ""delta_edge_recall"": 0.9, ""delta_edge_f1"": 0.9473684210526316, ""delta_topology_score"": 0.963157894736842}","{""class_match"": 0.0, ""properties"": 0.0}","{""per_pair"": [1.0], ""n_gt"": 1, ""n_matched"": 1}",0.15
ROM-DEL-DIR-A-003,delete,direct,1.0,0.0,1.0,0.6666666666666666,spec,True,,1,1,,0.02514738985337317,"{""delta_node_precision"": 1.0, ""delta_node_recall"": 1.0, ""delta_node_f1"": 1.0, ""delta_edge_precision"": 1.0, ""delta_edge_recall"": 1.0, ""delta_edge_f1"": 1.0, ""delta_topology_score"": 1.0}","{""class_match"": 0.0, ""properties"": 0.0}","{""per_pair"": [1.0], ""n_gt"": 1, ""n_matched"": 1}",0.15
ROM-DEL-DIR-A-004,delete,direct,1.0,0.0,0.0,0.3333333333333333,spec,True,,1,1,,0.030642373021692038,"{""delta_node_precision"": 0.0, ""delta_node_recall"": 0.0, ""delta_node_f1"": 0.0, ""delta_edge_precision"": 0.0, ""delta_edge_recall"": 0.0, ""delta_edge_f1"": 0.0, ""delta_topology_score"": 0.0}","{""class_match"": 0.0, ""properties"": 0.0}","{""per_pair"": [1.0], ""n_gt"": 1, ""n_matched"": 1}",0.14
ROM-DEL-DIR-R-001,delete,direct,1.0,0.0,1.0,0.6666666666666666,spec,True,,1,1,,15.84489143290557,"{""delta_node_precision"": 1.0, ""delta_node_recall"": 1.0, ""delta_node_f1"": 1.0, ""delta_edge_precision"": 1.0, ""delta_edge_recall"": 1.0, ""delta_edge_f1"": 1.0, ""delta_topology_score"": 1.0}","{""class_match"": 0.0, ""properties"": 0.0}","{""per_pair"": [1.0], ""n_gt"": 1, ""n_matched"": 1}",148.92
ROM-DEL-DIR-R-002,delete,direct,1.0,0.0,1.0,0.6666666666666666,spec,True,,1,1,,2.4537801400292665,"{""delta_node_precision"": 1.0, ""delta_node_recall"": 1.0, ""delta_node_f1"": 1.0, ""delta_edge_precision"": 1.0, ""delta_edge_recall"": 1.0, ""delta_edge_f1"": 1.0, ""delta_topology_score"": 1.0}","{""class_match"": 0.0, ""properties"": 0.0}","{""per_pair"": [1.0], ""n_gt"": 1, ""n_matched"": 1}",12.16
ROM-DEL-DIR-R-003,delete,direct,1.0,0.0,0.9577838827838827,0.6525946275946276,spec,True,,1,1,,1.1855308988597244,"{""delta_node_precision"": 1.0, ""delta_node_recall"": 1.0, ""delta_node_f1"": 1.0, ""delta_edge_precision"": 1.0, ""delta_edge_recall"": 0.8461538461538461, ""delta_edge_f1"": 0.9166666666666666, ""delta_topology_score"": 0.9416666666666667}","{""class_match"": 0.0, ""properties"": 0.0}","{""per_pair"": [1.0], ""n_gt"": 1, ""n_matched"": 1}",5.33
ROM-DEL-DIR-R-004,delete,direct,1.0,0.0,1.0,0.6666666666666666,spec,True,,1,1,,2.092131598852575,"{""delta_node_precision"": 1.0, ""delta_node_recall"": 1.0, ""delta_node_f1"": 1.0, ""delta_edge_precision"": 1.0, ""delta_edge_recall"": 1.0, ""delta_edge_f1"": 1.0, ""delta_topology_score"": 1.0}","{""class_match"": 0.0, ""properties"": 0.0}","{""per_pair"": [1.0], ""n_gt"": 1, ""n_matched"": 1}",4.72
ROM-DEL-SPA-A-001,delete,spatial,1.0,0.0,1.0,0.6666666666666666,spec,True,,1,1,,0.008651175070554018,"{""delta_node_precision"": 1.0, ""delta_node_recall"": 1.0, ""delta_node_f1"": 1.0, ""delta_edge_precision"": 1.0, ""delta_edge_recall"": 1.0, ""delta_edge_f1"": 1.0, ""delta_topology_score"": 1.0}","{""class_match"": 0.0, ""properties"": 0.0}","{""per_pair"": [1.0], ""n_gt"": 1, ""n_matched"": 1}",0.13
ROM-DEL-SPA-A-002,delete,spatial,1.0,0.0,0.9729323308270678,0.6576441102756893,spec,True,,1,1,,0.01027352106757462,"{""delta_node_precision"": 1.0, ""delta_node_recall"": 1.0, ""delta_node_f1"": 1.0, ""delta_edge_precision"": 1.0, ""delta_edge_recall"": 0.9, ""delta_edge_f1"": 0.9473684210526316, ""delta_topology_score"": 0.963157894736842}","{""class_match"": 0.0, ""properties"": 0.0}","{""per_pair"": [1.0], ""n_gt"": 1, ""n_matched"": 1}",0.15
ROM-DEL-SPA-A-003,delete,spatial,0.0,1.0,0.0,0.3333333333333333,spec,False,,1,0,,0.011271887924522161,"{""delta_node_precision"": 0.0, ""delta_node_recall"": 0.0, ""delta_node_f1"": 0.0, ""delta_edge_precision"": 0.0, ""delta_edge_recall"": 0.0, ""delta_edge_f1"": 0.0, ""delta_topology_score"": 0.0}","{""class_match"": 1.0, ""properties"": 1.0}","{""per_pair"": [0.0], ""n_gt"": 1, ""n_matched"": 0}",0.15
ROM-DEL-SPA-A-004,delete,spatial,0.0,1.0,0.0,0.3333333333333333,spec,False,,1,0,,0.012418441940099001,"{""delta_node_precision"": 0.0, ""delta_node_recall"": 0.0, ""delta_node_f1"": 0.0, ""delta_edge_precision"": 0.0, ""delta_edge_recall"": 0.0, ""delta_edge_f1"": 0.0, ""delta_topology_score"": 0.0}","{""class_match"": 1.0, ""properties"": 1.0}","{""per_pair"": [0.0], ""n_gt"": 1, ""n_matched"": 0}",0.14
ROM-DEL-SPA-R-001,delete,spatial,0.0,1.0,0.0,0.3333333333333333,spec,False,,1,0,,16.442495326977223,"{""delta_node_precision"": 0.0, ""delta_node_recall"": 0.0, ""delta_node_f1"": 0.0, ""delta_edge_precision"": 0.0, ""delta_edge_recall"": 0.0, ""delta_edge_f1"": 0.0, ""delta_topology_score"": 0.0}","{""class_match"": 1.0, ""properties"": 1.0}","{""per_pair"": [0.0], ""n_gt"": 1, ""n_matched"": 0}",148.92
ROM-DEL-SPA-R-002,delete,spatial,0.0,1.0,0.0,0.3333333333333333,spec,False,,1,0,,1.0108375139534473,"{""delta_node_precision"": 0.0, ""delta_node_recall"": 0.0, ""delta_node_f1"": 0.0, ""delta_edge_precision"": 0.0, ""delta_edge_recall"": 0.0, ""delta_edge_f1"": 0.0, ""delta_topology_score"": 0.0}","{""class_match"": 1.0, ""properties"": 1.0}","{""per_pair"": [0.0], ""n_gt"": 1, ""n_matched"": 0}",12.16
ROM-DEL-SPA-R-003,delete,spatial,0.0,1.0,0.0,0.3333333333333333,spec,False,,1,0,,0.5877668999601156,"{""delta_node_precision"": 0.0, ""delta_node_recall"": 0.0, ""delta_node_f1"": 0.0, ""delta_edge_precision"": 0.0, ""delta_edge_recall"": 0.0, ""delta_edge_f1"": 0.0, ""delta_topology_score"": 0.0}","{""class_match"": 1.0, ""properties"": 1.0}","{""per_pair"": [0.0], ""n_gt"": 1, ""n_matched"": 0}",5.33
ROM-DEL-SPA-R-004,delete,spatial,0.0,1.0,0.0,0.3333333333333333,spec,False,,1,0,,0.6154675071593374,"{""delta_node_precision"": 0.0, ""delta_node_recall"": 0.0, ""delta_node_f1"": 0.0, ""delta_edge_precision"": 0.0, ""delta_edge_recall"": 0.0, ""delta_edge_f1"": 0.0, ""delta_topology_score"": 0.0}","{""class_match"": 1.0, ""properties"": 1.0}","{""per_pair"": [0.0], ""n_gt"": 1, ""n_matched"": 0}",4.72
ROM-DEL-TOP-A-001,delete,topological,1.0,0.0,0.7002699055330633,0.5667566351776877,spec,True,,1,1,,0.008117801044136286,"{""delta_node_precision"": 0.5, ""delta_node_recall"": 1.0, ""delta_node_f1"": 0.6666666666666666, ""delta_edge_precision"": 0.46153846153846156, ""delta_edge_recall"": 1.0, ""delta_edge_f1"": 0.631578947368421, ""delta_topology_score"": 0.6421052631578946}","{""class_match"": 0.0, ""properties"": 0.0}","{""per_pair"": [1.0], ""n_gt"": 1, ""n_matched"": 1}",0.13
ROM-DEL-TOP-A-002,delete,topological,1.0,0.0,0.9729323308270678,0.6576441102756893,spec,True,,1,1,,0.010728925932198763,"{""delta_node_precision"": 1.0, ""delta_node_recall"": 1.0, ""delta_node_f1"": 1.0, ""delta_edge_precision"": 1.0, ""delta_edge_recall"": 0.9, ""delta_edge_f1"": 0.9473684210526316, ""delta_topology_score"": 0.963157894736842}","{""class_match"": 0.0, ""properties"": 0.0}","{""per_pair"": [1.0], ""n_gt"": 1, ""n_matched"": 1}",0.15
ROM-DEL-TOP-A-003,delete,topological,0.0,1.0,0.0,0.3333333333333333,spec,False,,1,0,,0.010912573896348476,"{""delta_node_precision"": 0.0, ""delta_node_recall"": 0.0, ""delta_node_f1"": 0.0, ""delta_edge_precision"": 0.0, ""delta_edge_recall"": 0.0, ""delta_edge_f1"": 0.0, ""delta_topology_score"": 0.0}","{""class_match"": 1.0, ""properties"": 1.0}","{""per_pair"": [0.0], ""n_gt"": 1, ""n_matched"": 0}",0.15
ROM-DEL-TOP-A-004,delete,topological,0.0,1.0,0.0,0.3333333333333333,spec,False,,1,0,,0.01255497196689248,"{""delta_node_precision"": 0.0, ""delta_node_recall"": 0.0, ""delta_node_f1"": 0.0, ""delta_edge_precision"": 0.0, ""delta_edge_recall"": 0.0, ""delta_edge_f1"": 0.0, ""delta_topology_score"": 0.0}","{""class_match"": 1.0, ""properties"": 1.0}","{""per_pair"": [0.0], ""n_gt"": 1, ""n_matched"": 0}",0.14
ROM-DEL-TOP-R-001,delete,topological,1.0,0.0,0.6850181008075744,0.5616727002691915,spec,True,,1,1,,15.77309706597589,"{""delta_node_precision"": 0.5, ""delta_node_recall"": 1.0, ""delta_node_f1"": 0.6666666666666666, ""delta_edge_precision"": 0.42105263157894735, ""delta_edge_recall"": 1.0, ""delta_edge_f1"": 0.5925925925925926, ""delta_topology_score"": 0.6148148148148147}","{""class_match"": 0.0, ""properties"": 0.0}","{""per_pair"": [1.0], ""n_gt"": 1, ""n_matched"": 1}",148.92
ROM-DEL-TOP-R-002,delete,topological,1.0,0.0,1.0,0.6666666666666666,spec,True,,1,1,,1.0134566209744662,"{""delta_node_precision"": 1.0, ""delta_node_recall"": 1.0, ""delta_node_f1"": 1.0, ""delta_edge_precision"": 1.0, ""delta_edge_recall"": 1.0, ""delta_edge_f1"": 1.0, ""delta_topology_score"": 1.0}","{""class_match"": 0.0, ""properties"": 0.0}","{""per_pair"": [1.0], ""n_gt"": 1, ""n_matched"": 1}",12.16
ROM-DEL-TOP-R-003,delete,topological,0.0,1.0,0.0,0.3333333333333333,spec,False,,1,0,,0.585362329846248,"{""delta_node_precision"": 0.0, ""delta_node_recall"": 0.0, ""delta_node_f1"": 0.0, ""delta_edge_precision"": 0.0, ""delta_edge_recall"": 0.0, ""delta_edge_f1"": 0.0, ""delta_topology_score"": 0.0}","{""class_match"": 1.0, ""properties"": 1.0}","{""per_pair"": [0.0], ""n_gt"": 1, ""n_matched"": 0}",5.33
ROM-DEL-TOP-R-004,delete,topological,0.0,1.0,0.0,0.3333333333333333,spec,False,,1,0,,0.5980761700775474,"{""delta_node_precision"": 0.0, ""delta_node_recall"": 0.0, ""delta_node_f1"": 0.0, ""delta_edge_precision"": 0.0, ""delta_edge_recall"": 0.0, ""delta_edge_f1"": 0.0, ""delta_topology_score"": 0.0}","{""class_match"": 1.0, ""properties"": 1.0}","{""per_pair"": [0.0], ""n_gt"": 1, ""n_matched"": 0}",4.72
ROM-UPD-DIR-A-001,update,direct,0.9494026947404932,1.0,0.0,0.6498008982468311,spec,True,10VmbDUP13YPWiYkMLgRpN,1,1,,0.033729420974850655,"{""delta_node_precision"": 0.0, ""delta_node_recall"": 0.0, ""delta_node_f1"": 0.0, ""delta_edge_precision"": 0.0, ""delta_edge_recall"": 0.0, ""delta_edge_f1"": 0.0, ""delta_topology_score"": 0.0}","{""class_match"": 1.0, ""properties"": 1.0}","{""per_pair"": [0.9494026947404932], ""n_gt"": 1, ""n_matched"": 1}",0.13
ROM-UPD-DIR-A-002,update,direct,0.9595173982526359,1.0,0.6905895691609978,0.8833689891378779,spec,True,1BXMVsL3b4YOpeNFnqRn3h,1,1,,0.030630402034148574,"{""delta_node_precision"": 1.0, ""delta_node_recall"": 0.3333333333333333, ""delta_node_f1"": 0.5, ""delta_edge_precision"": 0.8888888888888888, ""delta_edge_recall"": 0.6666666666666666, ""delta_edge_f1"": 0.761904761904762, ""delta_topology_score"": 0.6833333333333333}","{""class_match"": 1.0, ""properties"": 1.0}","{""per_pair"": [0.9595173982526359], ""n_gt"": 1, ""n_matched"": 1}",0.15
ROM-UPD-DIR-A-003,update,direct,0.9504809759601774,1.0,0.0,0.6501603253200591,spec,True,0TdJ$TWoL2cAeMVD_4_n8b,1,1,,0.03482162789441645,"{""delta_node_precision"": 0.0, ""delta_node_recall"": 0.0, ""delta_node_f1"": 0.0, ""delta_edge_precision"": 0.0, ""delta_edge_recall"": 0.0, ""delta_edge_f1"": 0.0, ""delta_topology_score"": 0.0}","{""class_match"": 1.0, ""properties"": 1.0}","{""per_pair"": [0.9504809759601774], ""n_gt"": 1, ""n_matched"": 1}",0.16
ROM-UPD-DIR-A-004,update,direct,0.9063499175303481,1.0,0.4714285714285714,0.7925928296529733,spec,True,3wxyd75Er8HBGYGI9jDteL,1,1,,0.05009555886499584,"{""delta_node_precision"": 1.0, ""delta_node_recall"": 1.0, ""delta_node_f1"": 1.0, ""delta_edge_precision"": 0.0, ""delta_edge_recall"": 0.0, ""delta_edge_f1"": 0.0, ""delta_topology_score"": 0.3}","{""class_match"": 1.0, ""properties"": 1.0}","{""per_pair"": [0.9063499175303481], ""n_gt"": 1, ""n_matched"": 1}",0.27
ROM-UPD-DIR-R-001,update,direct,0.9524414738185032,1.0,0.7319897959183673,0.8948104232456235,spec,True,2975y8FcXF2RDxYtSJf7rT,1,1,,34.340529632987455,"{""delta_node_precision"": 0.5, ""delta_node_recall"": 0.6666666666666666, ""delta_node_f1"": 0.5714285714285715, ""delta_edge_precision"": 0.8125, ""delta_edge_recall"": 0.9285714285714286, ""delta_edge_f1"": 0.8666666666666666, ""delta_topology_score"": 0.7780952380952381}","{""class_match"": 1.0, ""properties"": 1.0}","{""per_pair"": [0.9524414738185032], ""n_gt"": 1, ""n_matched"": 1}",148.92
ROM-UPD-DIR-R-002,update,direct,0.9589060783310778,1.0,0.0,0.652968692777026,spec,True,1fW7pzY$1E$uIfNS1NTuXH,1,1,,3.242941079195589,"{""delta_node_precision"": 0.0, ""delta_node_recall"": 0.0, ""delta_node_f1"": 0.0, ""delta_edge_precision"": 0.0, ""delta_edge_recall"": 0.0, ""delta_edge_f1"": 0.0, ""delta_topology_score"": 0.0}","{""class_match"": 1.0, ""properties"": 1.0}","{""per_pair"": [0.9589060783310778], ""n_gt"": 1, ""n_matched"": 1}",12.16
ROM-UPD-DIR-R-003,update,direct,0.9494915955314585,1.0,0.0,0.6498305318438194,spec,True,2pmk7OKR5DZuiLcSbvolRG,1,1,,1.133013813989237,"{""delta_node_precision"": 0.0, ""delta_node_recall"": 0.0, ""delta_node_f1"": 0.0, ""delta_edge_precision"": 0.0, ""delta_edge_recall"": 0.0, ""delta_edge_f1"": 0.0, ""delta_topology_score"": 0.0}","{""class_match"": 1.0, ""properties"": 1.0}","{""per_pair"": [0.9494915955314585], ""n_gt"": 1, ""n_matched"": 1}",5.33
ROM-UPD-DIR-R-004,update,direct,0.9141501085423765,1.0,1.0,0.9713833695141255,spec,True,1FTaCiZdnEZh_RpO3q0nGr,1,1,,1.239603027002886,"{""delta_node_precision"": 1.0, ""delta_node_recall"": 1.0, ""delta_node_f1"": 1.0, ""delta_edge_precision"": 1.0, ""delta_edge_recall"": 1.0, ""delta_edge_f1"": 1.0, ""delta_topology_score"": 1.0}","{""class_match"": 1.0, ""properties"": 1.0}","{""per_pair"": [0.9141501085423765], ""n_gt"": 1, ""n_matched"": 1}",4.72
ROM-UPD-SPA-A-001,update,spatial,0.9494026947404932,1.0,0.11326530612244898,0.6875560002876474,spec,True,10VmbDUP13YPWiYkMLgRpN,1,1,,0.01787687512114644,"{""delta_node_precision"": 0.0, ""delta_node_recall"": 0.0, ""delta_node_f1"": 0.0, ""delta_edge_precision"": 0.21428571428571427, ""delta_edge_recall"": 0.21428571428571427, ""delta_edge_f1"": 0.21428571428571427, ""delta_topology_score"": 0.15}","{""class_match"": 1.0, ""properties"": 1.0}","{""per_pair"": [0.9494026947404932], ""n_gt"": 1, ""n_matched"": 1}",0.13
ROM-UPD-SPA-A-002,update,spatial,0.9595173982526359,1.0,0.0,0.653172466084212,spec,True,1BXMVsL3b4YOpeNFnqRn3h,1,1,,0.02371263806708157,"{""delta_node_precision"": 0.0, ""delta_node_recall"": 0.0, ""delta_node_f1"": 0.0, ""delta_edge_precision"": 0.0, ""delta_edge_recall"": 0.0, ""delta_edge_f1"": 0.0, ""delta_topology_score"": 0.0}","{""class_match"": 1.0, ""properties"": 1.0}","{""per_pair"": [0.9595173982526359], ""n_gt"": 1, ""n_matched"": 1}",0.15
ROM-UPD-SPA-A-003,update,spatial,0.9504809759601774,1.0,0.0,0.6501603253200591,spec,True,0TdJ$TWoL2cAeMVD_4_n8b,1,1,,0.020908761071041226,"{""delta_node_precision"": 0.0, ""delta_node_recall"": 0.0, ""delta_node_f1"": 0.0, ""delta_edge_precision"": 0.0, ""delta_edge_recall"": 0.0, ""delta_edge_f1"": 0.0, ""delta_topology_score"": 0.0}","{""class_match"": 1.0, ""properties"": 1.0}","{""per_pair"": [0.9504809759601774], ""n_gt"": 1, ""n_matched"": 1}",0.16
ROM-UPD-SPA-A-004,update,spatial,0.9063499175303481,1.0,0.4714285714285714,0.7925928296529733,spec,True,3wxyd75Er8HBGYGI9jDteL,1,1,,0.02815919602289796,"{""delta_node_precision"": 1.0, ""delta_node_recall"": 1.0, ""delta_node_f1"": 1.0, ""delta_edge_precision"": 0.0, ""delta_edge_recall"": 0.0, ""delta_edge_f1"": 0.0, ""delta_topology_score"": 0.3}","{""class_match"": 1.0, ""properties"": 1.0}","{""per_pair"": [0.9063499175303481], ""n_gt"": 1, ""n_matched"": 1}",0.27
ROM-UPD-SPA-R-001,update,spatial,0.9524414738185032,1.0,0.0,0.6508138246061678,spec,True,2975y8FcXF2RDxYtSJf7rT,1,1,,16.257025367114693,"{""delta_node_precision"": 0.0, ""delta_node_recall"": 0.0, ""delta_node_f1"": 0.0, ""delta_edge_precision"": 0.0, ""delta_edge_recall"": 0.0, ""delta_edge_f1"": 0.0, ""delta_topology_score"": 0.0}","{""class_match"": 1.0, ""properties"": 1.0}","{""per_pair"": [0.9524414738185032], ""n_gt"": 1, ""n_matched"": 1}",148.92
ROM-UPD-SPA-R-002,update,spatial,0.9589060783310778,1.0,0.4654421768707483,0.8081160850672754,spec,True,1fW7pzY$1E$uIfNS1NTuXH,1,1,,1.1661672880873084,"{""delta_node_precision"": 0.4, ""delta_node_recall"": 0.4, ""delta_node_f1"": 0.4000000000000001, ""delta_edge_precision"": 0.5238095238095238, ""delta_edge_recall"": 0.5238095238095238, ""delta_edge_f1"": 0.5238095238095238, ""delta_topology_score"": 0.4866666666666667}","{""class_match"": 1.0, ""properties"": 1.0}","{""per_pair"": [0.9589060783310778], ""n_gt"": 1, ""n_matched"": 1}",12.16
ROM-UPD-SPA-R-003,update,spatial,0.9494915955314585,1.0,0.0,0.6498305318438194,spec,True,2pmk7OKR5DZuiLcSbvolRG,1,1,,0.5940055858809501,"{""delta_node_precision"": 0.0, ""delta_node_recall"": 0.0, ""delta_node_f1"": 0.0, ""delta_edge_precision"": 0.0, ""delta_edge_recall"": 0.0, ""delta_edge_f1"": 0.0, ""delta_topology_score"": 0.0}","{""class_match"": 1.0, ""properties"": 1.0}","{""per_pair"": [0.9494915955314585], ""n_gt"": 1, ""n_matched"": 1}",5.33
ROM-UPD-SPA-R-004,update,spatial,0.9141501085423765,1.0,1.0,0.9713833695141255,spec,True,1FTaCiZdnEZh_RpO3q0nGr,1,1,,0.6124248800333589,"{""delta_node_precision"": 1.0, ""delta_node_recall"": 1.0, ""delta_node_f1"": 1.0, ""delta_edge_precision"": 1.0, ""delta_edge_recall"": 1.0, ""delta_edge_f1"": 1.0, ""delta_topology_score"": 1.0}","{""class_match"": 1.0, ""properties"": 1.0}","{""per_pair"": [0.9141501085423765], ""n_gt"": 1, ""n_matched"": 1}",4.72
ROM-UPD-TOP-A-001,update,topological,0.9494026947404932,1.0,0.0,0.6498008982468311,spec,True,10VmbDUP13YPWiYkMLgRpN,1,1,,0.017383933998644352,"{""delta_node_precision"": 0.0, ""delta_node_recall"": 0.0, ""delta_node_f1"": 0.0, ""delta_edge_precision"": 0.0, ""delta_edge_recall"": 0.0, ""delta_edge_f1"": 0.0, ""delta_topology_score"": 0.0}","{""class_match"": 1.0, ""properties"": 1.0}","{""per_pair"": [0.9494026947404932], ""n_gt"": 1, ""n_matched"": 1}",0.13
ROM-UPD-TOP-A-002,update,topological,0.9595173982526359,1.0,0.0,0.653172466084212,spec,True,1BXMVsL3b4YOpeNFnqRn3h,1,1,,0.0220742910169065,"{""delta_node_precision"": 0.0, ""delta_node_recall"": 0.0, ""delta_node_f1"": 0.0, ""delta_edge_precision"": 0.0, ""delta_edge_recall"": 0.0, ""delta_edge_f1"": 0.0, ""delta_topology_score"": 0.0}","{""class_match"": 1.0, ""properties"": 1.0}","{""per_pair"": [0.9595173982526359], ""n_gt"": 1, ""n_matched"": 1}",0.15
ROM-UPD-TOP-A-003,update,topological,0.9503776949812798,1.0,0.4714285714285714,0.8072687554699504,spec,True,0TdJ$TWoL2cAeMVD_4_n8b,1,1,,0.020644857082515955,"{""delta_node_precision"": 1.0, ""delta_node_recall"": 1.0, ""delta_node_f1"": 1.0, ""delta_edge_precision"": 0.0, ""delta_edge_recall"": 0.0, ""delta_edge_f1"": 0.0, ""delta_topology_score"": 0.3}","{""class_match"": 1.0, ""properties"": 1.0}","{""per_pair"": [0.9503776949812798], ""n_gt"": 1, ""n_matched"": 1}",0.16
ROM-UPD-TOP-A-004,update,topological,0.9375805700773098,1.0,0.0,0.64586019002577,spec,True,3wxyd75Er8HBGYGI9jDteL,1,1,,0.02731144311837852,"{""delta_node_precision"": 0.0, ""delta_node_recall"": 0.0, ""delta_node_f1"": 0.0, ""delta_edge_precision"": 0.0, ""delta_edge_recall"": 0.0, ""delta_edge_f1"": 0.0, ""delta_topology_score"": 0.0}","{""class_match"": 1.0, ""properties"": 1.0}","{""per_pair"": [0.9375805700773098], ""n_gt"": 1, ""n_matched"": 1}",0.27
ROM-UPD-TOP-R-001,update,topological,0.9524414738185032,1.0,0.6050304332259219,0.852490635681475,spec,True,2975y8FcXF2RDxYtSJf7rT,1,1,,15.96610536891967,"{""delta_node_precision"": 1.0, ""delta_node_recall"": 0.3333333333333333, ""delta_node_f1"": 0.5, ""delta_edge_precision"": 1.0, ""delta_edge_recall"": 0.35714285714285715, ""delta_edge_f1"": 0.5263157894736842, ""delta_topology_score"": 0.5184210526315789}","{""class_match"": 1.0, ""properties"": 1.0}","{""per_pair"": [0.9524414738185032], ""n_gt"": 1, ""n_matched"": 1}",148.92
ROM-UPD-TOP-R-002,update,topological,0.0,0.0,0.0,0.0,spec,False,,1,0,,1.1882221151608974,"{""delta_node_precision"": 0.0, ""delta_node_recall"": 0.0, ""delta_node_f1"": 0.0, ""delta_edge_precision"": 0.0, ""delta_edge_recall"": 0.0, ""delta_edge_f1"": 0.0, ""delta_topology_score"": 0.0}","{""class_match"": 0.0, ""properties"": 0.0}","{""per_pair"": [0.0], ""n_gt"": 1, ""n_matched"": 0}",12.16
ROM-UPD-TOP-R-003,update,topological,0.9494915955314585,1.0,0.0,0.6498305318438194,spec,True,2pmk7OKR5DZuiLcSbvolRG,1,1,,0.5850410289131105,"{""delta_node_precision"": 0.0, ""delta_node_recall"": 0.0, ""delta_node_f1"": 0.0, ""delta_edge_precision"": 0.0, ""delta_edge_recall"": 0.0, ""delta_edge_f1"": 0.0, ""delta_topology_score"": 0.0}","{""class_match"": 1.0, ""properties"": 1.0}","{""per_pair"": [0.9494915955314585], ""n_gt"": 1, ""n_matched"": 1}",5.33
ROM-UPD-TOP-R-004,update,topological,0.9479787815855903,1.0,0.5285714285714286,0.8255167367190063,spec,True,1FTaCiZdnEZh_RpO3q0nGr,1,1,,0.5999143980443478,"{""delta_node_precision"": 0.0, ""delta_node_recall"": 0.0, ""delta_node_f1"": 0.0, ""delta_edge_precision"": 1.0, ""delta_edge_recall"": 1.0, ""delta_edge_f1"": 1.0, ""delta_topology_score"": 0.7}","{""class_match"": 1.0, ""properties"": 1.0}","{""per_pair"": [0.9479787815855903], ""n_gt"": 1, ""n_matched"": 1}",4.72
SLB-CRE-DIR-A-001,create,direct,0.9633329433329632,0.5,1.0,0.8211109811109877,diff,True,2knnofsGDBCvqv_FruWMML,1,1,,0.04807627107948065,"{""delta_node_precision"": 1.0, ""delta_node_recall"": 1.0, ""delta_node_f1"": 1.0, ""delta_edge_precision"": 1.0, ""delta_edge_recall"": 1.0, ""delta_edge_f1"": 1.0, ""delta_topology_score"": 1.0}","{""class_match"": 1.0, ""properties"": 0.0}","{""per_pair"": [0.9633329433329632], ""n_gt"": 1, ""n_matched"": 1}",0.12
SLB-CRE-DIR-A-002,create,direct,0.9629497525246271,0.5,1.0,0.8209832508415423,diff,True,1GyFpj6hT2dBS_EvHUn3RX,1,1,,0.028169533936306834,"{""delta_node_precision"": 1.0, ""delta_node_recall"": 1.0, ""delta_node_f1"": 1.0, ""delta_edge_precision"": 1.0, ""delta_edge_recall"": 1.0, ""delta_edge_f1"": 1.0, ""delta_topology_score"": 1.0}","{""class_match"": 1.0, ""properties"": 0.0}","{""per_pair"": [0.9629497525246271], ""n_gt"": 1, ""n_matched"": 1}",0.4
SLB-CRE-DIR-A-003,create,direct,0.9625868337729887,0.5,0.42913832199546487,0.6305750519228179,diff,True,3zKzc6DBjFZ8ZktZIkbfMA,1,1,,0.019607316004112363,"{""delta_node_precision"": 0.3333333333333333, ""delta_node_recall"": 1.0, ""delta_node_f1"": 0.5, ""delta_edge_precision"": 0.14285714285714285, ""delta_edge_recall"": 0.5, ""delta_edge_f1"": 0.22222222222222224, ""delta_topology_score"": 0.3055555555555556}","{""class_match"": 1.0, ""properties"": 0.0}","{""per_pair"": [0.9625868337729887], ""n_gt"": 1, ""n_matched"": 1}",0.02
SLB-CRE-DIR-A-004,create,direct,0.9657275921442371,0.5,1.0,0.8219091973814123,diff,True,0mnkclWCv4Q8kdmD$tXRV9,1,1,,0.02844648901373148,"{""delta_node_precision"": 1.0, ""delta_node_recall"": 1.0, ""delta_node_f1"": 1.0, ""delta_edge_precision"": 1.0, ""delta_edge_recall"": 1.0, ""delta_edge_f1"": 1.0, ""delta_topology_score"": 1.0}","{""class_match"": 1.0, ""properties"": 0.0}","{""per_pair"": [0.9657275921442371], ""n_gt"": 1, ""n_matched"": 1}",0.03
SLB-CRE-DIR-R-001,create,direct,0.9691851250211574,0.5,1.0,0.8230617083403858,diff,True,1VyRCp3_nEAx2Dnbfw_GX8,1,1,,4.006197846028954,"{""delta_node_precision"": 1.0, ""delta_node_recall"": 1.0, ""delta_node_f1"": 1.0, ""delta_edge_precision"": 1.0, ""delta_edge_recall"": 1.0, ""delta_edge_f1"": 1.0, ""delta_topology_score"": 1.0}","{""class_match"": 1.0, ""properties"": 0.0}","{""per_pair"": [0.9691851250211574], ""n_gt"": 1, ""n_matched"": 1}",21.45
SLB-CRE-DIR-R-002,create,direct,0.9653321732223116,0.5,1.0,0.8217773910741039,diff,True,1SzFEHEN50KwZc_S4t75nZ,1,1,,25.78072341508232,"{""delta_node_precision"": 1.0, ""delta_node_recall"": 1.0, ""delta_node_f1"": 1.0, ""delta_edge_precision"": 1.0, ""delta_edge_recall"": 1.0, ""delta_edge_f1"": 1.0, ""delta_topology_score"": 1.0}","{""class_match"": 1.0, ""properties"": 0.0}","{""per_pair"": [0.9653321732223116], ""n_gt"": 1, ""n_matched"": 1}",154.67
SLB-CRE-DIR-R-003,create,direct,0.9631998671107888,0.5,1.0,0.821066622370263,diff,True,10fP32pOLEbuj4FQi7IOrI,1,1,,0.9579498930834234,"{""delta_node_precision"": 1.0, ""delta_node_recall"": 1.0, ""delta_node_f1"": 1.0, ""delta_edge_precision"": 1.0, ""delta_edge_recall"": 1.0, ""delta_edge_f1"": 1.0, ""delta_topology_score"": 1.0}","{""class_match"": 1.0, ""properties"": 0.0}","{""per_pair"": [0.9631998671107888], ""n_gt"": 1, ""n_matched"": 1}",5.33
SLB-CRE-DIR-R-004,create,direct,0.9656878094731517,0.5,1.0,0.8218959364910505,diff,True,3nHVkvmrr1ivXLLkDkNn6y,1,1,,0.7118635680526495,"{""delta_node_precision"": 1.0, ""delta_node_recall"": 1.0, ""delta_node_f1"": 1.0, ""delta_edge_precision"": 1.0, ""delta_edge_recall"": 1.0, ""delta_edge_f1"": 1.0, ""delta_topology_score"": 1.0}","{""class_match"": 1.0, ""properties"": 0.0}","{""per_pair"": [0.9656878094731517], ""n_gt"": 1, ""n_matched"": 1}",4.73
SLB-CRE-SPA-A-001,create,spatial,0.0,0.0,0.0,0.0,diff,False,,1,0,,0.008034072117879987,"{""delta_node_precision"": 0.0, ""delta_node_recall"": 0.0, ""delta_node_f1"": 0.0, ""delta_edge_precision"": 0.0, ""delta_edge_recall"": 0.0, ""delta_edge_f1"": 0.0, ""delta_topology_score"": 0.0}","{""class_match"": 0.0, ""properties"": 0.0}","{""per_pair"": [0.0], ""n_gt"": 1, ""n_matched"": 0}",0.12
SLB-CRE-SPA-A-002,create,spatial,0.0,0.0,0.0,0.0,diff,False,,1,0,,0.020756213925778866,"{""delta_node_precision"": 0.0, ""delta_node_recall"": 0.0, ""delta_node_f1"": 0.0, ""delta_edge_precision"": 0.0, ""delta_edge_recall"": 0.0, ""delta_edge_f1"": 0.0, ""delta_topology_score"": 0.0}","{""class_match"": 0.0, ""properties"": 0.0}","{""per_pair"": [0.0], ""n_gt"": 1, ""n_matched"": 0}",0.4
SLB-CRE-SPA-A-003,create,spatial,0.0,0.0,0.0,0.0,diff,False,,1,0,,0.0026448031421750784,"{""delta_node_precision"": 0.0, ""delta_node_recall"": 0.0, ""delta_node_f1"": 0.0, ""delta_edge_precision"": 0.0, ""delta_edge_recall"": 0.0, ""delta_edge_f1"": 0.0, ""delta_topology_score"": 0.0}","{""class_match"": 0.0, ""properties"": 0.0}","{""per_pair"": [0.0], ""n_gt"": 1, ""n_matched"": 0}",0.02
SLB-CRE-SPA-A-004,create,spatial,0.0,0.0,0.0,0.0,diff,False,,1,0,,0.005383447976782918,"{""delta_node_precision"": 0.0, ""delta_node_recall"": 0.0, ""delta_node_f1"": 0.0, ""delta_edge_precision"": 0.0, ""delta_edge_recall"": 0.0, ""delta_edge_f1"": 0.0, ""delta_topology_score"": 0.0}","{""class_match"": 0.0, ""properties"": 0.0}","{""per_pair"": [0.0], ""n_gt"": 1, ""n_matched"": 0}",0.03
SLB-CRE-SPA-R-001,create,spatial,0.0,0.0,0.0,0.0,diff,False,,1,0,,1.7643718461040407,"{""delta_node_precision"": 0.0, ""delta_node_recall"": 0.0, ""delta_node_f1"": 0.0, ""delta_edge_precision"": 0.0, ""delta_edge_recall"": 0.0, ""delta_edge_f1"": 0.0, ""delta_topology_score"": 0.0}","{""class_match"": 0.0, ""properties"": 0.0}","{""per_pair"": [0.0], ""n_gt"": 1, ""n_matched"": 0}",21.45
SLB-CRE-SPA-R-002,create,spatial,0.0,0.0,0.0,0.0,diff,False,,1,0,,11.484626806108281,"{""delta_node_precision"": 0.0, ""delta_node_recall"": 0.0, ""delta_node_f1"": 0.0, ""delta_edge_precision"": 0.0, ""delta_edge_recall"": 0.0, ""delta_edge_f1"": 0.0, ""delta_topology_score"": 0.0}","{""class_match"": 0.0, ""properties"": 0.0}","{""per_pair"": [0.0], ""n_gt"": 1, ""n_matched"": 0}",154.67
SLB-CRE-SPA-R-003,create,spatial,0.0,0.0,0.0,0.0,diff,False,,1,0,,0.4748097809497267,"{""delta_node_precision"": 0.0, ""delta_node_recall"": 0.0, ""delta_node_f1"": 0.0, ""delta_edge_precision"": 0.0, ""delta_edge_recall"": 0.0, ""delta_edge_f1"": 0.0, ""delta_topology_score"": 0.0}","{""class_match"": 0.0, ""properties"": 0.0}","{""per_pair"": [0.0], ""n_gt"": 1, ""n_matched"": 0}",5.33
SLB-CRE-SPA-R-004,create,spatial,0.0,0.0,0.0,0.0,diff,False,,1,0,,0.381853582104668,"{""delta_node_precision"": 0.0, ""delta_node_recall"": 0.0, ""delta_node_f1"": 0.0, ""delta_edge_precision"": 0.0, ""delta_edge_recall"": 0.0, ""delta_edge_f1"": 0.0, ""delta_topology_score"": 0.0}","{""class_match"": 0.0, ""properties"": 0.0}","{""per_pair"": [0.0], ""n_gt"": 1, ""n_matched"": 0}",4.73
SLB-CRE-TOP-A-001,create,topological,0.0,0.0,0.0,0.0,diff,False,,1,0,,0.009764254093170166,"{""delta_node_precision"": 0.0, ""delta_node_recall"": 0.0, ""delta_node_f1"": 0.0, ""delta_edge_precision"": 0.0, ""delta_edge_recall"": 0.0, ""delta_edge_f1"": 0.0, ""delta_topology_score"": 0.0}","{""class_match"": 0.0, ""properties"": 0.0}","{""per_pair"": [0.0], ""n_gt"": 1, ""n_matched"": 0}",0.12
SLB-CRE-TOP-A-002,create,topological,0.0,0.0,0.0,0.0,diff,False,,1,0,,0.020536609925329685,"{""delta_node_precision"": 0.0, ""delta_node_recall"": 0.0, ""delta_node_f1"": 0.0, ""delta_edge_precision"": 0.0, ""delta_edge_recall"": 0.0, ""delta_edge_f1"": 0.0, ""delta_topology_score"": 0.0}","{""class_match"": 0.0, ""properties"": 0.0}","{""per_pair"": [0.0], ""n_gt"": 1, ""n_matched"": 0}",0.4
SLB-CRE-TOP-A-003,create,topological,0.0,0.0,0.0,0.0,diff,False,,1,0,,0.0024159858003258705,"{""delta_node_precision"": 0.0, ""delta_node_recall"": 0.0, ""delta_node_f1"": 0.0, ""delta_edge_precision"": 0.0, ""delta_edge_recall"": 0.0, ""delta_edge_f1"": 0.0, ""delta_topology_score"": 0.0}","{""class_match"": 0.0, ""properties"": 0.0}","{""per_pair"": [0.0], ""n_gt"": 1, ""n_matched"": 0}",0.02
SLB-CRE-TOP-A-004,create,topological,0.9657275921442549,0.5,0.4714285714285714,0.6457187211909421,diff,True,1qkthru_H88g3YA2n4F1cZ,1,1,,0.016255234833806753,"{""delta_node_precision"": 1.0, ""delta_node_recall"": 1.0, ""delta_node_f1"": 1.0, ""delta_edge_precision"": 0.0, ""delta_edge_recall"": 0.0, ""delta_edge_f1"": 0.0, ""delta_topology_score"": 0.3}","{""class_match"": 1.0, ""properties"": 0.0}","{""per_pair"": [0.9657275921442549], ""n_gt"": 1, ""n_matched"": 1}",0.03
SLB-CRE-TOP-R-001,create,topological,0.0,0.0,0.0,0.0,diff,False,,1,0,,1.9194743691477925,"{""delta_node_precision"": 0.0, ""delta_node_recall"": 0.0, ""delta_node_f1"": 0.0, ""delta_edge_precision"": 0.0, ""delta_edge_recall"": 0.0, ""delta_edge_f1"": 0.0, ""delta_topology_score"": 0.0}","{""class_match"": 0.0, ""properties"": 0.0}","{""per_pair"": [0.0], ""n_gt"": 1, ""n_matched"": 0}",21.45
SLB-CRE-TOP-R-002,create,topological,0.0,0.0,0.0,0.0,diff,False,,1,0,,13.173814753070474,"{""delta_node_precision"": 0.0, ""delta_node_recall"": 0.0, ""delta_node_f1"": 0.0, ""delta_edge_precision"": 0.0, ""delta_edge_recall"": 0.0, ""delta_edge_f1"": 0.0, ""delta_topology_score"": 0.0}","{""class_match"": 0.0, ""properties"": 0.0}","{""per_pair"": [0.0], ""n_gt"": 1, ""n_matched"": 0}",154.67
SLB-CRE-TOP-R-003,create,topological,0.0,0.0,0.0,0.0,diff,False,,1,0,,0.489303293870762,"{""delta_node_precision"": 0.0, ""delta_node_recall"": 0.0, ""delta_node_f1"": 0.0, ""delta_edge_precision"": 0.0, ""delta_edge_recall"": 0.0, ""delta_edge_f1"": 0.0, ""delta_topology_score"": 0.0}","{""class_match"": 0.0, ""properties"": 0.0}","{""per_pair"": [0.0], ""n_gt"": 1, ""n_matched"": 0}",5.33
SLB-CRE-TOP-R-004,create,topological,0.0,0.0,0.0,0.0,diff,False,,1,0,,0.4053482520394027,"{""delta_node_precision"": 0.0, ""delta_node_recall"": 0.0, ""delta_node_f1"": 0.0, ""delta_edge_precision"": 0.0, ""delta_edge_recall"": 0.0, ""delta_edge_f1"": 0.0, ""delta_topology_score"": 0.0}","{""class_match"": 0.0, ""properties"": 0.0}","{""per_pair"": [0.0], ""n_gt"": 1, ""n_matched"": 0}",4.73
SLB-DEL-DIR-A-001,delete,direct,1.0,0.0,1.0,0.6666666666666666,spec,True,,1,1,,0.060691240010783076,"{""delta_node_precision"": 1.0, ""delta_node_recall"": 1.0, ""delta_node_f1"": 1.0, ""delta_edge_precision"": 1.0, ""delta_edge_recall"": 1.0, ""delta_edge_f1"": 1.0, ""delta_topology_score"": 1.0}","{""class_match"": 0.0, ""properties"": 0.0}","{""per_pair"": [1.0], ""n_gt"": 1, ""n_matched"": 1}",0.12
SLB-DEL-DIR-A-002,delete,direct,1.0,0.0,1.0,0.6666666666666666,spec,True,,1,1,,0.058345441007986665,"{""delta_node_precision"": 1.0, ""delta_node_recall"": 1.0, ""delta_node_f1"": 1.0, ""delta_edge_precision"": 1.0, ""delta_edge_recall"": 1.0, ""delta_edge_f1"": 1.0, ""delta_topology_score"": 1.0}","{""class_match"": 0.0, ""properties"": 0.0}","{""per_pair"": [1.0], ""n_gt"": 1, ""n_matched"": 1}",0.4
SLB-DEL-DIR-A-003,delete,direct,1.0,0.0,0.5193877551020408,0.5064625850340136,spec,True,,1,1,,25.882086195982993,"{""delta_node_precision"": 0.3333333333333333, ""delta_node_recall"": 1.0, ""delta_node_f1"": 0.5, ""delta_edge_precision"": 0.16666666666666666, ""delta_edge_recall"": 1.0, ""delta_edge_f1"": 0.2857142857142857, ""delta_topology_score"": 0.35}","{""class_match"": 0.0, ""properties"": 0.0}","{""per_pair"": [1.0], ""n_gt"": 1, ""n_matched"": 1}",0.12
SLB-DEL-DIR-A-004,delete,direct,0.0,1.0,0.0,0.3333333333333333,spec,False,,1,0,,0.010933710029348731,"{""delta_node_precision"": 0.0, ""delta_node_recall"": 0.0, ""delta_node_f1"": 0.0, ""delta_edge_precision"": 0.0, ""delta_edge_recall"": 0.0, ""delta_edge_f1"": 0.0, ""delta_topology_score"": 0.0}","{""class_match"": 1.0, ""properties"": 1.0}","{""per_pair"": [0.0], ""n_gt"": 1, ""n_matched"": 0}",0.03
SLB-DEL-DIR-R-001,delete,direct,1.0,0.0,1.0,0.6666666666666666,spec,True,,1,1,,1.9712031311355531,"{""delta_node_precision"": 1.0, ""delta_node_recall"": 1.0, ""delta_node_f1"": 1.0, ""delta_edge_precision"": 1.0, ""delta_edge_recall"": 1.0, ""delta_edge_f1"": 1.0, ""delta_topology_score"": 1.0}","{""class_match"": 0.0, ""properties"": 0.0}","{""per_pair"": [1.0], ""n_gt"": 1, ""n_matched"": 1}",21.45
SLB-DEL-DIR-R-002,delete,direct,1.0,0.0,1.0,0.6666666666666666,spec,True,,1,1,,30.758125979918987,"{""delta_node_precision"": 1.0, ""delta_node_recall"": 1.0, ""delta_node_f1"": 1.0, ""delta_edge_precision"": 1.0, ""delta_edge_recall"": 1.0, ""delta_edge_f1"": 1.0, ""delta_topology_score"": 1.0}","{""class_match"": 0.0, ""properties"": 0.0}","{""per_pair"": [1.0], ""n_gt"": 1, ""n_matched"": 1}",157.78
SLB-DEL-DIR-R-003,delete,direct,1.0,0.0,1.0,0.6666666666666666,spec,True,,1,1,,1.1234611489344388,"{""delta_node_precision"": 1.0, ""delta_node_recall"": 1.0, ""delta_node_f1"": 1.0, ""delta_edge_precision"": 1.0, ""delta_edge_recall"": 1.0, ""delta_edge_f1"": 1.0, ""delta_topology_score"": 1.0}","{""class_match"": 0.0, ""properties"": 0.0}","{""per_pair"": [1.0], ""n_gt"": 1, ""n_matched"": 1}",5.33
SLB-DEL-DIR-R-004,delete,direct,1.0,0.0,0.4018184196755626,0.4672728065585208,spec,True,,1,1,,1.884700661059469,"{""delta_node_precision"": 0.14285714285714285, ""delta_node_recall"": 1.0, ""delta_node_f1"": 0.25, ""delta_edge_precision"": 0.08333333333333333, ""delta_edge_recall"": 1.0, ""delta_edge_f1"": 0.15384615384615385, ""delta_topology_score"": 0.1826923076923077}","{""class_match"": 0.0, ""properties"": 0.0}","{""per_pair"": [1.0], ""n_gt"": 1, ""n_matched"": 1}",4.73
SLB-DEL-SPA-A-001,delete,spatial,0.0,1.0,0.0,0.3333333333333333,spec,False,,1,0,,0.012746922904625535,"{""delta_node_precision"": 0.0, ""delta_node_recall"": 0.0, ""delta_node_f1"": 0.0, ""delta_edge_precision"": 0.0, ""delta_edge_recall"": 0.0, ""delta_edge_f1"": 0.0, ""delta_topology_score"": 0.0}","{""class_match"": 1.0, ""properties"": 1.0}","{""per_pair"": [0.0], ""n_gt"": 1, ""n_matched"": 0}",0.12
SLB-DEL-SPA-A-002,delete,spatial,0.0,1.0,0.0,0.3333333333333333,spec,False,,1,0,,0.023779270006343722,"{""delta_node_precision"": 0.0, ""delta_node_recall"": 0.0, ""delta_node_f1"": 0.0, ""delta_edge_precision"": 0.0, ""delta_edge_recall"": 0.0, ""delta_edge_f1"": 0.0, ""delta_topology_score"": 0.0}","{""class_match"": 1.0, ""properties"": 1.0}","{""per_pair"": [0.0], ""n_gt"": 1, ""n_matched"": 0}",0.4
SLB-DEL-SPA-A-003,delete,spatial,0.0,1.0,0.0,0.3333333333333333,spec,False,,1,0,,0.2410405338741839,"{""delta_node_precision"": 0.0, ""delta_node_recall"": 0.0, ""delta_node_f1"": 0.0, ""delta_edge_precision"": 0.0, ""delta_edge_recall"": 0.0, ""delta_edge_f1"": 0.0, ""delta_topology_score"": 0.0}","{""class_match"": 1.0, ""properties"": 1.0}","{""per_pair"": [0.0], ""n_gt"": 1, ""n_matched"": 0}",0.12
SLB-DEL-SPA-A-004,delete,spatial,0.0,1.0,0.0,0.3333333333333333,spec,False,,1,0,,0.004111872985959053,"{""delta_node_precision"": 0.0, ""delta_node_recall"": 0.0, ""delta_node_f1"": 0.0, ""delta_edge_precision"": 0.0, ""delta_edge_recall"": 0.0, ""delta_edge_f1"": 0.0, ""delta_topology_score"": 0.0}","{""class_match"": 1.0, ""properties"": 1.0}","{""per_pair"": [0.0], ""n_gt"": 1, ""n_matched"": 0}",0.03
SLB-DEL-SPA-R-001,delete,spatial,0.0,1.0,0.0,0.3333333333333333,spec,False,,1,0,,2.061738384189084,"{""delta_node_precision"": 0.0, ""delta_node_recall"": 0.0, ""delta_node_f1"": 0.0, ""delta_edge_precision"": 0.0, ""delta_edge_recall"": 0.0, ""delta_edge_f1"": 0.0, ""delta_topology_score"": 0.0}","{""class_match"": 1.0, ""properties"": 1.0}","{""per_pair"": [0.0], ""n_gt"": 1, ""n_matched"": 0}",21.45
SLB-DEL-SPA-R-002,delete,spatial,0.0,1.0,0.0,0.3333333333333333,spec,False,,1,0,,18.252043021842837,"{""delta_node_precision"": 0.0, ""delta_node_recall"": 0.0, ""delta_node_f1"": 0.0, ""delta_edge_precision"": 0.0, ""delta_edge_recall"": 0.0, ""delta_edge_f1"": 0.0, ""delta_topology_score"": 0.0}","{""class_match"": 1.0, ""properties"": 1.0}","{""per_pair"": [0.0], ""n_gt"": 1, ""n_matched"": 0}",157.78
SLB-DEL-SPA-R-003,delete,spatial,0.0,1.0,0.0,0.3333333333333333,spec,False,,1,0,,0.5641476521268487,"{""delta_node_precision"": 0.0, ""delta_node_recall"": 0.0, ""delta_node_f1"": 0.0, ""delta_edge_precision"": 0.0, ""delta_edge_recall"": 0.0, ""delta_edge_f1"": 0.0, ""delta_topology_score"": 0.0}","{""class_match"": 1.0, ""properties"": 1.0}","{""per_pair"": [0.0], ""n_gt"": 1, ""n_matched"": 0}",5.33
SLB-DEL-SPA-R-004,delete,spatial,0.0,1.0,0.0,0.3333333333333333,spec,False,,1,0,,0.6050763740204275,"{""delta_node_precision"": 0.0, ""delta_node_recall"": 0.0, ""delta_node_f1"": 0.0, ""delta_edge_precision"": 0.0, ""delta_edge_recall"": 0.0, ""delta_edge_f1"": 0.0, ""delta_topology_score"": 0.0}","{""class_match"": 1.0, ""properties"": 1.0}","{""per_pair"": [0.0], ""n_gt"": 1, ""n_matched"": 0}",4.73
SLB-DEL-TOP-A-001,delete,topological,1.0,0.0,1.0,0.6666666666666666,spec,True,,1,1,,0.009016664931550622,"{""delta_node_precision"": 1.0, ""delta_node_recall"": 1.0, ""delta_node_f1"": 1.0, ""delta_edge_precision"": 1.0, ""delta_edge_recall"": 1.0, ""delta_edge_f1"": 1.0, ""delta_topology_score"": 1.0}","{""class_match"": 0.0, ""properties"": 0.0}","{""per_pair"": [1.0], ""n_gt"": 1, ""n_matched"": 1}",0.12
SLB-DEL-TOP-A-002,delete,topological,1.0,0.0,1.0,0.6666666666666666,spec,True,,1,1,,0.022959660971537232,"{""delta_node_precision"": 1.0, ""delta_node_recall"": 1.0, ""delta_node_f1"": 1.0, ""delta_edge_precision"": 1.0, ""delta_edge_recall"": 1.0, ""delta_edge_f1"": 1.0, ""delta_topology_score"": 1.0}","{""class_match"": 0.0, ""properties"": 0.0}","{""per_pair"": [1.0], ""n_gt"": 1, ""n_matched"": 1}",0.4
SLB-DEL-TOP-A-003,delete,topological,0.0,1.0,0.0,0.3333333333333333,spec,False,,1,0,,0.026780453976243734,"{""delta_node_precision"": 0.0, ""delta_node_recall"": 0.0, ""delta_node_f1"": 0.0, ""delta_edge_precision"": 0.0, ""delta_edge_recall"": 0.0, ""delta_edge_f1"": 0.0, ""delta_topology_score"": 0.0}","{""class_match"": 1.0, ""properties"": 1.0}","{""per_pair"": [0.0], ""n_gt"": 1, ""n_matched"": 0}",0.12
SLB-DEL-TOP-A-004,delete,topological,1.0,0.0,1.0,0.6666666666666666,spec,True,,1,1,,0.0026836569886654615,"{""delta_node_precision"": 1.0, ""delta_node_recall"": 1.0, ""delta_node_f1"": 1.0, ""delta_edge_precision"": 1.0, ""delta_edge_recall"": 1.0, ""delta_edge_f1"": 1.0, ""delta_topology_score"": 1.0}","{""class_match"": 0.0, ""properties"": 0.0}","{""per_pair"": [1.0], ""n_gt"": 1, ""n_matched"": 1}",0.03
SLB-DEL-TOP-R-001,delete,topological,0.0,1.0,0.0,0.3333333333333333,spec,False,,1,0,,2.0536430729553103,"{""delta_node_precision"": 0.0, ""delta_node_recall"": 0.0, ""delta_node_f1"": 0.0, ""delta_edge_precision"": 0.0, ""delta_edge_recall"": 0.0, ""delta_edge_f1"": 0.0, ""delta_topology_score"": 0.0}","{""class_match"": 1.0, ""properties"": 1.0}","{""per_pair"": [0.0], ""n_gt"": 1, ""n_matched"": 0}",21.45
SLB-DEL-TOP-R-002,delete,topological,0.0,1.0,0.0,0.3333333333333333,spec,False,,1,0,,17.240678175119683,"{""delta_node_precision"": 0.0, ""delta_node_recall"": 0.0, ""delta_node_f1"": 0.0, ""delta_edge_precision"": 0.0, ""delta_edge_recall"": 0.0, ""delta_edge_f1"": 0.0, ""delta_topology_score"": 0.0}","{""class_match"": 1.0, ""properties"": 1.0}","{""per_pair"": [0.0], ""n_gt"": 1, ""n_matched"": 0}",157.78
SLB-DEL-TOP-R-003,delete,topological,0.0,1.0,0.0,0.3333333333333333,spec,False,,1,0,,0.5548572598490864,"{""delta_node_precision"": 0.0, ""delta_node_recall"": 0.0, ""delta_node_f1"": 0.0, ""delta_edge_precision"": 0.0, ""delta_edge_recall"": 0.0, ""delta_edge_f1"": 0.0, ""delta_topology_score"": 0.0}","{""class_match"": 1.0, ""properties"": 1.0}","{""per_pair"": [0.0], ""n_gt"": 1, ""n_matched"": 0}",5.33
SLB-DEL-TOP-R-004,delete,topological,1.0,0.0,0.44801587301587303,0.48267195767195764,spec,True,,1,1,,0.573889979859814,"{""delta_node_precision"": 0.2, ""delta_node_recall"": 1.0, ""delta_node_f1"": 0.33333333333333337, ""delta_edge_precision"": 0.125, ""delta_edge_recall"": 1.0, ""delta_edge_f1"": 0.2222222222222222, ""delta_topology_score"": 0.25555555555555554}","{""class_match"": 0.0, ""properties"": 0.0}","{""per_pair"": [1.0], ""n_gt"": 1, ""n_matched"": 1}",4.73
SLB-UPD-DIR-A-001,update,direct,0.0,0.0,0.0,0.0,spec,False,,1,0,,0.03158768895082176,"{""delta_node_precision"": 0.0, ""delta_node_recall"": 0.0, ""delta_node_f1"": 0.0, ""delta_edge_precision"": 0.0, ""delta_edge_recall"": 0.0, ""delta_edge_f1"": 0.0, ""delta_topology_score"": 0.0}","{""class_match"": 0.0, ""properties"": 0.0}","{""per_pair"": [0.0], ""n_gt"": 1, ""n_matched"": 0}",0.12
SLB-UPD-DIR-A-002,update,direct,0.9621596423866867,1.0,1.0,0.9873865474622289,spec,True,11kJIqz$n2Jf_DfJV1SCVP,1,1,,0.052704385947436094,"{""delta_node_precision"": 1.0, ""delta_node_recall"": 1.0, ""delta_node_f1"": 1.0, ""delta_edge_precision"": 1.0, ""delta_edge_recall"": 1.0, ""delta_edge_f1"": 1.0, ""delta_topology_score"": 1.0}","{""class_match"": 1.0, ""properties"": 1.0}","{""per_pair"": [0.9621596423866867], ""n_gt"": 1, ""n_matched"": 1}",0.4
SLB-UPD-DIR-A-003,update,direct,0.9115342587266977,0.7222222222222222,1.0,0.8779188269829733,spec,True,1YFesBujH2gOEC_rLPiADs,1,1,,0.01703203679062426,"{""delta_node_precision"": 1.0, ""delta_node_recall"": 1.0, ""delta_node_f1"": 1.0, ""delta_edge_precision"": 1.0, ""delta_edge_recall"": 1.0, ""delta_edge_f1"": 1.0, ""delta_topology_score"": 1.0}","{""class_match"": 1.0, ""properties"": 0.4444444444444444}","{""per_pair"": [0.9115342587266977], ""n_gt"": 1, ""n_matched"": 1}",0.04
SLB-UPD-DIR-A-004,update,direct,0.0,0.0,0.0,0.0,spec,False,,1,0,,0.18332585296593606,"{""delta_node_precision"": 0.0, ""delta_node_recall"": 0.0, ""delta_node_f1"": 0.0, ""delta_edge_precision"": 0.0, ""delta_edge_recall"": 0.0, ""delta_edge_f1"": 0.0, ""delta_topology_score"": 0.0}","{""class_match"": 0.0, ""properties"": 0.0}","{""per_pair"": [0.0], ""n_gt"": 1, ""n_matched"": 0}",0.05
SLB-UPD-DIR-R-001,update,direct,0.9689220489740428,1.0,1.0,0.9896406829913476,spec,True,0bqRrMdOXEnON1o90BM2ec,1,1,,3.885585827054456,"{""delta_node_precision"": 1.0, ""delta_node_recall"": 1.0, ""delta_node_f1"": 1.0, ""delta_edge_precision"": 1.0, ""delta_edge_recall"": 1.0, ""delta_edge_f1"": 1.0, ""delta_topology_score"": 1.0}","{""class_match"": 1.0, ""properties"": 1.0}","{""per_pair"": [0.9689220489740428], ""n_gt"": 1, ""n_matched"": 1}",21.45
SLB-UPD-DIR-R-002,update,direct,0.9627942520400206,1.0,1.0,0.9875980840133401,spec,True,3o2OEZ4R1CNe$4DSxkxEcZ,1,1,,27.857167336158454,"{""delta_node_precision"": 1.0, ""delta_node_recall"": 1.0, ""delta_node_f1"": 1.0, ""delta_edge_precision"": 1.0, ""delta_edge_recall"": 1.0, ""delta_edge_f1"": 1.0, ""delta_topology_score"": 1.0}","{""class_match"": 1.0, ""properties"": 1.0}","{""per_pair"": [0.9627942520400206], ""n_gt"": 1, ""n_matched"": 1}",154.68
SLB-UPD-DIR-R-003,update,direct,0.910810148646929,0.7,1.0,0.8702700495489762,spec,True,00yrLiRn90MQI8Q5LMWRQP,1,1,,1.1152786780148745,"{""delta_node_precision"": 1.0, ""delta_node_recall"": 1.0, ""delta_node_f1"": 1.0, ""delta_edge_precision"": 1.0, ""delta_edge_recall"": 1.0, ""delta_edge_f1"": 1.0, ""delta_topology_score"": 1.0}","{""class_match"": 1.0, ""properties"": 0.4}","{""per_pair"": [0.910810148646929], ""n_gt"": 1, ""n_matched"": 1}",5.33
SLB-UPD-DIR-R-004,update,direct,1.0,1.0,0.9038095238095237,0.9679365079365079,spec,True,1NdPj2psv3Pg$6d7CB_VNd,1,1,,1.170726808020845,"{""delta_node_precision"": 1.0, ""delta_node_recall"": 1.0, ""delta_node_f1"": 1.0, ""delta_edge_precision"": 1.0, ""delta_edge_recall"": 0.6666666666666666, ""delta_edge_f1"": 0.8, ""delta_topology_score"": 0.8599999999999999}","{""class_match"": 1.0, ""properties"": 1.0}","{""per_pair"": [1.0], ""n_gt"": 1, ""n_matched"": 1}",4.73
SLB-UPD-SPA-A-001,update,spatial,0.9606578587786939,1.0,0.5285714285714286,0.8297430957833741,spec,True,0okaGdY4n1xulccRQajp6C,1,1,,0.0192016561049968,"{""delta_node_precision"": 0.0, ""delta_node_recall"": 0.0, ""delta_node_f1"": 0.0, ""delta_edge_precision"": 1.0, ""delta_edge_recall"": 1.0, ""delta_edge_f1"": 1.0, ""delta_topology_score"": 0.7}","{""class_match"": 1.0, ""properties"": 1.0}","{""per_pair"": [0.9606578587786939], ""n_gt"": 1, ""n_matched"": 1}",0.12
SLB-UPD-SPA-A-002,update,spatial,0.9615854592465048,1.0,0.5285714285714286,0.8300522959393111,spec,True,11kJIqz$n2Jf_DfJV1SCVP,1,1,,0.03338718903250992,"{""delta_node_precision"": 0.0, ""delta_node_recall"": 0.0, ""delta_node_f1"": 0.0, ""delta_edge_precision"": 1.0, ""delta_edge_recall"": 1.0, ""delta_edge_f1"": 1.0, ""delta_topology_score"": 0.7}","{""class_match"": 1.0, ""properties"": 1.0}","{""per_pair"": [0.9615854592465048], ""n_gt"": 1, ""n_matched"": 1}",0.4
SLB-UPD-SPA-A-003,update,spatial,0.9115342587266977,0.7222222222222222,1.0,0.8779188269829733,spec,True,1YFesBujH2gOEC_rLPiADs,1,1,,0.01258885394781828,"{""delta_node_precision"": 1.0, ""delta_node_recall"": 1.0, ""delta_node_f1"": 1.0, ""delta_edge_precision"": 1.0, ""delta_edge_recall"": 1.0, ""delta_edge_f1"": 1.0, ""delta_topology_score"": 1.0}","{""class_match"": 1.0, ""properties"": 0.4444444444444444}","{""per_pair"": [0.9115342587266977], ""n_gt"": 1, ""n_matched"": 1}",0.04
SLB-UPD-SPA-A-004,update,spatial,0.0,0.0,0.0,0.0,spec,False,,1,0,,0.008919252082705498,"{""delta_node_precision"": 0.0, ""delta_node_recall"": 0.0, ""delta_node_f1"": 0.0, ""delta_edge_precision"": 0.0, ""delta_edge_recall"": 0.0, ""delta_edge_f1"": 0.0, ""delta_topology_score"": 0.0}","{""class_match"": 0.0, ""properties"": 0.0}","{""per_pair"": [0.0], ""n_gt"": 1, ""n_matched"": 0}",0.05
SLB-UPD-SPA-R-001,update,spatial,0.9687201824632978,1.0,1.0,0.9895733941544327,spec,True,0bqRrMdOXEnON1o90BM2ec,1,1,,2.0749293100088835,"{""delta_node_precision"": 1.0, ""delta_node_recall"": 1.0, ""delta_node_f1"": 1.0, ""delta_edge_precision"": 1.0, ""delta_edge_recall"": 1.0, ""delta_edge_f1"": 1.0, ""delta_topology_score"": 1.0}","{""class_match"": 1.0, ""properties"": 1.0}","{""per_pair"": [0.9687201824632978], ""n_gt"": 1, ""n_matched"": 1}",21.45
SLB-UPD-SPA-R-002,update,spatial,0.9637856463645916,1.0,0.5285714285714286,0.8307856916453401,spec,True,3o2OEZ4R1CNe$4DSxkxEcZ,1,1,,16.0212380529847,"{""delta_node_precision"": 0.0, ""delta_node_recall"": 0.0, ""delta_node_f1"": 0.0, ""delta_edge_precision"": 1.0, ""delta_edge_recall"": 1.0, ""delta_edge_f1"": 1.0, ""delta_topology_score"": 0.7}","{""class_match"": 1.0, ""properties"": 1.0}","{""per_pair"": [0.9637856463645916], ""n_gt"": 1, ""n_matched"": 1}",154.68
SLB-UPD-SPA-R-003,update,spatial,0.910810148646929,0.7,1.0,0.8702700495489762,spec,True,00yrLiRn90MQI8Q5LMWRQP,1,1,,0.5804271688684821,"{""delta_node_precision"": 1.0, ""delta_node_recall"": 1.0, ""delta_node_f1"": 1.0, ""delta_edge_precision"": 1.0, ""delta_edge_recall"": 1.0, ""delta_edge_f1"": 1.0, ""delta_topology_score"": 1.0}","{""class_match"": 1.0, ""properties"": 0.4}","{""per_pair"": [0.910810148646929], ""n_gt"": 1, ""n_matched"": 1}",5.33
SLB-UPD-SPA-R-004,update,spatial,0.0,0.0,0.0,0.0,spec,False,,1,0,,0.5793447960168123,"{""delta_node_precision"": 0.0, ""delta_node_recall"": 0.0, ""delta_node_f1"": 0.0, ""delta_edge_precision"": 0.0, ""delta_edge_recall"": 0.0, ""delta_edge_f1"": 0.0, ""delta_topology_score"": 0.0}","{""class_match"": 0.0, ""properties"": 0.0}","{""per_pair"": [0.0], ""n_gt"": 1, ""n_matched"": 0}",4.73
SLB-UPD-TOP-A-001,update,topological,0.9606578587786939,1.0,0.5285714285714286,0.8297430957833741,spec,True,0okaGdY4n1xulccRQajp6C,1,1,,0.021597532089799643,"{""delta_node_precision"": 0.0, ""delta_node_recall"": 0.0, ""delta_node_f1"": 0.0, ""delta_edge_precision"": 1.0, ""delta_edge_recall"": 1.0, ""delta_edge_f1"": 1.0, ""delta_topology_score"": 0.7}","{""class_match"": 1.0, ""properties"": 1.0}","{""per_pair"": [0.9606578587786939], ""n_gt"": 1, ""n_matched"": 1}",0.12
SLB-UPD-TOP-A-002,update,topological,0.9621596423866867,1.0,1.0,0.9873865474622289,spec,True,11kJIqz$n2Jf_DfJV1SCVP,1,1,,0.034834109945222735,"{""delta_node_precision"": 1.0, ""delta_node_recall"": 1.0, ""delta_node_f1"": 1.0, ""delta_edge_precision"": 1.0, ""delta_edge_recall"": 1.0, ""delta_edge_f1"": 1.0, ""delta_topology_score"": 1.0}","{""class_match"": 1.0, ""properties"": 1.0}","{""per_pair"": [0.9621596423866867], ""n_gt"": 1, ""n_matched"": 1}",0.4
SLB-UPD-TOP-A-003,update,topological,0.9559761301382973,0.7222222222222222,0.5285714285714286,0.735589926977316,spec,True,1YFesBujH2gOEC_rLPiADs,1,1,,0.012412045150995255,"{""delta_node_precision"": 0.0, ""delta_node_recall"": 0.0, ""delta_node_f1"": 0.0, ""delta_edge_precision"": 1.0, ""delta_edge_recall"": 1.0, ""delta_edge_f1"": 1.0, ""delta_topology_score"": 0.7}","{""class_match"": 1.0, ""properties"": 0.4444444444444444}","{""per_pair"": [0.9559761301382973], ""n_gt"": 1, ""n_matched"": 1}",0.04
SLB-UPD-TOP-A-004,update,topological,0.0,0.0,0.0,0.0,spec,False,,1,0,,0.0077046488877385855,"{""delta_node_precision"": 0.0, ""delta_node_recall"": 0.0, ""delta_node_f1"": 0.0, ""delta_edge_precision"": 0.0, ""delta_edge_recall"": 0.0, ""delta_edge_f1"": 0.0, ""delta_topology_score"": 0.0}","{""class_match"": 0.0, ""properties"": 0.0}","{""per_pair"": [0.0], ""n_gt"": 1, ""n_matched"": 0}",0.05
SLB-UPD-TOP-R-001,update,topological,0.9687201824632978,1.0,1.0,0.9895733941544327,spec,True,0bqRrMdOXEnON1o90BM2ec,1,1,,2.0965732608456165,"{""delta_node_precision"": 1.0, ""delta_node_recall"": 1.0, ""delta_node_f1"": 1.0, ""delta_edge_precision"": 1.0, ""delta_edge_recall"": 1.0, ""delta_edge_f1"": 1.0, ""delta_topology_score"": 1.0}","{""class_match"": 1.0, ""properties"": 1.0}","{""per_pair"": [0.9687201824632978], ""n_gt"": 1, ""n_matched"": 1}",21.45
SLB-UPD-TOP-R-002,update,topological,0.9637856463645916,1.0,0.5285714285714286,0.8307856916453401,spec,True,3o2OEZ4R1CNe$4DSxkxEcZ,1,1,,16.656495430972427,"{""delta_node_precision"": 0.0, ""delta_node_recall"": 0.0, ""delta_node_f1"": 0.0, ""delta_edge_precision"": 1.0, ""delta_edge_recall"": 1.0, ""delta_edge_f1"": 1.0, ""delta_topology_score"": 0.7}","{""class_match"": 1.0, ""properties"": 1.0}","{""per_pair"": [0.9637856463645916], ""n_gt"": 1, ""n_matched"": 1}",154.68
SLB-UPD-TOP-R-003,update,topological,0.957406241454486,0.7,0.5285714285714286,0.7286592233419715,spec,True,00yrLiRn90MQI8Q5LMWRQP,1,1,,0.5894336758647114,"{""delta_node_precision"": 0.0, ""delta_node_recall"": 0.0, ""delta_node_f1"": 0.0, ""delta_edge_precision"": 1.0, ""delta_edge_recall"": 1.0, ""delta_edge_f1"": 1.0, ""delta_topology_score"": 0.7}","{""class_match"": 1.0, ""properties"": 0.4}","{""per_pair"": [0.957406241454486], ""n_gt"": 1, ""n_matched"": 1}",5.33
SLB-UPD-TOP-R-004,update,topological,0.0,0.0,0.0,0.0,spec,False,,1,0,,0.570261396933347,"{""delta_node_precision"": 0.0, ""delta_node_recall"": 0.0, ""delta_node_f1"": 0.0, ""delta_edge_precision"": 0.0, ""delta_edge_recall"": 0.0, ""delta_edge_f1"": 0.0, ""delta_topology_score"": 0.0}","{""class_match"": 0.0, ""properties"": 0.0}","{""per_pair"": [0.0], ""n_gt"": 1, ""n_matched"": 0}",4.73
WAL-CRE-DIR-A-001,create,direct,0.9999999999999996,0.5,0.7885714285714285,0.7628571428571428,diff,True,06aI16EefB_Ar7E$EjNNuZ,1,1,,0.2785676170606166,"{""delta_node_precision"": 1.0, ""delta_node_recall"": 1.0, ""delta_node_f1"": 1.0, ""delta_edge_precision"": 0.6, ""delta_edge_recall"": 0.6, ""delta_edge_f1"": 0.6, ""delta_topology_score"": 0.72}","{""class_match"": 1.0, ""properties"": 0.0}","{""per_pair"": [0.9999999999999996], ""n_gt"": 1, ""n_matched"": 1}",0.41
WAL-CRE-DIR-A-002,create,direct,0.9999999999999996,0.5,0.8821428571428571,0.7940476190476189,diff,True,0au5GuHKj1DPkeQHXlCAqK,1,1,,0.02840056293644011,"{""delta_node_precision"": 1.0, ""delta_node_recall"": 1.0, ""delta_node_f1"": 1.0, ""delta_edge_precision"": 1.0, ""delta_edge_recall"": 0.6, ""delta_edge_f1"": 0.7499999999999999, ""delta_topology_score"": 0.825}","{""class_match"": 1.0, ""properties"": 0.0}","{""per_pair"": [0.9999999999999996], ""n_gt"": 1, ""n_matched"": 1}",0.4
WAL-CRE-DIR-A-003,create,direct,0.9999999999999991,0.5,0.7885714285714285,0.7628571428571425,diff,True,0x$1u_fub4Yh6T7cMIAjoi,1,1,,0.03121792897582054,"{""delta_node_precision"": 1.0, ""delta_node_recall"": 1.0, ""delta_node_f1"": 1.0, ""delta_edge_precision"": 0.6, ""delta_edge_recall"": 0.6, ""delta_edge_f1"": 0.6, ""delta_topology_score"": 0.72}","{""class_match"": 1.0, ""properties"": 0.0}","{""per_pair"": [0.9999999999999991], ""n_gt"": 1, ""n_matched"": 1}",0.11
WAL-CRE-DIR-A-004,create,direct,0.9619202608631288,0.5,0.6979591836734693,0.7199598148455326,diff,True,27px1gTuTFXv3F1Yx9GY9_,1,1,,0.01744955498725176,"{""delta_node_precision"": 1.0, ""delta_node_recall"": 1.0, ""delta_node_f1"": 1.0, ""delta_edge_precision"": 0.42857142857142855, ""delta_edge_recall"": 0.42857142857142855, ""delta_edge_f1"": 0.42857142857142855, ""delta_topology_score"": 0.6}","{""class_match"": 1.0, ""properties"": 0.0}","{""per_pair"": [0.9619202608631288], ""n_gt"": 1, ""n_matched"": 1}",0.03
WAL-CRE-DIR-R-001,create,direct,0.9614253334402157,0.5,0.8942857142857142,0.7852370159086433,diff,True,1ZbPeWTZ56jP2$9T9HwKXJ,1,1,,34.2026580539532,"{""delta_node_precision"": 1.0, ""delta_node_recall"": 1.0, ""delta_node_f1"": 1.0, ""delta_edge_precision"": 0.8, ""delta_edge_recall"": 0.8, ""delta_edge_f1"": 0.8000000000000002, ""delta_topology_score"": 0.8600000000000001}","{""class_match"": 1.0, ""properties"": 0.0}","{""per_pair"": [0.9614253334402157], ""n_gt"": 1, ""n_matched"": 1}",224.95
WAL-CRE-DIR-R-002,create,direct,0.0,0.0,0.0,0.0,diff,False,,1,0,,8.23481038515456,"{""delta_node_precision"": 0.0, ""delta_node_recall"": 0.0, ""delta_node_f1"": 0.0, ""delta_edge_precision"": 0.0, ""delta_edge_recall"": 0.0, ""delta_edge_f1"": 0.0, ""delta_topology_score"": 0.0}","{""class_match"": 0.0, ""properties"": 0.0}","{""per_pair"": [0.0], ""n_gt"": 1, ""n_matched"": 0}",47.02
WAL-CRE-DIR-R-003,create,direct,0.9999474501783264,0.5,0.7452380952380953,0.7483951818054738,diff,True,0h9vbY9ZjDIuFLg5w65gKE,1,1,,0.8030518530867994,"{""delta_node_precision"": 1.0, ""delta_node_recall"": 1.0, ""delta_node_f1"": 1.0, ""delta_edge_precision"": 0.4, ""delta_edge_recall"": 0.6666666666666666, ""delta_edge_f1"": 0.5, ""delta_topology_score"": 0.6499999999999999}","{""class_match"": 1.0, ""properties"": 0.0}","{""per_pair"": [0.9999474501783264], ""n_gt"": 1, ""n_matched"": 1}",5.25
WAL-CRE-DIR-R-004,create,direct,0.9619026030084409,0.5,0.4941249226963513,0.6520091752349307,diff,True,1JXiq1Gl1FUwYCAEjkjANi,1,1,,2.9403509199619293,"{""delta_node_precision"": 0.5, ""delta_node_recall"": 1.0, ""delta_node_f1"": 0.6666666666666666, ""delta_edge_precision"": 0.2, ""delta_edge_recall"": 0.42857142857142855, ""delta_edge_f1"": 0.27272727272727276, ""delta_topology_score"": 0.3909090909090909}","{""class_match"": 1.0, ""properties"": 0.0}","{""per_pair"": [0.9619026030084409], ""n_gt"": 1, ""n_matched"": 1}",5.25
WAL-CRE-SPA-A-001,create,spatial,0.0,0.0,0.0,0.0,diff,False,,1,0,,0.04959344188682735,"{""delta_node_precision"": 0.0, ""delta_node_recall"": 0.0, ""delta_node_f1"": 0.0, ""delta_edge_precision"": 0.0, ""delta_edge_recall"": 0.0, ""delta_edge_f1"": 0.0, ""delta_topology_score"": 0.0}","{""class_match"": 0.0, ""properties"": 0.0}","{""per_pair"": [0.0], ""n_gt"": 1, ""n_matched"": 0}",0.41
WAL-CRE-SPA-A-002,create,spatial,0.0,0.0,0.0,0.0,diff,False,,1,0,,0.022992989048361778,"{""delta_node_precision"": 0.0, ""delta_node_recall"": 0.0, ""delta_node_f1"": 0.0, ""delta_edge_precision"": 0.0, ""delta_edge_recall"": 0.0, ""delta_edge_f1"": 0.0, ""delta_topology_score"": 0.0}","{""class_match"": 0.0, ""properties"": 0.0}","{""per_pair"": [0.0], ""n_gt"": 1, ""n_matched"": 0}",0.4
WAL-CRE-SPA-A-003,create,spatial,0.0,0.0,0.0,0.0,diff,False,,1,0,,0.007627957034856081,"{""delta_node_precision"": 0.0, ""delta_node_recall"": 0.0, ""delta_node_f1"": 0.0, ""delta_edge_precision"": 0.0, ""delta_edge_recall"": 0.0, ""delta_edge_f1"": 0.0, ""delta_topology_score"": 0.0}","{""class_match"": 0.0, ""properties"": 0.0}","{""per_pair"": [0.0], ""n_gt"": 1, ""n_matched"": 0}",0.11
WAL-CRE-SPA-A-004,create,spatial,0.0,0.0,0.0,0.0,diff,False,,1,0,,0.003889060113579035,"{""delta_node_precision"": 0.0, ""delta_node_recall"": 0.0, ""delta_node_f1"": 0.0, ""delta_edge_precision"": 0.0, ""delta_edge_recall"": 0.0, ""delta_edge_f1"": 0.0, ""delta_topology_score"": 0.0}","{""class_match"": 0.0, ""properties"": 0.0}","{""per_pair"": [0.0], ""n_gt"": 1, ""n_matched"": 0}",0.03
WAL-CRE-SPA-R-001,create,spatial,0.0,0.0,0.0,0.0,diff,False,,1,0,,15.142482836963609,"{""delta_node_precision"": 0.0, ""delta_node_recall"": 0.0, ""delta_node_f1"": 0.0, ""delta_edge_precision"": 0.0, ""delta_edge_recall"": 0.0, ""delta_edge_f1"": 0.0, ""delta_topology_score"": 0.0}","{""class_match"": 0.0, ""properties"": 0.0}","{""per_pair"": [0.0], ""n_gt"": 1, ""n_matched"": 0}",224.95
WAL-CRE-SPA-R-002,create,spatial,0.0,0.0,0.0,0.0,diff,False,,1,0,,3.5263211708515882,"{""delta_node_precision"": 0.0, ""delta_node_recall"": 0.0, ""delta_node_f1"": 0.0, ""delta_edge_precision"": 0.0, ""delta_edge_recall"": 0.0, ""delta_edge_f1"": 0.0, ""delta_topology_score"": 0.0}","{""class_match"": 0.0, ""properties"": 0.0}","{""per_pair"": [0.0], ""n_gt"": 1, ""n_matched"": 0}",47.02
WAL-CRE-SPA-R-003,create,spatial,0.0,0.0,0.0,0.0,diff,False,,1,0,,0.38104432611726224,"{""delta_node_precision"": 0.0, ""delta_node_recall"": 0.0, ""delta_node_f1"": 0.0, ""delta_edge_precision"": 0.0, ""delta_edge_recall"": 0.0, ""delta_edge_f1"": 0.0, ""delta_topology_score"": 0.0}","{""class_match"": 0.0, ""properties"": 0.0}","{""per_pair"": [0.0], ""n_gt"": 1, ""n_matched"": 0}",5.25
WAL-CRE-SPA-R-004,create,spatial,0.0,0.0,0.0,0.0,diff,False,,1,0,,0.7282882919535041,"{""delta_node_precision"": 0.0, ""delta_node_recall"": 0.0, ""delta_node_f1"": 0.0, ""delta_edge_precision"": 0.0, ""delta_edge_recall"": 0.0, ""delta_edge_f1"": 0.0, ""delta_topology_score"": 0.0}","{""class_match"": 0.0, ""properties"": 0.0}","{""per_pair"": [0.0], ""n_gt"": 1, ""n_matched"": 0}",5.25
WAL-CRE-TOP-A-001,create,topological,0.0,0.0,0.0,0.0,diff,False,,1,0,,0.039609472965821624,"{""delta_node_precision"": 0.0, ""delta_node_recall"": 0.0, ""delta_node_f1"": 0.0, ""delta_edge_precision"": 0.0, ""delta_edge_recall"": 0.0, ""delta_edge_f1"": 0.0, ""delta_topology_score"": 0.0}","{""class_match"": 0.0, ""properties"": 0.0}","{""per_pair"": [0.0], ""n_gt"": 1, ""n_matched"": 0}",0.41
WAL-CRE-TOP-A-002,create,topological,0.0,0.0,0.0,0.0,diff,False,,1,0,,0.024452710058540106,"{""delta_node_precision"": 0.0, ""delta_node_recall"": 0.0, ""delta_node_f1"": 0.0, ""delta_edge_precision"": 0.0, ""delta_edge_recall"": 0.0, ""delta_edge_f1"": 0.0, ""delta_topology_score"": 0.0}","{""class_match"": 0.0, ""properties"": 0.0}","{""per_pair"": [0.0], ""n_gt"": 1, ""n_matched"": 0}",0.4
WAL-CRE-TOP-A-003,create,topological,0.0,0.0,0.0,0.0,diff,False,,1,0,,0.00693090190179646,"{""delta_node_precision"": 0.0, ""delta_node_recall"": 0.0, ""delta_node_f1"": 0.0, ""delta_edge_precision"": 0.0, ""delta_edge_recall"": 0.0, ""delta_edge_f1"": 0.0, ""delta_topology_score"": 0.0}","{""class_match"": 0.0, ""properties"": 0.0}","{""per_pair"": [0.0], ""n_gt"": 1, ""n_matched"": 0}",0.11
WAL-CRE-TOP-A-004,create,topological,0.0,0.0,0.0,0.0,diff,False,,1,0,,0.005435750121250749,"{""delta_node_precision"": 0.0, ""delta_node_recall"": 0.0, ""delta_node_f1"": 0.0, ""delta_edge_precision"": 0.0, ""delta_edge_recall"": 0.0, ""delta_edge_f1"": 0.0, ""delta_topology_score"": 0.0}","{""class_match"": 0.0, ""properties"": 0.0}","{""per_pair"": [0.0], ""n_gt"": 1, ""n_matched"": 0}",0.03
WAL-CRE-TOP-R-001,create,topological,0.0,0.0,0.0,0.0,diff,False,,1,0,,18.993784765945747,"{""delta_node_precision"": 0.0, ""delta_node_recall"": 0.0, ""delta_node_f1"": 0.0, ""delta_edge_precision"": 0.0, ""delta_edge_recall"": 0.0, ""delta_edge_f1"": 0.0, ""delta_topology_score"": 0.0}","{""class_match"": 0.0, ""properties"": 0.0}","{""per_pair"": [0.0], ""n_gt"": 1, ""n_matched"": 0}",224.95
WAL-CRE-TOP-R-002,create,topological,0.0,0.0,0.0,0.0,diff,False,,1,0,,3.902514287037775,"{""delta_node_precision"": 0.0, ""delta_node_recall"": 0.0, ""delta_node_f1"": 0.0, ""delta_edge_precision"": 0.0, ""delta_edge_recall"": 0.0, ""delta_edge_f1"": 0.0, ""delta_topology_score"": 0.0}","{""class_match"": 0.0, ""properties"": 0.0}","{""per_pair"": [0.0], ""n_gt"": 1, ""n_matched"": 0}",47.02
WAL-CRE-TOP-R-003,create,topological,0.0,0.0,0.0,0.0,diff,False,,1,0,,0.38387920591048896,"{""delta_node_precision"": 0.0, ""delta_node_recall"": 0.0, ""delta_node_f1"": 0.0, ""delta_edge_precision"": 0.0, ""delta_edge_recall"": 0.0, ""delta_edge_f1"": 0.0, ""delta_topology_score"": 0.0}","{""class_match"": 0.0, ""properties"": 0.0}","{""per_pair"": [0.0], ""n_gt"": 1, ""n_matched"": 0}",5.25
WAL-CRE-TOP-R-004,create,topological,0.0,0.0,0.0,0.0,diff,False,,1,0,,0.7240317740943283,"{""delta_node_precision"": 0.0, ""delta_node_recall"": 0.0, ""delta_node_f1"": 0.0, ""delta_edge_precision"": 0.0, ""delta_edge_recall"": 0.0, ""delta_edge_f1"": 0.0, ""delta_topology_score"": 0.0}","{""class_match"": 0.0, ""properties"": 0.0}","{""per_pair"": [0.0], ""n_gt"": 1, ""n_matched"": 0}",5.25
WAL-DEL-DIR-A-001,delete,direct,1.0,0.0,1.0,0.6666666666666666,spec,True,,1,1,,0.788410744164139,"{""delta_node_precision"": 1.0, ""delta_node_recall"": 1.0, ""delta_node_f1"": 1.0, ""delta_edge_precision"": 1.0, ""delta_edge_recall"": 1.0, ""delta_edge_f1"": 1.0, ""delta_topology_score"": 1.0}","{""class_match"": 0.0, ""properties"": 0.0}","{""per_pair"": [1.0], ""n_gt"": 1, ""n_matched"": 1}",0.41
WAL-DEL-DIR-A-002,delete,direct,1.0,0.0,1.0,0.6666666666666666,spec,True,,1,1,,0.06045295484364033,"{""delta_node_precision"": 1.0, ""delta_node_recall"": 1.0, ""delta_node_f1"": 1.0, ""delta_edge_precision"": 1.0, ""delta_edge_recall"": 1.0, ""delta_edge_f1"": 1.0, ""delta_topology_score"": 1.0}","{""class_match"": 0.0, ""properties"": 0.0}","{""per_pair"": [1.0], ""n_gt"": 1, ""n_matched"": 1}",0.41
WAL-DEL-DIR-A-003,delete,direct,1.0,0.0,1.0,0.6666666666666666,spec,True,,1,1,,0.01753379707224667,"{""delta_node_precision"": 1.0, ""delta_node_recall"": 1.0, ""delta_node_f1"": 1.0, ""delta_edge_precision"": 1.0, ""delta_edge_recall"": 1.0, ""delta_edge_f1"": 1.0, ""delta_topology_score"": 1.0}","{""class_match"": 0.0, ""properties"": 0.0}","{""per_pair"": [1.0], ""n_gt"": 1, ""n_matched"": 1}",0.11
WAL-DEL-DIR-A-004,delete,direct,1.0,0.0,1.0,0.6666666666666666,spec,True,,1,1,,0.0330747130792588,"{""delta_node_precision"": 1.0, ""delta_node_recall"": 1.0, ""delta_node_f1"": 1.0, ""delta_edge_precision"": 1.0, ""delta_edge_recall"": 1.0, ""delta_edge_f1"": 1.0, ""delta_topology_score"": 1.0}","{""class_match"": 0.0, ""properties"": 0.0}","{""per_pair"": [1.0], ""n_gt"": 1, ""n_matched"": 1}",0.17
WAL-DEL-DIR-R-001,delete,direct,1.0,0.0,1.0,0.6666666666666666,spec,True,,1,1,,40.94054768816568,"{""delta_node_precision"": 1.0, ""delta_node_recall"": 1.0, ""delta_node_f1"": 1.0, ""delta_edge_precision"": 1.0, ""delta_edge_recall"": 1.0, ""delta_edge_f1"": 1.0, ""delta_topology_score"": 1.0}","{""class_match"": 0.0, ""properties"": 0.0}","{""per_pair"": [1.0], ""n_gt"": 1, ""n_matched"": 1}",224.95
WAL-DEL-DIR-R-002,delete,direct,1.0,0.0,0.47187336473050756,0.4906244549101692,spec,True,,1,1,,4.1237139131408185,"{""delta_node_precision"": 0.3333333333333333, ""delta_node_recall"": 1.0, ""delta_node_f1"": 0.5, ""delta_edge_precision"": 0.07692307692307693, ""delta_edge_recall"": 1.0, ""delta_edge_f1"": 0.14285714285714288, ""delta_topology_score"": 0.25}","{""class_match"": 0.0, ""properties"": 0.0}","{""per_pair"": [1.0], ""n_gt"": 1, ""n_matched"": 1}",47.02
WAL-DEL-DIR-R-003,delete,direct,1.0,0.0,0.9754483611626469,0.6584827870542157,spec,True,,1,1,,1.145440072985366,"{""delta_node_precision"": 1.0, ""delta_node_recall"": 1.0, ""delta_node_f1"": 1.0, ""delta_edge_precision"": 1.0, ""delta_edge_recall"": 0.9090909090909091, ""delta_edge_f1"": 0.9523809523809523, ""delta_topology_score"": 0.9666666666666666}","{""class_match"": 0.0, ""properties"": 0.0}","{""per_pair"": [1.0], ""n_gt"": 1, ""n_matched"": 1}",5.33
WAL-DEL-DIR-R-004,delete,direct,1.0,0.0,0.36765171104961514,0.455883903683205,spec,True,,1,1,,2.2655785279348493,"{""delta_node_precision"": 0.3333333333333333, ""delta_node_recall"": 0.5, ""delta_node_f1"": 0.4, ""delta_edge_precision"": 0.2127659574468085, ""delta_edge_recall"": 0.5, ""delta_edge_f1"": 0.2985074626865672, ""delta_topology_score"": 0.32895522388059706}","{""class_match"": 0.0, ""properties"": 0.0}","{""per_pair"": [1.0], ""n_gt"": 1, ""n_matched"": 1}",5.26
WAL-DEL-SPA-A-001,delete,spatial,1.0,0.0,1.0,0.6666666666666666,spec,True,,1,1,,0.05776573484763503,"{""delta_node_precision"": 1.0, ""delta_node_recall"": 1.0, ""delta_node_f1"": 1.0, ""delta_edge_precision"": 1.0, ""delta_edge_recall"": 1.0, ""delta_edge_f1"": 1.0, ""delta_topology_score"": 1.0}","{""class_match"": 0.0, ""properties"": 0.0}","{""per_pair"": [1.0], ""n_gt"": 1, ""n_matched"": 1}",0.41
WAL-DEL-SPA-A-002,delete,spatial,1.0,0.0,0.5149749373433583,0.5049916457811194,spec,True,,1,1,,0.021422376157715917,"{""delta_node_precision"": 0.2, ""delta_node_recall"": 1.0, ""delta_node_f1"": 0.33333333333333337, ""delta_edge_precision"": 0.2631578947368421, ""delta_edge_recall"": 1.0, ""delta_edge_f1"": 0.4166666666666667, ""delta_topology_score"": 0.3916666666666667}","{""class_match"": 0.0, ""properties"": 0.0}","{""per_pair"": [1.0], ""n_gt"": 1, ""n_matched"": 1}",0.41
WAL-DEL-SPA-A-003,delete,spatial,0.0,1.0,0.0,0.3333333333333333,spec,False,,1,0,,0.008341931970790029,"{""delta_node_precision"": 0.0, ""delta_node_recall"": 0.0, ""delta_node_f1"": 0.0, ""delta_edge_precision"": 0.0, ""delta_edge_recall"": 0.0, ""delta_edge_f1"": 0.0, ""delta_topology_score"": 0.0}","{""class_match"": 1.0, ""properties"": 1.0}","{""per_pair"": [0.0], ""n_gt"": 1, ""n_matched"": 0}",0.11
WAL-DEL-SPA-A-004,delete,spatial,0.0,1.0,0.0,0.3333333333333333,spec,False,,1,0,,0.01408304600045085,"{""delta_node_precision"": 0.0, ""delta_node_recall"": 0.0, ""delta_node_f1"": 0.0, ""delta_edge_precision"": 0.0, ""delta_edge_recall"": 0.0, ""delta_edge_f1"": 0.0, ""delta_topology_score"": 0.0}","{""class_match"": 1.0, ""properties"": 1.0}","{""per_pair"": [0.0], ""n_gt"": 1, ""n_matched"": 0}",0.17
WAL-DEL-SPA-R-001,delete,spatial,0.0,1.0,0.0,0.3333333333333333,spec,False,,1,0,,20.841248210985214,"{""delta_node_precision"": 0.0, ""delta_node_recall"": 0.0, ""delta_node_f1"": 0.0, ""delta_edge_precision"": 0.0, ""delta_edge_recall"": 0.0, ""delta_edge_f1"": 0.0, ""delta_topology_score"": 0.0}","{""class_match"": 1.0, ""properties"": 1.0}","{""per_pair"": [0.0], ""n_gt"": 1, ""n_matched"": 0}",224.95
WAL-DEL-SPA-R-002,delete,spatial,0.0,1.0,0.0,0.3333333333333333,spec,False,,1,0,,4.328514096094295,"{""delta_node_precision"": 0.0, ""delta_node_recall"": 0.0, ""delta_node_f1"": 0.0, ""delta_edge_precision"": 0.0, ""delta_edge_recall"": 0.0, ""delta_edge_f1"": 0.0, ""delta_topology_score"": 0.0}","{""class_match"": 1.0, ""properties"": 1.0}","{""per_pair"": [0.0], ""n_gt"": 1, ""n_matched"": 0}",47.02
WAL-DEL-SPA-R-003,delete,spatial,0.0,1.0,0.0,0.3333333333333333,spec,False,,1,0,,0.5865286199841648,"{""delta_node_precision"": 0.0, ""delta_node_recall"": 0.0, ""delta_node_f1"": 0.0, ""delta_edge_precision"": 0.0, ""delta_edge_recall"": 0.0, ""delta_edge_f1"": 0.0, ""delta_topology_score"": 0.0}","{""class_match"": 1.0, ""properties"": 1.0}","{""per_pair"": [0.0], ""n_gt"": 1, ""n_matched"": 0}",5.33
WAL-DEL-SPA-R-004,delete,spatial,0.0,1.0,0.0,0.3333333333333333,spec,False,,1,0,,0.6168305310420692,"{""delta_node_precision"": 0.0, ""delta_node_recall"": 0.0, ""delta_node_f1"": 0.0, ""delta_edge_precision"": 0.0, ""delta_edge_recall"": 0.0, ""delta_edge_f1"": 0.0, ""delta_topology_score"": 0.0}","{""class_match"": 1.0, ""properties"": 1.0}","{""per_pair"": [0.0], ""n_gt"": 1, ""n_matched"": 0}",5.26
WAL-DEL-TOP-A-001,delete,topological,0.0,1.0,0.0,0.3333333333333333,spec,False,,1,0,,0.10652059619314969,"{""delta_node_precision"": 0.0, ""delta_node_recall"": 0.0, ""delta_node_f1"": 0.0, ""delta_edge_precision"": 0.0, ""delta_edge_recall"": 0.0, ""delta_edge_f1"": 0.0, ""delta_topology_score"": 0.0}","{""class_match"": 1.0, ""properties"": 1.0}","{""per_pair"": [0.0], ""n_gt"": 1, ""n_matched"": 0}",0.41
WAL-DEL-TOP-A-002,delete,topological,1.0,0.0,0.5149749373433583,0.5049916457811194,spec,True,,1,1,,0.02120075817219913,"{""delta_node_precision"": 0.2, ""delta_node_recall"": 1.0, ""delta_node_f1"": 0.33333333333333337, ""delta_edge_precision"": 0.2631578947368421, ""delta_edge_recall"": 1.0, ""delta_edge_f1"": 0.4166666666666667, ""delta_topology_score"": 0.3916666666666667}","{""class_match"": 0.0, ""properties"": 0.0}","{""per_pair"": [1.0], ""n_gt"": 1, ""n_matched"": 1}",0.41
WAL-DEL-TOP-A-003,delete,topological,0.0,1.0,0.0,0.3333333333333333,spec,False,,1,0,,0.008258468937128782,"{""delta_node_precision"": 0.0, ""delta_node_recall"": 0.0, ""delta_node_f1"": 0.0, ""delta_edge_precision"": 0.0, ""delta_edge_recall"": 0.0, ""delta_edge_f1"": 0.0, ""delta_topology_score"": 0.0}","{""class_match"": 1.0, ""properties"": 1.0}","{""per_pair"": [0.0], ""n_gt"": 1, ""n_matched"": 0}",0.11
WAL-DEL-TOP-A-004,delete,topological,1.0,0.0,1.0,0.6666666666666666,spec,True,,1,1,,0.01138117304071784,"{""delta_node_precision"": 1.0, ""delta_node_recall"": 1.0, ""delta_node_f1"": 1.0, ""delta_edge_precision"": 1.0, ""delta_edge_recall"": 1.0, ""delta_edge_f1"": 1.0, ""delta_topology_score"": 1.0}","{""class_match"": 0.0, ""properties"": 0.0}","{""per_pair"": [1.0], ""n_gt"": 1, ""n_matched"": 1}",0.17
WAL-DEL-TOP-R-001,delete,topological,0.0,1.0,0.0,0.3333333333333333,spec,False,,1,0,,24.300329962046817,"{""delta_node_precision"": 0.0, ""delta_node_recall"": 0.0, ""delta_node_f1"": 0.0, ""delta_edge_precision"": 0.0, ""delta_edge_recall"": 0.0, ""delta_edge_f1"": 0.0, ""delta_topology_score"": 0.0}","{""class_match"": 1.0, ""properties"": 1.0}","{""per_pair"": [0.0], ""n_gt"": 1, ""n_matched"": 0}",224.95
WAL-DEL-TOP-R-002,delete,topological,0.0,1.0,0.0,0.3333333333333333,spec,False,,1,0,,4.414090892067179,"{""delta_node_precision"": 0.0, ""delta_node_recall"": 0.0, ""delta_node_f1"": 0.0, ""delta_edge_precision"": 0.0, ""delta_edge_recall"": 0.0, ""delta_edge_f1"": 0.0, ""delta_topology_score"": 0.0}","{""class_match"": 1.0, ""properties"": 1.0}","{""per_pair"": [0.0], ""n_gt"": 1, ""n_matched"": 0}",47.02
WAL-DEL-TOP-R-003,delete,topological,0.0,1.0,0.0,0.3333333333333333,spec,False,,1,0,,0.6135617410764098,"{""delta_node_precision"": 0.0, ""delta_node_recall"": 0.0, ""delta_node_f1"": 0.0, ""delta_edge_precision"": 0.0, ""delta_edge_recall"": 0.0, ""delta_edge_f1"": 0.0, ""delta_topology_score"": 0.0}","{""class_match"": 1.0, ""properties"": 1.0}","{""per_pair"": [0.0], ""n_gt"": 1, ""n_matched"": 0}",5.33
WAL-DEL-TOP-R-004,delete,topological,1.0,0.0,0.7142857142857143,0.5714285714285715,spec,True,,1,1,,0.5986162079498172,"{""delta_node_precision"": 1.0, ""delta_node_recall"": 0.5, ""delta_node_f1"": 0.6666666666666666, ""delta_edge_precision"": 1.0, ""delta_edge_recall"": 0.5, ""delta_edge_f1"": 0.6666666666666666, ""delta_topology_score"": 0.6666666666666666}","{""class_match"": 0.0, ""properties"": 0.0}","{""per_pair"": [1.0], ""n_gt"": 1, ""n_matched"": 1}",5.26
WAL-UPD-DIR-A-001,update,direct,0.0,0.0,0.0,0.0,spec,False,,1,0,,0.20732522616162896,"{""delta_node_precision"": 0.0, ""delta_node_recall"": 0.0, ""delta_node_f1"": 0.0, ""delta_edge_precision"": 0.0, ""delta_edge_recall"": 0.0, ""delta_edge_f1"": 0.0, ""delta_topology_score"": 0.0}","{""class_match"": 0.0, ""properties"": 0.0}","{""per_pair"": [0.0], ""n_gt"": 1, ""n_matched"": 0}",0.41
WAL-UPD-DIR-A-002,update,direct,0.9624347278054668,1.0,1.0,0.9874782426018222,spec,True,0JseLab3T6bx_3inDW04pz,1,1,,0.04231122601777315,"{""delta_node_precision"": 1.0, ""delta_node_recall"": 1.0, ""delta_node_f1"": 1.0, ""delta_edge_precision"": 1.0, ""delta_edge_recall"": 1.0, ""delta_edge_f1"": 1.0, ""delta_topology_score"": 1.0}","{""class_match"": 1.0, ""properties"": 1.0}","{""per_pair"": [0.9624347278054668], ""n_gt"": 1, ""n_matched"": 1}",0.14
WAL-UPD-DIR-A-003,update,direct,0.9696053666254084,0.7222222222222222,1.0,0.8972758629492102,spec,True,000irGlVjApOlI2apOJp9x,1,1,,0.027648935094475746,"{""delta_node_precision"": 1.0, ""delta_node_recall"": 1.0, ""delta_node_f1"": 1.0, ""delta_edge_precision"": 1.0, ""delta_edge_recall"": 1.0, ""delta_edge_f1"": 1.0, ""delta_topology_score"": 1.0}","{""class_match"": 1.0, ""properties"": 0.4444444444444444}","{""per_pair"": [0.9696053666254084], ""n_gt"": 1, ""n_matched"": 1}",0.11
WAL-UPD-DIR-A-004,update,direct,0.9741743195677616,1.0,0.4714285714285714,0.8152009636654444,spec,True,0SW1L9fQP9xeGsED2XHlvo,1,1,,0.014517151983454823,"{""delta_node_precision"": 1.0, ""delta_node_recall"": 1.0, ""delta_node_f1"": 1.0, ""delta_edge_precision"": 0.0, ""delta_edge_recall"": 0.0, ""delta_edge_f1"": 0.0, ""delta_topology_score"": 0.3}","{""class_match"": 1.0, ""properties"": 1.0}","{""per_pair"": [0.9741743195677616], ""n_gt"": 1, ""n_matched"": 1}",0.02
WAL-UPD-DIR-R-001,update,direct,0.0,0.0,0.0,0.0,spec,False,,1,0,,48.26362130208872,"{""delta_node_precision"": 0.0, ""delta_node_recall"": 0.0, ""delta_node_f1"": 0.0, ""delta_edge_precision"": 0.0, ""delta_edge_recall"": 0.0, ""delta_edge_f1"": 0.0, ""delta_topology_score"": 0.0}","{""class_match"": 0.0, ""properties"": 0.0}","{""per_pair"": [0.0], ""n_gt"": 1, ""n_matched"": 0}",224.95
WAL-UPD-DIR-R-002,update,direct,0.0,0.0,0.0,0.0,spec,False,,1,0,,8.481334298849106,"{""delta_node_precision"": 0.0, ""delta_node_recall"": 0.0, ""delta_node_f1"": 0.0, ""delta_edge_precision"": 0.0, ""delta_edge_recall"": 0.0, ""delta_edge_f1"": 0.0, ""delta_topology_score"": 0.0}","{""class_match"": 0.0, ""properties"": 0.0}","{""per_pair"": [0.0], ""n_gt"": 1, ""n_matched"": 0}",47.02
WAL-UPD-DIR-R-003,update,direct,0.9597184300044257,0.75,0.5285714285714286,0.7460966195252848,spec,True,2QS621lD51vfaO5mAA7tdk,1,1,,1.1554213068448007,"{""delta_node_precision"": 0.0, ""delta_node_recall"": 0.0, ""delta_node_f1"": 0.0, ""delta_edge_precision"": 1.0, ""delta_edge_recall"": 1.0, ""delta_edge_f1"": 1.0, ""delta_topology_score"": 0.7}","{""class_match"": 1.0, ""properties"": 0.5}","{""per_pair"": [0.9597184300044257], ""n_gt"": 1, ""n_matched"": 1}",5.33
WAL-UPD-DIR-R-004,update,direct,0.9728820590017805,1.0,0.4714285714285714,0.8147702101434507,spec,True,2Nq3EKEYP8kfBFwGBhtRhO,1,1,,1.6991919339634478,"{""delta_node_precision"": 1.0, ""delta_node_recall"": 1.0, ""delta_node_f1"": 1.0, ""delta_edge_precision"": 0.0, ""delta_edge_recall"": 0.0, ""delta_edge_f1"": 0.0, ""delta_topology_score"": 0.3}","{""class_match"": 1.0, ""properties"": 1.0}","{""per_pair"": [0.9728820590017805], ""n_gt"": 1, ""n_matched"": 1}",5.26
WAL-UPD-SPA-A-001,update,spatial,0.9597131741164641,1.0,0.4714285714285714,0.8103805818483453,spec,True,0okaGdY4n1xulccRQajpx9,1,1,,0.07213044515810907,"{""delta_node_precision"": 1.0, ""delta_node_recall"": 1.0, ""delta_node_f1"": 1.0, ""delta_edge_precision"": 0.0, ""delta_edge_recall"": 0.0, ""delta_edge_f1"": 0.0, ""delta_topology_score"": 0.3}","{""class_match"": 1.0, ""properties"": 1.0}","{""per_pair"": [0.9597131741164641], ""n_gt"": 1, ""n_matched"": 1}",0.41
WAL-UPD-SPA-A-002,update,spatial,0.0,0.0,0.0,0.0,spec,False,,1,0,,0.01712262397632003,"{""delta_node_precision"": 0.0, ""delta_node_recall"": 0.0, ""delta_node_f1"": 0.0, ""delta_edge_precision"": 0.0, ""delta_edge_recall"": 0.0, ""delta_edge_f1"": 0.0, ""delta_topology_score"": 0.0}","{""class_match"": 0.0, ""properties"": 0.0}","{""per_pair"": [0.0], ""n_gt"": 1, ""n_matched"": 0}",0.14
WAL-UPD-SPA-A-003,update,spatial,0.9589843174143203,0.7222222222222222,0.5285714285714286,0.7365926560693237,spec,True,000irGlVjApOlI2apOJp9x,1,1,,0.016704189125448465,"{""delta_node_precision"": 0.0, ""delta_node_recall"": 0.0, ""delta_node_f1"": 0.0, ""delta_edge_precision"": 1.0, ""delta_edge_recall"": 1.0, ""delta_edge_f1"": 1.0, ""delta_topology_score"": 0.7}","{""class_match"": 1.0, ""properties"": 0.4444444444444444}","{""per_pair"": [0.9589843174143203], ""n_gt"": 1, ""n_matched"": 1}",0.11
WAL-UPD-SPA-A-004,update,spatial,0.9739871773407663,1.0,0.0,0.6579957257802554,spec,True,0SW1L9fQP9xeGsED2XHlvo,1,1,,0.011563806096091866,"{""delta_node_precision"": 0.0, ""delta_node_recall"": 0.0, ""delta_node_f1"": 0.0, ""delta_edge_precision"": 0.0, ""delta_edge_recall"": 0.0, ""delta_edge_f1"": 0.0, ""delta_topology_score"": 0.0}","{""class_match"": 1.0, ""properties"": 1.0}","{""per_pair"": [0.9739871773407663], ""n_gt"": 1, ""n_matched"": 1}",0.02
WAL-UPD-SPA-R-001,update,spatial,0.9529378381309598,1.0,0.4714285714285714,0.8081221365198438,spec,True,30a7nM35T5pgZzaItbPb1c,1,1,,26.822874592849985,"{""delta_node_precision"": 1.0, ""delta_node_recall"": 1.0, ""delta_node_f1"": 1.0, ""delta_edge_precision"": 0.0, ""delta_edge_recall"": 0.0, ""delta_edge_f1"": 0.0, ""delta_topology_score"": 0.3}","{""class_match"": 1.0, ""properties"": 1.0}","{""per_pair"": [0.9529378381309598], ""n_gt"": 1, ""n_matched"": 1}",224.95
WAL-UPD-SPA-R-002,update,spatial,0.0,0.0,0.0,0.0,spec,False,,1,0,,4.481743669835851,"{""delta_node_precision"": 0.0, ""delta_node_recall"": 0.0, ""delta_node_f1"": 0.0, ""delta_edge_precision"": 0.0, ""delta_edge_recall"": 0.0, ""delta_edge_f1"": 0.0, ""delta_topology_score"": 0.0}","{""class_match"": 0.0, ""properties"": 0.0}","{""per_pair"": [0.0], ""n_gt"": 1, ""n_matched"": 0}",47.02
WAL-UPD-SPA-R-003,update,spatial,0.9597184300044257,0.75,0.5285714285714286,0.7460966195252848,spec,True,2QS621lD51vfaO5mAA7tdk,1,1,,0.5983694919850677,"{""delta_node_precision"": 0.0, ""delta_node_recall"": 0.0, ""delta_node_f1"": 0.0, ""delta_edge_precision"": 1.0, ""delta_edge_recall"": 1.0, ""delta_edge_f1"": 1.0, ""delta_topology_score"": 0.7}","{""class_match"": 1.0, ""properties"": 0.5}","{""per_pair"": [0.9597184300044257], ""n_gt"": 1, ""n_matched"": 1}",5.33
WAL-UPD-SPA-R-004,update,spatial,0.0,0.0,0.0,0.0,spec,False,,1,0,,0.570097069023177,"{""delta_node_precision"": 0.0, ""delta_node_recall"": 0.0, ""delta_node_f1"": 0.0, ""delta_edge_precision"": 0.0, ""delta_edge_recall"": 0.0, ""delta_edge_f1"": 0.0, ""delta_topology_score"": 0.0}","{""class_match"": 0.0, ""properties"": 0.0}","{""per_pair"": [0.0], ""n_gt"": 1, ""n_matched"": 0}",5.26
WAL-UPD-TOP-A-001,update,topological,0.9372435736722317,1.0,0.4714285714285714,0.802890715033601,spec,True,0okaGdY4n1xulccRQajpx9,1,1,,0.056958370842039585,"{""delta_node_precision"": 1.0, ""delta_node_recall"": 1.0, ""delta_node_f1"": 1.0, ""delta_edge_precision"": 0.0, ""delta_edge_recall"": 0.0, ""delta_edge_f1"": 0.0, ""delta_topology_score"": 0.3}","{""class_match"": 1.0, ""properties"": 1.0}","{""per_pair"": [0.9372435736722317], ""n_gt"": 1, ""n_matched"": 1}",0.41
WAL-UPD-TOP-A-002,update,topological,0.0,0.0,0.0,0.0,spec,False,,1,0,,0.01419149897992611,"{""delta_node_precision"": 0.0, ""delta_node_recall"": 0.0, ""delta_node_f1"": 0.0, ""delta_edge_precision"": 0.0, ""delta_edge_recall"": 0.0, ""delta_edge_f1"": 0.0, ""delta_topology_score"": 0.0}","{""class_match"": 0.0, ""properties"": 0.0}","{""per_pair"": [0.0], ""n_gt"": 1, ""n_matched"": 0}",0.14
WAL-UPD-TOP-A-003,update,topological,0.0,0.0,0.0,0.0,spec,False,,1,0,,0.011001128004863858,"{""delta_node_precision"": 0.0, ""delta_node_recall"": 0.0, ""delta_node_f1"": 0.0, ""delta_edge_precision"": 0.0, ""delta_edge_recall"": 0.0, ""delta_edge_f1"": 0.0, ""delta_topology_score"": 0.0}","{""class_match"": 0.0, ""properties"": 0.0}","{""per_pair"": [0.0], ""n_gt"": 1, ""n_matched"": 0}",0.11
WAL-UPD-TOP-A-004,update,topological,0.9602651098084198,1.0,0.4714285714285714,0.8105645604123305,spec,True,0SW1L9fQP9xeGsED2XHlvo,1,1,,0.011428483063355088,"{""delta_node_precision"": 1.0, ""delta_node_recall"": 1.0, ""delta_node_f1"": 1.0, ""delta_edge_precision"": 0.0, ""delta_edge_recall"": 0.0, ""delta_edge_f1"": 0.0, ""delta_topology_score"": 0.3}","{""class_match"": 1.0, ""properties"": 1.0}","{""per_pair"": [0.9602651098084198], ""n_gt"": 1, ""n_matched"": 1}",0.02
WAL-UPD-TOP-R-001,update,topological,0.9627294136176816,1.0,0.4714285714285714,0.8113859950154176,spec,True,30a7nM35T5pgZzaItbPb1c,1,1,,25.292101040948182,"{""delta_node_precision"": 1.0, ""delta_node_recall"": 1.0, ""delta_node_f1"": 1.0, ""delta_edge_precision"": 0.0, ""delta_edge_recall"": 0.0, ""delta_edge_f1"": 0.0, ""delta_topology_score"": 0.3}","{""class_match"": 1.0, ""properties"": 1.0}","{""per_pair"": [0.9627294136176816], ""n_gt"": 1, ""n_matched"": 1}",224.95
WAL-UPD-TOP-R-002,update,topological,0.0,0.0,0.0,0.0,spec,False,,1,0,,4.632123271934688,"{""delta_node_precision"": 0.0, ""delta_node_recall"": 0.0, ""delta_node_f1"": 0.0, ""delta_edge_precision"": 0.0, ""delta_edge_recall"": 0.0, ""delta_edge_f1"": 0.0, ""delta_topology_score"": 0.0}","{""class_match"": 0.0, ""properties"": 0.0}","{""per_pair"": [0.0], ""n_gt"": 1, ""n_matched"": 0}",47.02
WAL-UPD-TOP-R-003,update,topological,0.9597184300044257,0.75,0.5285714285714286,0.7460966195252848,spec,True,2QS621lD51vfaO5mAA7tdk,1,1,,0.5963184200227261,"{""delta_node_precision"": 0.0, ""delta_node_recall"": 0.0, ""delta_node_f1"": 0.0, ""delta_edge_precision"": 1.0, ""delta_edge_recall"": 1.0, ""delta_edge_f1"": 1.0, ""delta_topology_score"": 0.7}","{""class_match"": 1.0, ""properties"": 0.5}","{""per_pair"": [0.9597184300044257], ""n_gt"": 1, ""n_matched"": 1}",5.33
WAL-UPD-TOP-R-004,update,topological,0.9465902824220949,1.0,0.4714285714285714,0.8060062846168887,spec,True,2Nq3EKEYP8kfBFwGBhtRhO,1,1,,0.5649666858371347,"{""delta_node_precision"": 1.0, ""delta_node_recall"": 1.0, ""delta_node_f1"": 1.0, ""delta_edge_precision"": 0.0, ""delta_edge_recall"": 0.0, ""delta_edge_f1"": 0.0, ""delta_topology_score"": 0.3}","{""class_match"": 1.0, ""properties"": 1.0}","{""per_pair"": [0.9465902824220949], ""n_gt"": 1, ""n_matched"": 1}",5.26
WIN-CRE-DIR-A-001,create,direct,0.0,0.0,0.0,0.0,diff,False,,1,0,,0.01190288388170302,"{""delta_node_precision"": 0.0, ""delta_node_recall"": 0.0, ""delta_node_f1"": 0.0, ""delta_edge_precision"": 0.0, ""delta_edge_recall"": 0.0, ""delta_edge_f1"": 0.0, ""delta_topology_score"": 0.0}","{""class_match"": 0.0, ""properties"": 0.0}","{""per_pair"": [0.0], ""n_gt"": 1, ""n_matched"": 0}",0.14
WIN-CRE-DIR-R-001,create,direct,0.0,0.0,0.0,0.0,diff,False,,1,0,,25.159847333095968,"{""delta_node_precision"": 0.0, ""delta_node_recall"": 0.0, ""delta_node_f1"": 0.0, ""delta_edge_precision"": 0.0, ""delta_edge_recall"": 0.0, ""delta_edge_f1"": 0.0, ""delta_topology_score"": 0.0}","{""class_match"": 0.0, ""properties"": 0.0}","{""per_pair"": [0.0], ""n_gt"": 1, ""n_matched"": 0}",161.25
WIN-CRE-SPA-A-001,create,spatial,0.0,0.0,0.0,0.0,diff,False,,1,0,,0.00942737702280283,"{""delta_node_precision"": 0.0, ""delta_node_recall"": 0.0, ""delta_node_f1"": 0.0, ""delta_edge_precision"": 0.0, ""delta_edge_recall"": 0.0, ""delta_edge_f1"": 0.0, ""delta_topology_score"": 0.0}","{""class_match"": 0.0, ""properties"": 0.0}","{""per_pair"": [0.0], ""n_gt"": 1, ""n_matched"": 0}",0.14
WIN-CRE-SPA-R-001,create,spatial,0.0,0.0,0.0,0.0,diff,False,,1,0,,11.892770826118067,"{""delta_node_precision"": 0.0, ""delta_node_recall"": 0.0, ""delta_node_f1"": 0.0, ""delta_edge_precision"": 0.0, ""delta_edge_recall"": 0.0, ""delta_edge_f1"": 0.0, ""delta_topology_score"": 0.0}","{""class_match"": 0.0, ""properties"": 0.0}","{""per_pair"": [0.0], ""n_gt"": 1, ""n_matched"": 0}",161.25
WIN-CRE-TOP-A-001,create,topological,0.0,0.0,0.0,0.0,diff,False,,1,0,,0.009343764977529645,"{""delta_node_precision"": 0.0, ""delta_node_recall"": 0.0, ""delta_node_f1"": 0.0, ""delta_edge_precision"": 0.0, ""delta_edge_recall"": 0.0, ""delta_edge_f1"": 0.0, ""delta_topology_score"": 0.0}","{""class_match"": 0.0, ""properties"": 0.0}","{""per_pair"": [0.0], ""n_gt"": 1, ""n_matched"": 0}",0.14
WIN-CRE-TOP-R-001,create,topological,0.0,0.0,0.0,0.0,diff,False,,1,0,,13.385942476103082,"{""delta_node_precision"": 0.0, ""delta_node_recall"": 0.0, ""delta_node_f1"": 0.0, ""delta_edge_precision"": 0.0, ""delta_edge_recall"": 0.0, ""delta_edge_f1"": 0.0, ""delta_topology_score"": 0.0}","{""class_match"": 0.0, ""properties"": 0.0}","{""per_pair"": [0.0], ""n_gt"": 1, ""n_matched"": 0}",161.25
WIN-DEL-DIR-A-001,delete,direct,1.0,0.0,0.8725417439703155,0.6241805813234386,spec,True,,1,1,,0.03702951082959771,"{""delta_node_precision"": 1.0, ""delta_node_recall"": 1.0, ""delta_node_f1"": 1.0, ""delta_edge_precision"": 1.0, ""delta_edge_recall"": 0.5714285714285714, ""delta_edge_f1"": 0.7272727272727273, ""delta_topology_score"": 0.8090909090909091}","{""class_match"": 0.0, ""properties"": 0.0}","{""per_pair"": [1.0], ""n_gt"": 1, ""n_matched"": 1}",0.15
WIN-DEL-DIR-A-002,delete,direct,1.0,0.0,1.0,0.6666666666666666,spec,True,,1,1,,0.048972056014463305,"{""delta_node_precision"": 1.0, ""delta_node_recall"": 1.0, ""delta_node_f1"": 1.0, ""delta_edge_precision"": 1.0, ""delta_edge_recall"": 1.0, ""delta_edge_f1"": 1.0, ""delta_topology_score"": 1.0}","{""class_match"": 0.0, ""properties"": 0.0}","{""per_pair"": [1.0], ""n_gt"": 1, ""n_matched"": 1}",0.24
WIN-DEL-DIR-R-001,delete,direct,0.0,1.0,0.0,0.3333333333333333,spec,False,,1,0,,16.104716141941026,"{""delta_node_precision"": 0.0, ""delta_node_recall"": 0.0, ""delta_node_f1"": 0.0, ""delta_edge_precision"": 0.0, ""delta_edge_recall"": 0.0, ""delta_edge_f1"": 0.0, ""delta_topology_score"": 0.0}","{""class_match"": 1.0, ""properties"": 1.0}","{""per_pair"": [0.0], ""n_gt"": 1, ""n_matched"": 0}",161.43
WIN-DEL-DIR-R-002,delete,direct,1.0,0.0,1.0,0.6666666666666666,spec,True,,1,1,,1.2072439659386873,"{""delta_node_precision"": 1.0, ""delta_node_recall"": 1.0, ""delta_node_f1"": 1.0, ""delta_edge_precision"": 1.0, ""delta_edge_recall"": 1.0, ""delta_edge_f1"": 1.0, ""delta_topology_score"": 1.0}","{""class_match"": 0.0, ""properties"": 0.0}","{""per_pair"": [1.0], ""n_gt"": 1, ""n_matched"": 1}",5.33
WIN-DEL-SPA-A-001,delete,spatial,1.0,0.0,0.8725417439703155,0.6241805813234386,spec,True,,1,1,,0.01145266112871468,"{""delta_node_precision"": 1.0, ""delta_node_recall"": 1.0, ""delta_node_f1"": 1.0, ""delta_edge_precision"": 1.0, ""delta_edge_recall"": 0.5714285714285714, ""delta_edge_f1"": 0.7272727272727273, ""delta_topology_score"": 0.8090909090909091}","{""class_match"": 0.0, ""properties"": 0.0}","{""per_pair"": [1.0], ""n_gt"": 1, ""n_matched"": 1}",0.15
WIN-DEL-SPA-A-002,delete,spatial,0.0,1.0,0.0,0.3333333333333333,spec,False,,1,0,,0.024893437046557665,"{""delta_node_precision"": 0.0, ""delta_node_recall"": 0.0, ""delta_node_f1"": 0.0, ""delta_edge_precision"": 0.0, ""delta_edge_recall"": 0.0, ""delta_edge_f1"": 0.0, ""delta_topology_score"": 0.0}","{""class_match"": 1.0, ""properties"": 1.0}","{""per_pair"": [0.0], ""n_gt"": 1, ""n_matched"": 0}",0.24
WIN-DEL-SPA-R-001,delete,spatial,1.0,0.0,0.8596825396825397,0.6198941798941799,spec,True,,1,1,,15.482792828930542,"{""delta_node_precision"": 1.0, ""delta_node_recall"": 0.6666666666666666, ""delta_node_f1"": 0.8, ""delta_edge_precision"": 1.0, ""delta_edge_recall"": 0.8, ""delta_edge_f1"": 0.888888888888889, ""delta_topology_score"": 0.8622222222222222}","{""class_match"": 0.0, ""properties"": 0.0}","{""per_pair"": [1.0], ""n_gt"": 1, ""n_matched"": 1}",161.43
WIN-DEL-SPA-R-002,delete,spatial,0.0,1.0,0.0,0.3333333333333333,spec,False,,1,0,,0.644625284941867,"{""delta_node_precision"": 0.0, ""delta_node_recall"": 0.0, ""delta_node_f1"": 0.0, ""delta_edge_precision"": 0.0, ""delta_edge_recall"": 0.0, ""delta_edge_f1"": 0.0, ""delta_topology_score"": 0.0}","{""class_match"": 1.0, ""properties"": 1.0}","{""per_pair"": [0.0], ""n_gt"": 1, ""n_matched"": 0}",5.33
WIN-DEL-TOP-A-001,delete,topological,1.0,0.0,0.8725417439703155,0.6241805813234386,spec,True,,1,1,,0.010182576952502131,"{""delta_node_precision"": 1.0, ""delta_node_recall"": 1.0, ""delta_node_f1"": 1.0, ""delta_edge_precision"": 1.0, ""delta_edge_recall"": 0.5714285714285714, ""delta_edge_f1"": 0.7272727272727273, ""delta_topology_score"": 0.8090909090909091}","{""class_match"": 0.0, ""properties"": 0.0}","{""per_pair"": [1.0], ""n_gt"": 1, ""n_matched"": 1}",0.15
WIN-DEL-TOP-A-002,delete,topological,1.0,0.0,0.5952380952380951,0.5317460317460317,spec,True,,1,1,,0.015153676038607955,"{""delta_node_precision"": 0.3333333333333333, ""delta_node_recall"": 1.0, ""delta_node_f1"": 0.5, ""delta_edge_precision"": 0.3333333333333333, ""delta_edge_recall"": 1.0, ""delta_edge_f1"": 0.5, ""delta_topology_score"": 0.5}","{""class_match"": 0.0, ""properties"": 0.0}","{""per_pair"": [1.0], ""n_gt"": 1, ""n_matched"": 1}",0.24
WIN-DEL-TOP-R-001,delete,topological,1.0,0.0,0.8596825396825397,0.6198941798941799,spec,True,,1,1,,16.14579419605434,"{""delta_node_precision"": 1.0, ""delta_node_recall"": 0.6666666666666666, ""delta_node_f1"": 0.8, ""delta_edge_precision"": 1.0, ""delta_edge_recall"": 0.8, ""delta_edge_f1"": 0.888888888888889, ""delta_topology_score"": 0.8622222222222222}","{""class_match"": 0.0, ""properties"": 0.0}","{""per_pair"": [1.0], ""n_gt"": 1, ""n_matched"": 1}",161.43
WIN-DEL-TOP-R-002,delete,topological,0.0,1.0,0.0,0.3333333333333333,spec,False,,1,0,,0.6411971191409975,"{""delta_node_precision"": 0.0, ""delta_node_recall"": 0.0, ""delta_node_f1"": 0.0, ""delta_edge_precision"": 0.0, ""delta_edge_recall"": 0.0, ""delta_edge_f1"": 0.0, ""delta_topology_score"": 0.0}","{""class_match"": 1.0, ""properties"": 1.0}","{""per_pair"": [0.0], ""n_gt"": 1, ""n_matched"": 0}",5.33
WIN-UPD-DIR-A-001,update,direct,0.0,0.0,0.0,0.0,spec,False,,1,0,,0.15589238004758954,"{""delta_node_precision"": 0.0, ""delta_node_recall"": 0.0, ""delta_node_f1"": 0.0, ""delta_edge_precision"": 0.0, ""delta_edge_recall"": 0.0, ""delta_edge_f1"": 0.0, ""delta_topology_score"": 0.0}","{""class_match"": 0.0, ""properties"": 0.0}","{""per_pair"": [0.0], ""n_gt"": 1, ""n_matched"": 0}",0.45
WIN-UPD-DIR-A-002,update,direct,1.0,1.0,1.0,1.0,spec,True,0okaGdY4n1xulccRQajpyj,1,1,,0.053886529058218,"{""delta_node_precision"": 1.0, ""delta_node_recall"": 1.0, ""delta_node_f1"": 1.0, ""delta_edge_precision"": 1.0, ""delta_edge_recall"": 1.0, ""delta_edge_f1"": 1.0, ""delta_topology_score"": 1.0}","{""class_match"": 1.0, ""properties"": 1.0}","{""per_pair"": [1.0], ""n_gt"": 1, ""n_matched"": 1}",0.15
WIN-UPD-DIR-A-003,update,direct,0.9573368998403592,0.7222222222222222,0.5285714285714286,0.7360435168780034,spec,True,00Q96FYDLC7A$JCmG1v0oW,1,1,,0.08265800308436155,"{""delta_node_precision"": 0.0, ""delta_node_recall"": 0.0, ""delta_node_f1"": 0.0, ""delta_edge_precision"": 1.0, ""delta_edge_recall"": 1.0, ""delta_edge_f1"": 1.0, ""delta_topology_score"": 0.7}","{""class_match"": 1.0, ""properties"": 0.4444444444444444}","{""per_pair"": [0.9573368998403592], ""n_gt"": 1, ""n_matched"": 1}",0.23
WIN-UPD-DIR-R-001,update,direct,0.0,0.0,0.0,0.0,spec,False,,1,0,,3.8032648698426783,"{""delta_node_precision"": 0.0, ""delta_node_recall"": 0.0, ""delta_node_f1"": 0.0, ""delta_edge_precision"": 0.0, ""delta_edge_recall"": 0.0, ""delta_edge_f1"": 0.0, ""delta_topology_score"": 0.0}","{""class_match"": 0.0, ""properties"": 0.0}","{""per_pair"": [0.0], ""n_gt"": 1, ""n_matched"": 0}",16.1
WIN-UPD-DIR-R-002,update,direct,0.7467425032093806,1.0,0.0,0.5822475010697935,spec,True,3nIe_FFgf4Vg9OnX4KtvkQ,1,1,,45.098340748110786,"{""delta_node_precision"": 0.0, ""delta_node_recall"": 0.0, ""delta_node_f1"": 0.0, ""delta_edge_precision"": 0.0, ""delta_edge_recall"": 0.0, ""delta_edge_f1"": 0.0, ""delta_topology_score"": 0.0}","{""class_match"": 1.0, ""properties"": 1.0}","{""per_pair"": [0.7467425032093806], ""n_gt"": 1, ""n_matched"": 1}",161.43
WIN-UPD-DIR-R-003,update,direct,0.9585829075409844,0.6875,0.5285714285714286,0.7248847787041376,spec,True,2JsRSBbh53LeGcXsUnFg8G,1,1,,1.3828887201379985,"{""delta_node_precision"": 0.0, ""delta_node_recall"": 0.0, ""delta_node_f1"": 0.0, ""delta_edge_precision"": 1.0, ""delta_edge_recall"": 1.0, ""delta_edge_f1"": 1.0, ""delta_topology_score"": 0.7}","{""class_match"": 1.0, ""properties"": 0.375}","{""per_pair"": [0.9585829075409844], ""n_gt"": 1, ""n_matched"": 1}",5.33
WIN-UPD-SPA-A-001,update,spatial,0.0,0.0,0.0,0.0,spec,False,,1,0,,0.0687466801609844,"{""delta_node_precision"": 0.0, ""delta_node_recall"": 0.0, ""delta_node_f1"": 0.0, ""delta_edge_precision"": 0.0, ""delta_edge_recall"": 0.0, ""delta_edge_f1"": 0.0, ""delta_topology_score"": 0.0}","{""class_match"": 0.0, ""properties"": 0.0}","{""per_pair"": [0.0], ""n_gt"": 1, ""n_matched"": 0}",0.45
WIN-UPD-SPA-A-002,update,spatial,0.0,0.0,0.0,0.0,spec,False,,1,0,,0.043210247065871954,"{""delta_node_precision"": 0.0, ""delta_node_recall"": 0.0, ""delta_node_f1"": 0.0, ""delta_edge_precision"": 0.0, ""delta_edge_recall"": 0.0, ""delta_edge_f1"": 0.0, ""delta_topology_score"": 0.0}","{""class_match"": 0.0, ""properties"": 0.0}","{""per_pair"": [0.0], ""n_gt"": 1, ""n_matched"": 0}",0.15
WIN-UPD-SPA-A-003,update,spatial,0.9573368998403592,0.7222222222222222,0.5285714285714286,0.7360435168780034,spec,True,00Q96FYDLC7A$JCmG1v0oW,1,1,,0.05224246997386217,"{""delta_node_precision"": 0.0, ""delta_node_recall"": 0.0, ""delta_node_f1"": 0.0, ""delta_edge_precision"": 1.0, ""delta_edge_recall"": 1.0, ""delta_edge_f1"": 1.0, ""delta_topology_score"": 0.7}","{""class_match"": 1.0, ""properties"": 0.4444444444444444}","{""per_pair"": [0.9573368998403592], ""n_gt"": 1, ""n_matched"": 1}",0.23
WIN-UPD-SPA-R-001,update,spatial,0.0,0.0,0.0,0.0,spec,False,,1,0,,1.5540666428860277,"{""delta_node_precision"": 0.0, ""delta_node_recall"": 0.0, ""delta_node_f1"": 0.0, ""delta_edge_precision"": 0.0, ""delta_edge_recall"": 0.0, ""delta_edge_f1"": 0.0, ""delta_topology_score"": 0.0}","{""class_match"": 0.0, ""properties"": 0.0}","{""per_pair"": [0.0], ""n_gt"": 1, ""n_matched"": 0}",16.1
WIN-UPD-SPA-R-002,update,spatial,0.7467425032093806,1.0,0.0,0.5822475010697935,spec,True,3nIe_FFgf4Vg9OnX4KtvkQ,1,1,,16.948146898997948,"{""delta_node_precision"": 0.0, ""delta_node_recall"": 0.0, ""delta_node_f1"": 0.0, ""delta_edge_precision"": 0.0, ""delta_edge_recall"": 0.0, ""delta_edge_f1"": 0.0, ""delta_topology_score"": 0.0}","{""class_match"": 1.0, ""properties"": 1.0}","{""per_pair"": [0.7467425032093806], ""n_gt"": 1, ""n_matched"": 1}",161.43
WIN-UPD-SPA-R-003,update,spatial,0.9585829075409844,0.6875,0.5285714285714286,0.7248847787041376,spec,True,2JsRSBbh53LeGcXsUnFg8G,1,1,,0.7634934498928487,"{""delta_node_precision"": 0.0, ""delta_node_recall"": 0.0, ""delta_node_f1"": 0.0, ""delta_edge_precision"": 1.0, ""delta_edge_recall"": 1.0, ""delta_edge_f1"": 1.0, ""delta_topology_score"": 0.7}","{""class_match"": 1.0, ""properties"": 0.375}","{""per_pair"": [0.9585829075409844], ""n_gt"": 1, ""n_matched"": 1}",5.33
WIN-UPD-TOP-A-001,update,topological,0.0,0.0,0.0,0.0,spec,False,,1,0,,0.06605737283825874,"{""delta_node_precision"": 0.0, ""delta_node_recall"": 0.0, ""delta_node_f1"": 0.0, ""delta_edge_precision"": 0.0, ""delta_edge_recall"": 0.0, ""delta_edge_f1"": 0.0, ""delta_topology_score"": 0.0}","{""class_match"": 0.0, ""properties"": 0.0}","{""per_pair"": [0.0], ""n_gt"": 1, ""n_matched"": 0}",0.45
WIN-UPD-TOP-A-002,update,topological,0.0,0.0,0.0,0.0,spec,False,,1,0,,0.04360476299189031,"{""delta_node_precision"": 0.0, ""delta_node_recall"": 0.0, ""delta_node_f1"": 0.0, ""delta_edge_precision"": 0.0, ""delta_edge_recall"": 0.0, ""delta_edge_f1"": 0.0, ""delta_topology_score"": 0.0}","{""class_match"": 0.0, ""properties"": 0.0}","{""per_pair"": [0.0], ""n_gt"": 1, ""n_matched"": 0}",0.15
WIN-UPD-TOP-A-003,update,topological,0.9573368998403592,0.7222222222222222,0.5285714285714286,0.7360435168780034,spec,True,00Q96FYDLC7A$JCmG1v0oW,1,1,,0.05345582612790167,"{""delta_node_precision"": 0.0, ""delta_node_recall"": 0.0, ""delta_node_f1"": 0.0, ""delta_edge_precision"": 1.0, ""delta_edge_recall"": 1.0, ""delta_edge_f1"": 1.0, ""delta_topology_score"": 0.7}","{""class_match"": 1.0, ""properties"": 0.4444444444444444}","{""per_pair"": [0.9573368998403592], ""n_gt"": 1, ""n_matched"": 1}",0.23
WIN-UPD-TOP-R-001,update,topological,0.0,0.0,0.0,0.0,spec,False,,1,0,,1.6166856789495796,"{""delta_node_precision"": 0.0, ""delta_node_recall"": 0.0, ""delta_node_f1"": 0.0, ""delta_edge_precision"": 0.0, ""delta_edge_recall"": 0.0, ""delta_edge_f1"": 0.0, ""delta_topology_score"": 0.0}","{""class_match"": 0.0, ""properties"": 0.0}","{""per_pair"": [0.0], ""n_gt"": 1, ""n_matched"": 0}",16.1
WIN-UPD-TOP-R-002,update,topological,0.7467425032093806,1.0,0.0,0.5822475010697935,spec,True,3nIe_FFgf4Vg9OnX4KtvkQ,1,1,,17.39374904613942,"{""delta_node_precision"": 0.0, ""delta_node_recall"": 0.0, ""delta_node_f1"": 0.0, ""delta_edge_precision"": 0.0, ""delta_edge_recall"": 0.0, ""delta_edge_f1"": 0.0, ""delta_topology_score"": 0.0}","{""class_match"": 1.0, ""properties"": 1.0}","{""per_pair"": [0.7467425032093806], ""n_gt"": 1, ""n_matched"": 1}",161.43
WIN-UPD-TOP-R-003,update,topological,0.9585829075409844,0.6875,0.0,0.5486943025136615,spec,True,2JsRSBbh53LeGcXsUnFg8G,1,1,,0.7595891549717635,"{""delta_node_precision"": 0.0, ""delta_node_recall"": 0.0, ""delta_node_f1"": 0.0, ""delta_edge_precision"": 0.0, ""delta_edge_recall"": 0.0, ""delta_edge_f1"": 0.0, ""delta_topology_score"": 0.0}","{""class_match"": 1.0, ""properties"": 0.375}","{""per_pair"": [0.9585829075409844], ""n_gt"": 1, ""n_matched"": 1}",5.33
